Unnamed: 0;iso_code;continent;location;date;total_cases;new_cases;new_cases_smoothed;total_deaths;new_deaths;new_deaths_smoothed;total_cases_per_million;new_cases_per_million;new_cases_smoothed_per_million;total_deaths_per_million;new_deaths_per_million;new_deaths_smoothed_per_million;icu_patients;icu_patients_per_million;hosp_patients;hosp_patients_per_million;weekly_icu_admissions;weekly_icu_admissions_per_million;weekly_hosp_admissions;weekly_hosp_admissions_per_million;total_tests;new_tests;total_tests_per_thousand;new_tests_per_thousand;new_tests_smoothed;new_tests_smoothed_per_thousand;tests_per_case;positive_rate;tests_units;stringency_index;population;population_density;median_age;aged_65_older;aged_70_older;gdp_per_capita;extreme_poverty;cardiovasc_death_rate;diabetes_prevalence;female_smokers;male_smokers;handwashing_facilities;hospital_beds_per_thousand;life_expectancy;human_development_index
18797;DEU;Europe;Germany;2019-12-31;;0,0;;;0,0;;;0,0;;;0,0;;;;;;;;;;;;;;;;;;;;83783945,0;237,016;46,6;21,453000000000007;15,957;45229,245;;156,139;8,31;28,2;33,1;;8,0;81,33;0,9359999999999999
18798;DEU;Europe;Germany;2020-01-01;;0,0;;;0,0;;;0,0;;;0,0;;;;;;;;;;;;;;;;;;;0,0;83783945,0;237,016;46,6;21,453000000000007;15,957;45229,245;;156,139;8,31;28,2;33,1;;8,0;81,33;0,9359999999999999
18799;DEU;Europe;Germany;2020-01-02;;0,0;;;0,0;;;0,0;;;0,0;;;;;;;;;;;;;;;;;;;0,0;83783945,0;237,016;46,6;21,453000000000007;15,957;45229,245;;156,139;8,31;28,2;33,1;;8,0;81,33;0,9359999999999999
18800;DEU;Europe;Germany;2020-01-03;;0,0;;;0,0;;;0,0;;;0,0;;;;;;;;;;;;;;;;;;;0,0;83783945,0;237,016;46,6;21,453000000000007;15,957;45229,245;;156,139;8,31;28,2;33,1;;8,0;81,33;0,9359999999999999
18801;DEU;Europe;Germany;2020-01-04;;0,0;;;0,0;;;0,0;;;0,0;;;;;;;;;;;;;;;;;;;0,0;83783945,0;237,016;46,6;21,453000000000007;15,957;45229,245;;156,139;8,31;28,2;33,1;;8,0;81,33;0,9359999999999999
18802;DEU;Europe;Germany;2020-01-05;;0,0;;;0,0;;;0,0;;;0,0;;;;;;;;;;;;;;;;;;;0,0;83783945,0;237,016;46,6;21,453000000000007;15,957;45229,245;;156,139;8,31;28,2;33,1;;8,0;81,33;0,9359999999999999
18803;DEU;Europe;Germany;2020-01-06;;0,0;0,0;;0,0;0,0;;0,0;0,0;;0,0;0,0;;;;;;;;;;;;;;;;;;0,0;83783945,0;237,016;46,6;21,453000000000007;15,957;45229,245;;156,139;8,31;28,2;33,1;;8,0;81,33;0,9359999999999999
18804;DEU;Europe;Germany;2020-01-07;;0,0;0,0;;0,0;0,0;;0,0;0,0;;0,0;0,0;;;;;;;;;;;;;;;;;;0,0;83783945,0;237,016;46,6;21,453000000000007;15,957;45229,245;;156,139;8,31;28,2;33,1;;8,0;81,33;0,9359999999999999
18805;DEU;Europe;Germany;2020-01-08;;0,0;0,0;;0,0;0,0;;0,0;0,0;;0,0;0,0;;;;;;;;;;;;;;;;;;0,0;83783945,0;237,016;46,6;21,453000000000007;15,957;45229,245;;156,139;8,31;28,2;33,1;;8,0;81,33;0,9359999999999999
18806;DEU;Europe;Germany;2020-01-09;;0,0;0,0;;0,0;0,0;;0,0;0,0;;0,0;0,0;;;;;;;;;;;;;;;;;;0,0;83783945,0;237,016;46,6;21,453000000000007;15,957;45229,245;;156,139;8,31;28,2;33,1;;8,0;81,33;0,9359999999999999
18807;DEU;Europe;Germany;2020-01-10;;0,0;0,0;;0,0;0,0;;0,0;0,0;;0,0;0,0;;;;;;;;;;;;;;;;;;0,0;83783945,0;237,016;46,6;21,453000000000007;15,957;45229,245;;156,139;8,31;28,2;33,1;;8,0;81,33;0,9359999999999999
18808;DEU;Europe;Germany;2020-01-11;;0,0;0,0;;0,0;0,0;;0,0;0,0;;0,0;0,0;;;;;;;;;;;;;;;;;;0,0;83783945,0;237,016;46,6;21,453000000000007;15,957;45229,245;;156,139;8,31;28,2;33,1;;8,0;81,33;0,9359999999999999
18809;DEU;Europe;Germany;2020-01-12;;0,0;0,0;;0,0;0,0;;0,0;0,0;;0,0;0,0;;;;;;;;;;;;;;;;;;0,0;83783945,0;237,016;46,6;21,453000000000007;15,957;45229,245;;156,139;8,31;28,2;33,1;;8,0;81,33;0,9359999999999999
18810;DEU;Europe;Germany;2020-01-13;;0,0;0,0;;0,0;0,0;;0,0;0,0;;0,0;0,0;;;;;;;;;;;;;;;;;;0,0;83783945,0;237,016;46,6;21,453000000000007;15,957;45229,245;;156,139;8,31;28,2;33,1;;8,0;81,33;0,9359999999999999
18811;DEU;Europe;Germany;2020-01-14;;0,0;0,0;;0,0;0,0;;0,0;0,0;;0,0;0,0;;;;;;;;;;;;;;;;;;0,0;83783945,0;237,016;46,6;21,453000000000007;15,957;45229,245;;156,139;8,31;28,2;33,1;;8,0;81,33;0,9359999999999999
18812;DEU;Europe;Germany;2020-01-15;;0,0;0,0;;0,0;0,0;;0,0;0,0;;0,0;0,0;;;;;;;;;;;;;;;;;;0,0;83783945,0;237,016;46,6;21,453000000000007;15,957;45229,245;;156,139;8,31;28,2;33,1;;8,0;81,33;0,9359999999999999
18813;DEU;Europe;Germany;2020-01-16;;0,0;0,0;;0,0;0,0;;0,0;0,0;;0,0;0,0;;;;;;;;;;;;;;;;;;0,0;83783945,0;237,016;46,6;21,453000000000007;15,957;45229,245;;156,139;8,31;28,2;33,1;;8,0;81,33;0,9359999999999999
18814;DEU;Europe;Germany;2020-01-17;;0,0;0,0;;0,0;0,0;;0,0;0,0;;0,0;0,0;;;;;;;;;;;;;;;;;;0,0;83783945,0;237,016;46,6;21,453000000000007;15,957;45229,245;;156,139;8,31;28,2;33,1;;8,0;81,33;0,9359999999999999
18815;DEU;Europe;Germany;2020-01-18;;0,0;0,0;;0,0;0,0;;0,0;0,0;;0,0;0,0;;;;;;;;;;;;;;;;;;0,0;83783945,0;237,016;46,6;21,453000000000007;15,957;45229,245;;156,139;8,31;28,2;33,1;;8,0;81,33;0,9359999999999999
18816;DEU;Europe;Germany;2020-01-19;;0,0;0,0;;0,0;0,0;;0,0;0,0;;0,0;0,0;;;;;;;;;;;;;;;;;;0,0;83783945,0;237,016;46,6;21,453000000000007;15,957;45229,245;;156,139;8,31;28,2;33,1;;8,0;81,33;0,9359999999999999
18817;DEU;Europe;Germany;2020-01-20;;0,0;0,0;;0,0;0,0;;0,0;0,0;;0,0;0,0;;;;;;;;;;;;;;;;;;0,0;83783945,0;237,016;46,6;21,453000000000007;15,957;45229,245;;156,139;8,31;28,2;33,1;;8,0;81,33;0,9359999999999999
18818;DEU;Europe;Germany;2020-01-21;;0,0;0,0;;0,0;0,0;;0,0;0,0;;0,0;0,0;;;;;;;;;;;;;;;;;;0,0;83783945,0;237,016;46,6;21,453000000000007;15,957;45229,245;;156,139;8,31;28,2;33,1;;8,0;81,33;0,9359999999999999
18819;DEU;Europe;Germany;2020-01-22;;0,0;0,0;;0,0;0,0;;0,0;0,0;;0,0;0,0;;;;;;;;;;;;;;;;;;0,0;83783945,0;237,016;46,6;21,453000000000007;15,957;45229,245;;156,139;8,31;28,2;33,1;;8,0;81,33;0,9359999999999999
18820;DEU;Europe;Germany;2020-01-23;;0,0;0,0;;0,0;0,0;;0,0;0,0;;0,0;0,0;;;;;;;;;;;;;;;;;;0,0;83783945,0;237,016;46,6;21,453000000000007;15,957;45229,245;;156,139;8,31;28,2;33,1;;8,0;81,33;0,9359999999999999
18821;DEU;Europe;Germany;2020-01-24;;0,0;0,0;;0,0;0,0;;0,0;0,0;;0,0;0,0;;;;;;;;;;;;;;;;;;5,56;83783945,0;237,016;46,6;21,453000000000007;15,957;45229,245;;156,139;8,31;28,2;33,1;;8,0;81,33;0,9359999999999999
18822;DEU;Europe;Germany;2020-01-25;;0,0;0,0;;0,0;0,0;;0,0;0,0;;0,0;0,0;;;;;;;;;;;;;;;;;;5,56;83783945,0;237,016;46,6;21,453000000000007;15,957;45229,245;;156,139;8,31;28,2;33,1;;8,0;81,33;0,9359999999999999
18823;DEU;Europe;Germany;2020-01-26;;0,0;0,0;;0,0;0,0;;0,0;0,0;;0,0;0,0;;;;;;;;;;;;;;;;;;5,56;83783945,0;237,016;46,6;21,453000000000007;15,957;45229,245;;156,139;8,31;28,2;33,1;;8,0;81,33;0,9359999999999999
18824;DEU;Europe;Germany;2020-01-27;;0,0;0,0;;0,0;0,0;;0,0;0,0;;0,0;0,0;;;;;;;;;;;;;;;;;;5,56;83783945,0;237,016;46,6;21,453000000000007;15,957;45229,245;;156,139;8,31;28,2;33,1;;8,0;81,33;0,9359999999999999
18825;DEU;Europe;Germany;2020-01-28;1,0;1,0;0,14300000000000002;;0,0;0,0;0,012;0,012;0,002;;0,0;0,0;;;;;;;;;;;;;;;;;;5,56;83783945,0;237,016;46,6;21,453000000000007;15,957;45229,245;;156,139;8,31;28,2;33,1;;8,0;81,33;0,9359999999999999
18826;DEU;Europe;Germany;2020-01-29;4,0;3,0;0,5710000000000001;;0,0;0,0;0,048;0,036000000000000004;0,006999999999999999;;0,0;0,0;;;;;;;;;;;;;;;;;;5,56;83783945,0;237,016;46,6;21,453000000000007;15,957;45229,245;;156,139;8,31;28,2;33,1;;8,0;81,33;0,9359999999999999
18827;DEU;Europe;Germany;2020-01-30;4,0;0,0;0,5710000000000001;;0,0;0,0;0,048;0,0;0,006999999999999999;;0,0;0,0;;;;;;;;;;;;;;;;;;5,56;83783945,0;237,016;46,6;21,453000000000007;15,957;45229,245;;156,139;8,31;28,2;33,1;;8,0;81,33;0,9359999999999999
18828;DEU;Europe;Germany;2020-01-31;5,0;1,0;0,7140000000000001;;0,0;0,0;0,06;0,012;0,009000000000000001;;0,0;0,0;;;;;;;;;;;;;;;;;;5,56;83783945,0;237,016;46,6;21,453000000000007;15,957;45229,245;;156,139;8,31;28,2;33,1;;8,0;81,33;0,9359999999999999
18829;DEU;Europe;Germany;2020-02-01;7,0;2,0;1,0;;0,0;0,0;0,084;0,024;0,012;;0,0;0,0;;;;;;;;;;;;;;;;;;5,56;83783945,0;237,016;46,6;21,453000000000007;15,957;45229,245;;156,139;8,31;28,2;33,1;;8,0;81,33;0,9359999999999999
18830;DEU;Europe;Germany;2020-02-02;8,0;1,0;1,143;;0,0;0,0;0,095;0,012;0,013999999999999999;;0,0;0,0;;;;;;;41,378;0,494;;;;;;;;;;5,56;83783945,0;237,016;46,6;21,453000000000007;15,957;45229,245;;156,139;8,31;28,2;33,1;;8,0;81,33;0,9359999999999999
18831;DEU;Europe;Germany;2020-02-03;9,0;1,0;1,286;;0,0;0,0;0,107;0,012;0,015;;0,0;0,0;;;;;;;;;;;;;;;;;;5,56;83783945,0;237,016;46,6;21,453000000000007;15,957;45229,245;;156,139;8,31;28,2;33,1;;8,0;81,33;0,9359999999999999
18832;DEU;Europe;Germany;2020-02-04;11,0;2,0;1,429;;0,0;0,0;0,131;0,024;0,017;;0,0;0,0;;;;;;;;;;;;;;;;;;5,56;83783945,0;237,016;46,6;21,453000000000007;15,957;45229,245;;156,139;8,31;28,2;33,1;;8,0;81,33;0,9359999999999999
18833;DEU;Europe;Germany;2020-02-05;11,0;0,0;1,0;;0,0;0,0;0,131;0,0;0,012;;0,0;0,0;;;;;;;;;;;;;;;;;;5,56;83783945,0;237,016;46,6;21,453000000000007;15,957;45229,245;;156,139;8,31;28,2;33,1;;8,0;81,33;0,9359999999999999
18834;DEU;Europe;Germany;2020-02-06;11,0;0,0;1,0;;0,0;0,0;0,131;0,0;0,012;;0,0;0,0;;;;;;;;;;;;;;;;;;5,56;83783945,0;237,016;46,6;21,453000000000007;15,957;45229,245;;156,139;8,31;28,2;33,1;;8,0;81,33;0,9359999999999999
18835;DEU;Europe;Germany;2020-02-07;12,0;1,0;1,0;;0,0;0,0;0,14300000000000002;0,012;0,012;;0,0;0,0;;;;;;;;;;;;;;;;;;5,56;83783945,0;237,016;46,6;21,453000000000007;15,957;45229,245;;156,139;8,31;28,2;33,1;;8,0;81,33;0,9359999999999999
18836;DEU;Europe;Germany;2020-02-08;13,0;1,0;0,857;;0,0;0,0;0,155;0,012;0,01;;0,0;0,0;;;;;;;;;;;;;;;;;;5,56;83783945,0;237,016;46,6;21,453000000000007;15,957;45229,245;;156,139;8,31;28,2;33,1;;8,0;81,33;0,9359999999999999
18837;DEU;Europe;Germany;2020-02-09;13,0;0,0;0,7140000000000001;;0,0;0,0;0,155;0,0;0,009000000000000001;;0,0;0,0;;;;;;;24,221;0,289;;;;;;;;;;5,56;83783945,0;237,016;46,6;21,453000000000007;15,957;45229,245;;156,139;8,31;28,2;33,1;;8,0;81,33;0,9359999999999999
18838;DEU;Europe;Germany;2020-02-10;13,0;0,0;0,5710000000000001;;0,0;0,0;0,155;0,0;0,006999999999999999;;0,0;0,0;;;;;;;;;;;;;;;;;;5,56;83783945,0;237,016;46,6;21,453000000000007;15,957;45229,245;;156,139;8,31;28,2;33,1;;8,0;81,33;0,9359999999999999
18839;DEU;Europe;Germany;2020-02-11;13,0;0,0;0,28600000000000003;;0,0;0,0;0,155;0,0;0,003;;0,0;0,0;;;;;;;;;;;;;;;;;;5,56;83783945,0;237,016;46,6;21,453000000000007;15,957;45229,245;;156,139;8,31;28,2;33,1;;8,0;81,33;0,9359999999999999
18840;DEU;Europe;Germany;2020-02-12;15,0;2,0;0,5710000000000001;;0,0;0,0;0,179;0,024;0,006999999999999999;;0,0;0,0;;;;;;;;;;;;;;;;;;11,11;83783945,0;237,016;46,6;21,453000000000007;15,957;45229,245;;156,139;8,31;28,2;33,1;;8,0;81,33;0,9359999999999999
18841;DEU;Europe;Germany;2020-02-13;15,0;0,0;0,5710000000000001;;0,0;0,0;0,179;0,0;0,006999999999999999;;0,0;0,0;;;;;;;;;;;;;;;;;;11,11;83783945,0;237,016;46,6;21,453000000000007;15,957;45229,245;;156,139;8,31;28,2;33,1;;8,0;81,33;0,9359999999999999
18842;DEU;Europe;Germany;2020-02-14;15,0;0,0;0,429;;0,0;0,0;0,179;0,0;0,005;;0,0;0,0;;;;;;;;;;;;;;;;;;11,11;83783945,0;237,016;46,6;21,453000000000007;15,957;45229,245;;156,139;8,31;28,2;33,1;;8,0;81,33;0,9359999999999999
18843;DEU;Europe;Germany;2020-02-15;15,0;0,0;0,28600000000000003;;0,0;0,0;0,179;0,0;0,003;;0,0;0,0;;;;;;;34,313;0,41;;;;;;;;;;11,11;83783945,0;237,016;46,6;21,453000000000007;15,957;45229,245;;156,139;8,31;28,2;33,1;;8,0;81,33;0,9359999999999999
18844;DEU;Europe;Germany;2020-02-16;15,0;0,0;0,28600000000000003;;0,0;0,0;0,179;0,0;0,003;;0,0;0,0;;;;;;;;;;;;;;;;;;11,11;83783945,0;237,016;46,6;21,453000000000007;15,957;45229,245;;156,139;8,31;28,2;33,1;;8,0;81,33;0,9359999999999999
18845;DEU;Europe;Germany;2020-02-17;15,0;0,0;0,28600000000000003;;0,0;0,0;0,179;0,0;0,003;;0,0;0,0;;;;;;;;;;;;;;;;;;11,11;83783945,0;237,016;46,6;21,453000000000007;15,957;45229,245;;156,139;8,31;28,2;33,1;;8,0;81,33;0,9359999999999999
18846;DEU;Europe;Germany;2020-02-18;15,0;0,0;0,28600000000000003;;0,0;0,0;0,179;0,0;0,003;;0,0;0,0;;;;;;;;;;;;;;;;;;11,11;83783945,0;237,016;46,6;21,453000000000007;15,957;45229,245;;156,139;8,31;28,2;33,1;;8,0;81,33;0,9359999999999999
18847;DEU;Europe;Germany;2020-02-19;15,0;0,0;0,0;;0,0;0,0;0,179;0,0;0,0;;0,0;0,0;;;;;;;;;;;;;;;;;;11,11;83783945,0;237,016;46,6;21,453000000000007;15,957;45229,245;;156,139;8,31;28,2;33,1;;8,0;81,33;0,9359999999999999
18848;DEU;Europe;Germany;2020-02-20;15,0;0,0;0,0;;0,0;0,0;0,179;0,0;0,0;;0,0;0,0;;;;;;;;;;;;;;;;;;11,11;83783945,0;237,016;46,6;21,453000000000007;15,957;45229,245;;156,139;8,31;28,2;33,1;;8,0;81,33;0,9359999999999999
18849;DEU;Europe;Germany;2020-02-21;15,0;0,0;0,0;;0,0;0,0;0,179;0,0;0,0;;0,0;0,0;;;;;;;;;;;;;;;;;;11,11;83783945,0;237,016;46,6;21,453000000000007;15,957;45229,245;;156,139;8,31;28,2;33,1;;8,0;81,33;0,9359999999999999
18850;DEU;Europe;Germany;2020-02-22;15,0;0,0;0,0;;0,0;0,0;0,179;0,0;0,0;;0,0;0,0;;;;;;;;;;;;;;;;;;11,11;83783945,0;237,016;46,6;21,453000000000007;15,957;45229,245;;156,139;8,31;28,2;33,1;;8,0;81,33;0,9359999999999999
18851;DEU;Europe;Germany;2020-02-23;15,0;0,0;0,0;;0,0;0,0;0,179;0,0;0,0;;0,0;0,0;;;;;;;55,507;0,662;;;;;;;;;;11,11;83783945,0;237,016;46,6;21,453000000000007;15,957;45229,245;;156,139;8,31;28,2;33,1;;8,0;81,33;0,9359999999999999
18852;DEU;Europe;Germany;2020-02-24;15,0;0,0;0,0;;0,0;0,0;0,179;0,0;0,0;;0,0;0,0;;;;;;;;;;;;;;;;;;11,11;83783945,0;237,016;46,6;21,453000000000007;15,957;45229,245;;156,139;8,31;28,2;33,1;;8,0;81,33;0,9359999999999999
18853;DEU;Europe;Germany;2020-02-25;15,0;0,0;0,0;;0,0;0,0;0,179;0,0;0,0;;0,0;0,0;;;;;;;;;;;;;;;;;;11,11;83783945,0;237,016;46,6;21,453000000000007;15,957;45229,245;;156,139;8,31;28,2;33,1;;8,0;81,33;0,9359999999999999
18854;DEU;Europe;Germany;2020-02-26;17,0;2,0;0,28600000000000003;;0,0;0,0;0,203;0,024;0,003;;0,0;0,0;;;;;;;;;;;;;;;;;;16,67;83783945,0;237,016;46,6;21,453000000000007;15,957;45229,245;;156,139;8,31;28,2;33,1;;8,0;81,33;0,9359999999999999
18855;DEU;Europe;Germany;2020-02-27;21,0;4,0;0,857;;0,0;0,0;0,251;0,048;0,01;;0,0;0,0;;;;;;;;;;;;;;;;;;16,67;83783945,0;237,016;46,6;21,453000000000007;15,957;45229,245;;156,139;8,31;28,2;33,1;;8,0;81,33;0,9359999999999999
18856;DEU;Europe;Germany;2020-02-28;47,0;26,0;4,5710000000000015;;0,0;0,0;0,561;0,31;0,055;;0,0;0,0;;;;;;;;;;;;;;;;;;19,44;83783945,0;237,016;46,6;21,453000000000007;15,957;45229,245;;156,139;8,31;28,2;33,1;;8,0;81,33;0,9359999999999999
18857;DEU;Europe;Germany;2020-02-29;57,0;10,0;6,0;;0,0;0,0;0,68;0,11900000000000001;0,07200000000000001;;0,0;0,0;;;;;;;;;;;;;;;;;;25,0;83783945,0;237,016;46,6;21,453000000000007;15,957;45229,245;;156,139;8,31;28,2;33,1;;8,0;81,33;0,9359999999999999
18858;DEU;Europe;Germany;2020-03-01;111,0;54,0;13,714;;0,0;0,0;1,325;0,645;0,16399999999999998;;0,0;0,0;;;;;;;177,62099999999995;2,12;;;;;;;;;;25,0;83783945,0;237,016;46,6;21,453000000000007;15,957;45229,245;;156,139;8,31;28,2;33,1;;8,0;81,33;0,9359999999999999
18859;DEU;Europe;Germany;2020-03-02;129,0;18,0;16,285999999999998;;0,0;0,0;1,54;0,215;0,19399999999999998;;0,0;0,0;;;;;;;;;;;;;;;;;;25,0;83783945,0;237,016;46,6;21,453000000000007;15,957;45229,245;;156,139;8,31;28,2;33,1;;8,0;81,33;0,9359999999999999
18860;DEU;Europe;Germany;2020-03-03;157,0;28,0;20,285999999999998;;0,0;0,0;1,874;0,33399999999999996;0,242;;0,0;0,0;;;;;;;;;;;;;;;;;;25,0;83783945,0;237,016;46,6;21,453000000000007;15,957;45229,245;;156,139;8,31;28,2;33,1;;8,0;81,33;0,9359999999999999
18861;DEU;Europe;Germany;2020-03-04;196,0;39,0;25,570999999999998;;0,0;0,0;2,339;0,465;0,305;;0,0;0,0;;;;;;;;;;;;;;;;;;25,0;83783945,0;237,016;46,6;21,453000000000007;15,957;45229,245;;156,139;8,31;28,2;33,1;;8,0;81,33;0,9359999999999999
18862;DEU;Europe;Germany;2020-03-05;262,0;66,0;34,429;;0,0;0,0;3,127;0,7879999999999999;0,41100000000000003;;0,0;0,0;;;;;;;;;;;;;;;;;;25,0;83783945,0;237,016;46,6;21,453000000000007;15,957;45229,245;;156,139;8,31;28,2;33,1;;8,0;81,33;0,9359999999999999
18863;DEU;Europe;Germany;2020-03-06;400,0;138,0;50,428999999999995;;0,0;0,0;4,774;1,6469999999999998;0,602;;0,0;0,0;;;;;;;;;;;;;;;;;;25,0;83783945,0;237,016;46,6;21,453000000000007;15,957;45229,245;;156,139;8,31;28,2;33,1;;8,0;81,33;0,9359999999999999
18864;DEU;Europe;Germany;2020-03-07;684,0;284,0;89,571;;0,0;0,0;8,164;3,39;1,069;;0,0;0,0;;;;;;;;;;;;;;;;;;25,0;83783945,0;237,016;46,6;21,453000000000007;15,957;45229,245;;156,139;8,31;28,2;33,1;;8,0;81,33;0,9359999999999999
18865;DEU;Europe;Germany;2020-03-08;847,0;163,0;105,14299999999999;;0,0;0,0;10,109;1,945;1,255;;0,0;0,0;;;;;;;332,031;3,963;147093,0;;1,756;;;;;;tests performed;25,0;83783945,0;237,016;46,6;21,453000000000007;15,957;45229,245;;156,139;8,31;28,2;33,1;;8,0;81,33;0,9359999999999999
18866;DEU;Europe;Germany;2020-03-09;902,0;55,0;110,429;;0,0;0,0;10,765999999999998;0,6559999999999999;1,318;;0,0;0,0;;;;;;;;;;;;;;;;;tests performed;28,7;83783945,0;237,016;46,6;21,453000000000007;15,957;45229,245;;156,139;8,31;28,2;33,1;;8,0;81,33;0,9359999999999999
18867;DEU;Europe;Germany;2020-03-10;1139,0;237,0;140,286;2,0;2,0;0,28600000000000003;13,594000000000001;2,8289999999999997;1,6740000000000002;0,024;0,024;0,003;;;;;;;;;;;;;;;;;tests performed;32,87;83783945,0;237,016;46,6;21,453000000000007;15,957;45229,245;;156,139;8,31;28,2;33,1;;8,0;81,33;0,9359999999999999
18868;DEU;Europe;Germany;2020-03-11;1296,0;157,0;157,143;2,0;0,0;0,28600000000000003;15,468;1,874;1,876;0,024;0,0;0,003;;;;;;;;;;;;;;;;;tests performed;32,87;83783945,0;237,016;46,6;21,453000000000007;15,957;45229,245;;156,139;8,31;28,2;33,1;;8,0;81,33;0,9359999999999999
18869;DEU;Europe;Germany;2020-03-12;1567,0;271,0;186,429;3,0;1,0;0,429;18,703;3,235;2,225;0,036000000000000004;0,012;0,005;;;;;;;;;;;;;;;;;tests performed;32,87;83783945,0;237,016;46,6;21,453000000000007;15,957;45229,245;;156,139;8,31;28,2;33,1;;8,0;81,33;0,9359999999999999
18870;DEU;Europe;Germany;2020-03-13;2369,0;802,0;281,286;5,0;2,0;0,7140000000000001;28,275;9,572000000000001;3,3569999999999998;0,06;0,024;0,009000000000000001;;;;;;;;;;;;;;;;;tests performed;32,87;83783945,0;237,016;46,6;21,453000000000007;15,957;45229,245;;156,139;8,31;28,2;33,1;;8,0;81,33;0,9359999999999999
18871;DEU;Europe;Germany;2020-03-14;3062,0;693,0;339,714;5,0;0,0;0,7140000000000001;36,546;8,271;4,055;0,06;0,0;0,009000000000000001;;;;;;;;;;;;;;;;;tests performed;32,87;83783945,0;237,016;46,6;21,453000000000007;15,957;45229,245;;156,139;8,31;28,2;33,1;;8,0;81,33;0,9359999999999999
18872;DEU;Europe;Germany;2020-03-15;3795,0;733,0;421,14300000000003;8,0;3,0;1,143;45,295;8,749;5,027;0,095;0,036000000000000004;0,013999999999999999;;;;;;;928,475;11,082;274550,0;;3,2769999999999997;;18208,0;0,217;43,235;0,023;tests performed;32,87;83783945,0;237,016;46,6;21,453000000000007;15,957;45229,245;;156,139;8,31;28,2;33,1;;8,0;81,33;0,9359999999999999
18873;DEU;Europe;Germany;2020-03-16;4838,0;1043,0;562,286;12,0;4,0;1,714;57,744;12,449000000000002;6,711;0,14300000000000002;0,048;0,02;;;;;;;;;;;;;22722,0;0,271;40,41;0,025;tests performed;42,13;83783945,0;237,016;46,6;21,453000000000007;15,957;45229,245;;156,139;8,31;28,2;33,1;;8,0;81,33;0,9359999999999999
18874;DEU;Europe;Germany;2020-03-17;6012,0;1174,0;696,143;13,0;1,0;1,571;71,756;14,012;8,309;0,155;0,012;0,019;;;;;;;;;;;;;27235,0;0,325;39,12300000000001;0,026;tests performed;42,13;83783945,0;237,016;46,6;21,453000000000007;15,957;45229,245;;156,139;8,31;28,2;33,1;;8,0;81,33;0,9359999999999999
18875;DEU;Europe;Germany;2020-03-18;7156,0;1144,0;837,143;13,0;0,0;1,571;85,41;13,654000000000002;9,992;0,155;0,0;0,019;;;;;;;;;;;;;31749,0;0,379;37,925;0,026;tests performed;52,31;83783945,0;237,016;46,6;21,453000000000007;15,957;45229,245;;156,139;8,31;28,2;33,1;;8,0;81,33;0,9359999999999999
18876;DEU;Europe;Germany;2020-03-19;8198,0;1042,0;947,2860000000001;13,0;0,0;1,429;97,84700000000001;12,437000000000001;11,306;0,155;0,0;0,017;;;;;;;;;;;;;36262,0;0,433;38,28;0,026;tests performed;55,09;83783945,0;237,016;46,6;21,453000000000007;15,957;45229,245;;156,139;8,31;28,2;33,1;;8,0;81,33;0,9359999999999999
18877;DEU;Europe;Germany;2020-03-20;14138,0;5940,0;1681,286;43,0;30,0;5,428999999999999;168,74400000000003;70,89699999999998;20,067;0,513;0,358;0,065;;;;;;;;;;;;;40776,0;0,48700000000000004;24,253;0,041;tests performed;57,87;83783945,0;237,016;46,6;21,453000000000007;15,957;45229,245;;156,139;8,31;28,2;33,1;;8,0;81,33;0,9359999999999999
18878;DEU;Europe;Germany;2020-03-21;18187,0;4049,0;2160,714;45,0;2,0;5,7139999999999995;217,07;48,327;25,789;0,537;0,024;0,068;;;;;;;;;;;;;45289,0;0,541;20,96;0,048;tests performed;68,06;83783945,0;237,016;46,6;21,453000000000007;15,957;45229,245;;156,139;8,31;28,2;33,1;;8,0;81,33;0,9359999999999999
18879;DEU;Europe;Germany;2020-03-22;21463,0;3276,0;2524,0;67,0;22,0;8,429;256,171;39,101;30,125;0,8;0,263;0,10099999999999999;;;;;;;2350,454;28,054;623169,0;;7,438;;49803,0;0,594;19,732;0,051;tests performed;76,85;83783945,0;237,016;46,6;21,453000000000007;15,957;45229,245;;156,139;8,31;28,2;33,1;;8,0;81,33;0,9359999999999999
18880;DEU;Europe;Germany;2020-03-23;24774,0;3311,0;2848,0;94,0;27,0;11,714;295,689;39,518;33,992;1,122;0,322;0,14;;;;;;;;;;;;;50066,0;0,598;17,579;0,057;tests performed;76,85;83783945,0;237,016;46,6;21,453000000000007;15,957;45229,245;;156,139;8,31;28,2;33,1;;8,0;81,33;0,9359999999999999
18881;DEU;Europe;Germany;2020-03-24;29212,0;4438,0;3314,2859999999996;126,0;32,0;16,143;348,659;52,97;39,558;1,504;0,382;0,193;;;;;;;;;;;;;50329,0;0,601;15,185;0,066;tests performed;76,85;83783945,0;237,016;46,6;21,453000000000007;15,957;45229,245;;156,139;8,31;28,2;33,1;;8,0;81,33;0,9359999999999999
18882;DEU;Europe;Germany;2020-03-25;31554,0;2342,0;3485,429;149,0;23,0;19,429000000000002;376,61199999999997;27,95300000000001;41,6;1,778;0,275;0,23199999999999998;;;;;;;;;;;;;50592,0;0,604;14,515;0,069;tests performed;76,85;83783945,0;237,016;46,6;21,453000000000007;15,957;45229,245;;156,139;8,31;28,2;33,1;;8,0;81,33;0,9359999999999999
18883;DEU;Europe;Germany;2020-03-26;36508,0;4954,0;4044,2859999999996;198,0;49,0;26,429000000000002;435,74;59,128;48,27;2,363;0,585;0,315;;;;;;;;;;;;;50855,0;0,607;12,575;0,08;tests performed;76,85;83783945,0;237,016;46,6;21,453000000000007;15,957;45229,245;;156,139;8,31;28,2;33,1;;8,0;81,33;0,9359999999999999
18884;DEU;Europe;Germany;2020-03-27;42288,0;5780,0;4021,429;253,0;55,0;30,0;504,727;68,987;47,99800000000001;3,02;0,6559999999999999;0,358;;;;;;;;;;;;;51119,0;0,61;12,712;0,079;tests performed;76,85;83783945,0;237,016;46,6;21,453000000000007;15,957;45229,245;;156,139;8,31;28,2;33,1;;8,0;81,33;0,9359999999999999
18885;DEU;Europe;Germany;2020-03-28;48582,0;6294,0;4342,143;325,0;72,0;40,0;579,849;75,122;51,825;3,8789999999999996;0,8590000000000001;0,47700000000000004;;;;;;;;;;;;;51382,0;0,613;11,833;0,085;tests performed;76,85;83783945,0;237,016;46,6;21,453000000000007;15,957;45229,245;;156,139;8,31;28,2;33,1;;8,0;81,33;0,9359999999999999
18886;DEU;Europe;Germany;2020-03-29;52547,0;3965,0;4440,571;389,0;64,0;46,0;627,173;47,324;53,0;4,643;0,764;0,5489999999999999;;;;;;;4461,724;53,253;984684,0;;11,753;;51645,0;0,616;11,63;0,086;tests performed;76,85;83783945,0;237,016;46,6;21,453000000000007;15,957;45229,245;;156,139;8,31;28,2;33,1;;8,0;81,33;0,9359999999999999
18887;DEU;Europe;Germany;2020-03-30;57298,0;4751,0;4646,286;455,0;66,0;51,57100000000001;683,878;56,705;55,456;5,431;0,7879999999999999;0,616;;;;;;;;;;;;;52601,0;0,628;11,321;0,08800000000000001;tests performed;76,85;83783945,0;237,016;46,6;21,453000000000007;15,957;45229,245;;156,139;8,31;28,2;33,1;;8,0;81,33;0,9359999999999999
18888;DEU;Europe;Germany;2020-03-31;61913,0;4615,0;4671,571;583,0;128,0;65,286;738,96;55,082;55,757;6,9579999999999975;1,528;0,779;;;;;;;;;;;;;53557,0;0,639;11,464;0,087;tests performed;76,85;83783945,0;237,016;46,6;21,453000000000007;15,957;45229,245;;156,139;8,31;28,2;33,1;;8,0;81,33;0,9359999999999999
18889;DEU;Europe;Germany;2020-04-01;67366,0;5453,0;5116,0;732,0;149,0;83,286;804,044;65,084;61,062;8,737;1,778;0,9940000000000001;;;;;;;;;;;;;54512,0;0,6509999999999999;10,655;0,094;tests performed;76,85;83783945,0;237,016;46,6;21,453000000000007;15,957;45229,245;;156,139;8,31;28,2;33,1;;8,0;81,33;0,9359999999999999
18890;DEU;Europe;Germany;2020-04-02;73522,0;6156,0;5287,714;872,0;140,0;96,286;877,5189999999999;73,475;63,111000000000004;10,408;1,671;1,149;;;;;;;;;;;;;55468,0;0,662;10,49;0,095;tests performed;76,85;83783945,0;237,016;46,6;21,453000000000007;15,957;45229,245;;156,139;8,31;28,2;33,1;;8,0;81,33;0,9359999999999999
18891;DEU;Europe;Germany;2020-04-03;79696,0;6174,0;5344,0;1017,0;145,0;109,14299999999999;951,2080000000001;73,69;63,783;12,138;1,7309999999999999;1,3030000000000002;;;;;;;;;;;;;56424,0;0,6729999999999999;10,558;0,095;tests performed;76,85;83783945,0;237,016;46,6;21,453000000000007;15,957;45229,245;;156,139;8,31;28,2;33,1;;8,0;81,33;0,9359999999999999
18892;DEU;Europe;Germany;2020-04-04;85778,0;6082,0;5313,714;1158,0;141,0;119,0;1023,8;72,59100000000002;63,422;13,821;1,683;1,42;;;;;;;;;;;;;57380,0;0,685;10,798;0,093;tests performed;76,85;83783945,0;237,016;46,6;21,453000000000007;15,957;45229,245;;156,139;8,31;28,2;33,1;;8,0;81,33;0,9359999999999999
18893;DEU;Europe;Germany;2020-04-05;91714,0;5936,0;5595,286;1342,0;184,0;136,143;1094,649;70,84899999999998;66,782;16,017;2,1959999999999997;1,625;;;;;;;4158,960999999998;49,639;1393032,0;;16,625999999999998;;58335,0;0,696;10,425999999999998;0,096;tests performed;76,85;83783945,0;237,016;46,6;21,453000000000007;15,957;45229,245;;156,139;8,31;28,2;33,1;;8,0;81,33;0,9359999999999999
18894;DEU;Europe;Germany;2020-04-06;95391,0;3677,0;5441,857;1434,0;92,0;139,857;1138,536;43,887;64,95100000000001;17,115;1,0979999999999999;1,669;;;;;;;;;;;;;57761,0;0,6890000000000001;10,614;0,094;tests performed;76,85;83783945,0;237,016;46,6;21,453000000000007;15,957;45229,245;;156,139;8,31;28,2;33,1;;8,0;81,33;0,9359999999999999
18895;DEU;Europe;Germany;2020-04-07;99225,0;3834,0;5330,286;1607,0;173,0;146,286;1184,296;45,761;63,619;19,18;2,065;1,746;;;;;;;;;;;;;57186,0;0,6829999999999999;10,729;0,093;tests performed;76,85;83783945,0;237,016;46,6;21,453000000000007;15,957;45229,245;;156,139;8,31;28,2;33,1;;8,0;81,33;0,9359999999999999
18896;DEU;Europe;Germany;2020-04-08;103228,0;4003,0;5123,143;1861,0;254,0;161,286;1232,0739999999996;47,778;61,147;22,212;3,032;1,925;;;;;;;;;;;;;56612,0;0,6759999999999999;11,05;0,09;tests performed;76,85;83783945,0;237,016;46,6;21,453000000000007;15,957;45229,245;;156,139;8,31;28,2;33,1;;8,0;81,33;0,9359999999999999
18897;DEU;Europe;Germany;2020-04-09;108202,0;4974,0;4954,286;2107,0;246,0;176,429;1291,441;59,367;59,132;25,148000000000003;2,9360000000000004;2,106;;;;;;;;;;;;;56037,0;0,669;11,311;0,08800000000000001;tests performed;76,85;83783945,0;237,016;46,6;21,453000000000007;15,957;45229,245;;156,139;8,31;28,2;33,1;;8,0;81,33;0,9359999999999999
18898;DEU;Europe;Germany;2020-04-10;113525,0;5323,0;4832,714;2373,0;266,0;193,71400000000003;1354,973;63,532;57,681000000000004;28,323;3,175;2,312;;;;;;;;;;;;;55463,0;0,662;11,477;0,087;tests performed;76,85;83783945,0;237,016;46,6;21,453000000000007;15,957;45229,245;;156,139;8,31;28,2;33,1;;8,0;81,33;0,9359999999999999
18899;DEU;Europe;Germany;2020-04-11;117658,0;4133,0;4554,286;2544,0;171,0;198,0;1404,3020000000001;49,32899999999999;54,357;30,364;2,041;2,363;;;;;;;;;;;;;54888,0;0,655;12,052;0,083;tests performed;76,85;83783945,0;237,016;46,6;21,453000000000007;15,957;45229,245;;156,139;8,31;28,2;33,1;;8,0;81,33;0,9359999999999999
18900;DEU;Europe;Germany;2020-04-12;120479,0;2821,0;4109,286;2673,0;129,0;190,143;1437,9720000000002;33,67;49,04600000000001;31,903000000000002;1,54;2,269;;;;;;;3043,782;36,329;1773229,0;;21,164;;54314,0;0,648;13,217;0,076;tests performed;76,85;83783945,0;237,016;46,6;21,453000000000007;15,957;45229,245;;156,139;8,31;28,2;33,1;;8,0;81,33;0,9359999999999999
18901;DEU;Europe;Germany;2020-04-13;123016,0;2537,0;3946,429;2799,0;126,0;195,0;1468,253;30,28;47,102;33,407;1,504;2,327;;;;;;;;;;;;;53328,0;0,636;13,513;0,07400000000000001;tests performed;76,85;83783945,0;237,016;46,6;21,453000000000007;15,957;45229,245;;156,139;8,31;28,2;33,1;;8,0;81,33;0,9359999999999999
18902;DEU;Europe;Germany;2020-04-14;125098,0;2082,0;3696,143;2969,0;170,0;194,571;1493,102;24,85;44,115;35,436;2,029;2,322;;;;;;;;;;;;;52343,0;0,625;14,162;0,071;tests performed;76,85;83783945,0;237,016;46,6;21,453000000000007;15,957;45229,245;;156,139;8,31;28,2;33,1;;8,0;81,33;0,9359999999999999
18903;DEU;Europe;Germany;2020-04-15;127584,0;2486,0;3479,429;3254,0;285,0;199,0;1522,774;29,671999999999997;41,528999999999996;38,838;3,4019999999999997;2,375;;;;;;;;;;;;;51357,0;0,613;14,76;0,068;tests performed;76,85;83783945,0;237,016;46,6;21,453000000000007;15,957;45229,245;;156,139;8,31;28,2;33,1;;8,0;81,33;0,9359999999999999
18904;DEU;Europe;Germany;2020-04-16;130450,0;2866,0;3178,2859999999996;3569,0;315,0;208,857;1556,981;34,207;37,934;42,598;3,76;2,4930000000000003;;;;;;;;;;;;;50371,0;0,601;15,848;0,063;tests performed;76,85;83783945,0;237,016;46,6;21,453000000000007;15,957;45229,245;;156,139;8,31;28,2;33,1;;8,0;81,33;0,9359999999999999
18905;DEU;Europe;Germany;2020-04-17;133830,0;3380,0;2900,7140000000004;3868,0;299,0;213,571;1597,3229999999999;40,342;34,621;46,166000000000004;3,569;2,549;;;;;;;;;;;;;49386,0;0,589;17,025;0,059;tests performed;76,85;83783945,0;237,016;46,6;21,453000000000007;15,957;45229,245;;156,139;8,31;28,2;33,1;;8,0;81,33;0,9359999999999999
18906;DEU;Europe;Germany;2020-04-18;137439,0;3609,0;2825,857;4110,0;242,0;223,71400000000003;1640,398;43,075;33,728;49,055;2,888;2,67;;;;;;;;;;;;;48400,0;0,578;17,128;0,058;tests performed;76,85;83783945,0;237,016;46,6;21,453000000000007;15,957;45229,245;;156,139;8,31;28,2;33,1;;8,0;81,33;0,9359999999999999
18907;DEU;Europe;Germany;2020-04-19;139897,0;2458,0;2774,0;4294,0;184,0;231,571;1669,735;29,337;33,109;51,25100000000001;2,1959999999999997;2,764;;;;;;;2139,528;25,536;2105131,0;;25,125999999999998;;47415,0;0,5660000000000001;17,093;0,059;tests performed;76,85;83783945,0;237,016;46,6;21,453000000000007;15,957;45229,245;;156,139;8,31;28,2;33,1;;8,0;81,33;0,9359999999999999
18908;DEU;Europe;Germany;2020-04-20;141672,0;1775,0;2665,143;4404,0;110,0;229,28599999999997;1690,921;21,185;31,81;52,56399999999999;1,3130000000000002;2,737;;;;;;;;;;;;;48067,0;0,574;18,035;0,055;tests performed;76,85;83783945,0;237,016;46,6;21,453000000000007;15,957;45229,245;;156,139;8,31;28,2;33,1;;8,0;81,33;0,9359999999999999
18909;DEU;Europe;Germany;2020-04-21;143457,0;1785,0;2622,7140000000004;4598,0;194,0;232,71400000000003;1712,225;21,305;31,303;54,879;2,315;2,778;;;;;;;;;;;;;48720,0;0,581;18,576;0,054000000000000006;tests performed;76,85;83783945,0;237,016;46,6;21,453000000000007;15,957;45229,245;;156,139;8,31;28,2;33,1;;8,0;81,33;0,9359999999999999
18910;DEU;Europe;Germany;2020-04-22;145694,0;2237,0;2587,143;4879,0;281,0;232,143;1738,925;26,7;30,879;58,233000000000004;3,3539999999999996;2,7710000000000004;;;;;;;;;;;;;49373,0;0,589;19,084;0,052000000000000005;tests performed;76,85;83783945,0;237,016;46,6;21,453000000000007;15,957;45229,245;;156,139;8,31;28,2;33,1;;8,0;81,33;0,9359999999999999
18911;DEU;Europe;Germany;2020-04-23;148046,0;2352,0;2513,714;5094,0;215,0;217,857;1766,997;28,072;30,002;60,799;2,5660000000000003;2,6;;;;;;;;;;;;;50026,0;0,597;19,901;0,05;tests performed;76,85;83783945,0;237,016;46,6;21,453000000000007;15,957;45229,245;;156,139;8,31;28,2;33,1;;8,0;81,33;0,9359999999999999
18912;DEU;Europe;Germany;2020-04-24;150383,0;2337,0;2364,714;5321,0;227,0;207,571;1794,89;27,893;28,224;63,50899999999999;2,7089999999999996;2,477;;;;;;;;;;;;;50679,0;0,605;21,431;0,047;tests performed;76,85;83783945,0;237,016;46,6;21,453000000000007;15,957;45229,245;;156,139;8,31;28,2;33,1;;8,0;81,33;0,9359999999999999
18913;DEU;Europe;Germany;2020-04-25;152438,0;2055,0;2142,714;5500,0;179,0;198,571;1819,418;24,526999999999997;25,574;65,645;2,136;2,37;;;;;;;;;;;;;51331,0;0,613;23,956;0,042;tests performed;76,85;83783945,0;237,016;46,6;21,453000000000007;15,957;45229,245;;156,139;8,31;28,2;33,1;;8,0;81,33;0,9359999999999999
18914;DEU;Europe;Germany;2020-04-26;154175,0;1737,0;2039,714;5640,0;140,0;192,28599999999997;1840,15;20,732;24,345;67,316;1,671;2,295;;;;;;;1494,642;17,839000000000006;2469021,0;;29,469;;51984,0;0,62;25,486;0,039;tests performed;76,85;83783945,0;237,016;46,6;21,453000000000007;15,957;45229,245;;156,139;8,31;28,2;33,1;;8,0;81,33;0,9359999999999999
18915;DEU;Europe;Germany;2020-04-27;155193,0;1018,0;1931,5710000000001;5750,0;110,0;192,28599999999997;1852,3;12,15;23,054000000000002;68,62899999999999;1,3130000000000002;2,295;;;;;;;;;;;;;51227,0;0,611;26,521;0,038;tests performed;76,85;83783945,0;237,016;46,6;21,453000000000007;15,957;45229,245;;156,139;8,31;28,2;33,1;;8,0;81,33;0,9359999999999999
18916;DEU;Europe;Germany;2020-04-28;156337,0;1144,0;1840,0;5913,0;163,0;187,857;1865,954;13,654000000000002;21,961;70,574;1,945;2,242;;;;;;;;;;;;;50470,0;0,602;27,429;0,036000000000000004;tests performed;76,85;83783945,0;237,016;46,6;21,453000000000007;15,957;45229,245;;156,139;8,31;28,2;33,1;;8,0;81,33;0,9359999999999999
18917;DEU;Europe;Germany;2020-04-29;157641,0;1304,0;1706,714;6115,0;202,0;176,571;1881,5179999999998;15,564;20,37;72,985;2,411;2,1069999999999998;;;;;;;;;;;;;49713,0;0,593;29,128;0,034;tests performed;76,85;83783945,0;237,016;46,6;21,453000000000007;15,957;45229,245;;156,139;8,31;28,2;33,1;;8,0;81,33;0,9359999999999999
18918;DEU;Europe;Germany;2020-04-30;159119,0;1478,0;1581,8570000000002;6288,0;173,0;170,571;1899,1589999999999;17,641;18,88;75,05;2,065;2,036;;;;;;;;;;;;;48956,0;0,584;30,948;0,032;tests performed;76,85;83783945,0;237,016;46,6;21,453000000000007;15,957;45229,245;;156,139;8,31;28,2;33,1;;8,0;81,33;0,9359999999999999
18919;DEU;Europe;Germany;2020-05-01;160758,0;1639,0;1482,1429999999998;6481,0;193,0;165,71400000000003;1918,721;19,562;17,69;77,354;2,3040000000000003;1,9780000000000002;;;;;;;;;;;;;48198,0;0,575;32,519;0,031;tests performed;76,85;83783945,0;237,016;46,6;21,453000000000007;15,957;45229,245;;156,139;8,31;28,2;33,1;;8,0;81,33;0,9359999999999999
18920;DEU;Europe;Germany;2020-05-02;161703,0;945,0;1323,5710000000001;6575,0;94,0;153,571;1930,0;11,279000000000002;15,797;78,476;1,122;1,8330000000000002;;;;;;;;;;;;;47441,0;0,5660000000000001;35,843;0,028;tests performed;76,85;83783945,0;237,016;46,6;21,453000000000007;15,957;45229,245;;156,139;8,31;28,2;33,1;;8,0;81,33;0,9359999999999999
18921;DEU;Europe;Germany;2020-05-03;162496,0;793,0;1188,714;6649,0;74,0;144,143;1939,465;9,465;14,187999999999999;79,359;0,883;1,72;;;;;;;984,99;11,755999999999998;2795809,0;;33,369;;46684,0;0,557;39,273;0,025;tests performed;75,46;83783945,0;237,016;46,6;21,453000000000007;15,957;45229,245;;156,139;8,31;28,2;33,1;;8,0;81,33;0,9359999999999999
18922;DEU;Europe;Germany;2020-05-04;163175,0;679,0;1140,286;6692,0;43,0;134,571;1947,569;8,104;13,61;79,872;0,513;1,6059999999999999;;;;;;;;;;;;;48257,0;0,5760000000000001;42,32;0,024;tests performed;71,76;83783945,0;237,016;46,6;21,453000000000007;15,957;45229,245;;156,139;8,31;28,2;33,1;;8,0;81,33;0,9359999999999999
18923;DEU;Europe;Germany;2020-05-05;163860,0;685,0;1074,714;6831,0;139,0;131,143;1955,745;8,176;12,827;81,531;1,659;1,565;;;;;;;;;;;;;49830,0;0,595;46,36600000000001;0,022;tests performed;71,76;83783945,0;237,016;46,6;21,453000000000007;15,957;45229,245;;156,139;8,31;28,2;33,1;;8,0;81,33;0,9359999999999999
18924;DEU;Europe;Germany;2020-05-06;164807,0;947,0;1023,7139999999999;6996,0;165,0;125,85700000000001;1967,0479999999998;11,302999999999999;12,219000000000001;83,5;1,969;1,5019999999999998;;;;;;;;;;;;;51404,0;0,614;50,213;0,02;tests performed;66,2;83783945,0;237,016;46,6;21,453000000000007;15,957;45229,245;;156,139;8,31;28,2;33,1;;8,0;81,33;0,9359999999999999
18925;DEU;Europe;Germany;2020-05-07;166091,0;1284,0;996,0;7119,0;123,0;118,714;1982,3729999999998;15,325;11,888;84,969;1,4680000000000002;1,4169999999999998;;;;;;;;;;;;;52977,0;0,632;53,19;0,019;tests performed;64,35;83783945,0;237,016;46,6;21,453000000000007;15,957;45229,245;;156,139;8,31;28,2;33,1;;8,0;81,33;0,9359999999999999
18926;DEU;Europe;Germany;2020-05-08;167300,0;1209,0;934,571;7266,0;147,0;112,14299999999999;1996,8029999999999;14,43;11,155;86,723;1,755;1,338;;;;;;;;;;;;;54550,0;0,6509999999999999;58,369;0,017;tests performed;64,35;83783945,0;237,016;46,6;21,453000000000007;15,957;45229,245;;156,139;8,31;28,2;33,1;;8,0;81,33;0,9359999999999999
18927;DEU;Europe;Germany;2020-05-09;168551,0;1251,0;978,2860000000001;7369,0;103,0;113,429;2011,734;14,931;11,675999999999998;87,95200000000001;1,229;1,354;;;;;;;;;;;;;56123,0;0,67;57,369;0,017;tests performed;64,35;83783945,0;237,016;46,6;21,453000000000007;15,957;45229,245;;156,139;8,31;28,2;33,1;;8,0;81,33;0,9359999999999999
18928;DEU;Europe;Germany;2020-05-10;169218,0;667,0;960,2860000000001;7395,0;26,0;106,571;2019,695;7,961;11,460999999999999;88,26299999999998;0,31;1,272;;;;;;;746,817;8,914;3199684,0;;38,19;;57696,0;0,6890000000000001;60,082;0,017;tests performed;64,35;83783945,0;237,016;46,6;21,453000000000007;15,957;45229,245;;156,139;8,31;28,2;33,1;;8,0;81,33;0,9359999999999999
18929;DEU;Europe;Germany;2020-05-11;169575,0;357,0;914,2860000000001;7417,0;22,0;103,571;2023,9560000000001;4,261;10,912;88,525;0,263;1,236;;;;;;;;;;;;;58284,0;0,696;63,74800000000001;0,016;tests performed;64,35;83783945,0;237,016;46,6;21,453000000000007;15,957;45229,245;;156,139;8,31;28,2;33,1;;8,0;81,33;0,9359999999999999
18930;DEU;Europe;Germany;2020-05-12;170508,0;933,0;949,7139999999999;7533,0;116,0;100,286;2035,092;11,136;11,335;89,91;1,385;1,197;;;;;;;;;;;;;58872,0;0,703;61,989;0,016;tests performed;64,35;83783945,0;237,016;46,6;21,453000000000007;15,957;45229,245;;156,139;8,31;28,2;33,1;;8,0;81,33;0,9359999999999999
18931;DEU;Europe;Germany;2020-05-13;171306,0;798,0;928,429;7634,0;101,0;91,14299999999999;2044,616;9,524;11,081;91,115;1,205;1,088;;;;;;;;;;;;;59459,0;0,71;64,043;0,016;tests performed;64,35;83783945,0;237,016;46,6;21,453000000000007;15,957;45229,245;;156,139;8,31;28,2;33,1;;8,0;81,33;0,9359999999999999
18932;DEU;Europe;Germany;2020-05-14;172239,0;933,0;878,2860000000003;7723,0;89,0;86,286;2055,752;11,136;10,482999999999999;92,178;1,062;1,03;;;;;;;;;;;;;60047,0;0,7170000000000001;68,368;0,015;tests performed;64,35;83783945,0;237,016;46,6;21,453000000000007;15,957;45229,245;;156,139;8,31;28,2;33,1;;8,0;81,33;0,9359999999999999
18933;DEU;Europe;Germany;2020-05-15;173152,0;913,0;836,0;7824,0;101,0;79,714;2066,649;10,897;9,978;93,383;1,205;0,951;;;;;;;;;;;;;60634,0;0,7240000000000001;72,529;0,014;tests performed;64,35;83783945,0;237,016;46,6;21,453000000000007;15,957;45229,245;;156,139;8,31;28,2;33,1;;8,0;81,33;0,9359999999999999
18934;DEU;Europe;Germany;2020-05-16;173772,0;620,0;745,857;7881,0;57,0;73,143;2074,049;7,4;8,902000000000003;94,06299999999999;0,68;0,873;;;;;;;;;;;;;61222,0;0,731;82,083;0,012;tests performed;61,57;83783945,0;237,016;46,6;21,453000000000007;15,957;45229,245;;156,139;8,31;28,2;33,1;;8,0;81,33;0,9359999999999999
18935;DEU;Europe;Germany;2020-05-17;174355,0;583,0;733,857;7914,0;33,0;74,143;2081,007;6,9579999999999975;8,759;94,45700000000001;0,39399999999999996;0,885;;;;;;;471,302;5,625;3632350,0;;43,354;;61809,0;0,738;84,225;0,012;tests performed;61,57;83783945,0;237,016;46,6;21,453000000000007;15,957;45229,245;;156,139;8,31;28,2;33,1;;8,0;81,33;0,9359999999999999
18936;DEU;Europe;Germany;2020-05-18;174697,0;342,0;731,7139999999997;7935,0;21,0;74,0;2085,089;4,082;8,732999999999999;94,708;0,251;0,883;;;;;;;;;;;;;60193,0;0,718;82,26299999999998;0,012;tests performed;61,57;83783945,0;237,016;46,6;21,453000000000007;15,957;45229,245;;156,139;8,31;28,2;33,1;;8,0;81,33;0,9359999999999999
18937;DEU;Europe;Germany;2020-05-19;175210,0;513,0;671,7139999999997;8007,0;72,0;67,714;2091,212;6,1229999999999976;8,017000000000001;95,56700000000001;0,8590000000000001;0,8079999999999999;;;;;;;;;;;;;58577,0;0,6990000000000001;87,205;0,011;tests performed;59,72;83783945,0;237,016;46,6;21,453000000000007;15,957;45229,245;;156,139;8,31;28,2;33,1;;8,0;81,33;0,9359999999999999
18938;DEU;Europe;Germany;2020-05-20;176007,0;797,0;671,571;8090,0;83,0;65,143;2100,725;9,513;8,016;96,55799999999999;0,991;0,778;;;;;;;;;;;;;56961,0;0,68;84,81700000000002;0,012;tests performed;59,72;83783945,0;237,016;46,6;21,453000000000007;15,957;45229,245;;156,139;8,31;28,2;33,1;;8,0;81,33;0,9359999999999999
18939;DEU;Europe;Germany;2020-05-21;176752,0;745,0;644,714;8147,0;57,0;60,57100000000001;2109,617;8,892000000000003;7,695;97,238;0,68;0,723;;;;;;;;;;;;;55344,0;0,6609999999999999;85,84299999999998;0,012;tests performed;59,72;83783945,0;237,016;46,6;21,453000000000007;15,957;45229,245;;156,139;8,31;28,2;33,1;;8,0;81,33;0,9359999999999999
18940;DEU;Europe;Germany;2020-05-22;177212,0;460,0;580,0;8174,0;27,0;50,0;2115,107;5,49;6,922999999999999;97,56;0,322;0,597;;;;;;;;;;;;;53728,0;0,6409999999999999;92,634;0,011;tests performed;59,72;83783945,0;237,016;46,6;21,453000000000007;15,957;45229,245;;156,139;8,31;28,2;33,1;;8,0;81,33;0,9359999999999999
18941;DEU;Europe;Germany;2020-05-23;177850,0;638,0;582,571;8216,0;42,0;47,857;2122,722;7,615;6,952999999999999;98,06200000000001;0,501;0,5710000000000001;;;;;;;;;;;;;52112,0;0,622;89,45200000000001;0,011;tests performed;59,72;83783945,0;237,016;46,6;21,453000000000007;15,957;45229,245;;156,139;8,31;28,2;33,1;;8,0;81,33;0,9359999999999999
18942;DEU;Europe;Germany;2020-05-24;178281,0;431,0;560,857;8247,0;31,0;47,57100000000001;2127,866;5,144;6,694;98,432;0,37;0,568;;;;;;;364,325;4,348;3985817,0;;47,573;;50495,0;0,603;90,03200000000002;0,011;tests performed;59,72;83783945,0;237,016;46,6;21,453000000000007;15,957;45229,245;;156,139;8,31;28,2;33,1;;8,0;81,33;0,9359999999999999
18943;DEU;Europe;Germany;2020-05-25;178570,0;289,0;553,286;8257,0;10,0;46,0;2131,315;3,449;6,604;98,551;0,11900000000000001;0,5489999999999999;;;;;;;;;;;;;51552,0;0,615;93,174;0,011;tests performed;59,72;83783945,0;237,016;46,6;21,453000000000007;15,957;45229,245;;156,139;8,31;28,2;33,1;;8,0;81,33;0,9359999999999999
18944;DEU;Europe;Germany;2020-05-26;179002,0;432,0;541,714;8302,0;45,0;42,143;2136,471;5,1560000000000015;6,466;99,088;0,537;0,503;;;;;;;;;;;;;52610,0;0,628;97,118;0,01;tests performed;59,72;83783945,0;237,016;46,6;21,453000000000007;15,957;45229,245;;156,139;8,31;28,2;33,1;;8,0;81,33;0,9359999999999999
18945;DEU;Europe;Germany;2020-05-27;179364,0;362,0;479,57099999999997;8349,0;47,0;37,0;2140,792;4,3210000000000015;5,724;99,649;0,561;0,442;;;;;;;;;;;;;53667,0;0,6409999999999999;111,906;0,009000000000000001;tests performed;59,72;83783945,0;237,016;46,6;21,453000000000007;15,957;45229,245;;156,139;8,31;28,2;33,1;;8,0;81,33;0,9359999999999999
18946;DEU;Europe;Germany;2020-05-28;179717,0;353,0;423,57099999999997;8411,0;62,0;37,714;2145,005;4,213;5,056;100,389;0,74;0,45;;;;;;;;;;;;;54724,0;0,653;129,197;0,008;tests performed;59,72;83783945,0;237,016;46,6;21,453000000000007;15,957;45229,245;;156,139;8,31;28,2;33,1;;8,0;81,33;0,9359999999999999
18947;DEU;Europe;Germany;2020-05-29;180458,0;741,0;463,714;8450,0;39,0;39,429;2153,849;8,844;5,535;100,855;0,465;0,47100000000000003;;;;;;;;;;;;;55781,0;0,6659999999999999;120,292;0,008;tests performed;59,72;83783945,0;237,016;46,6;21,453000000000007;15,957;45229,245;;156,139;8,31;28,2;33,1;;8,0;81,33;0,9359999999999999
18948;DEU;Europe;Germany;2020-05-30;181196,0;738,0;478,0;8489,0;39,0;39,0;2162,658;8,808;5,705;101,32;0,465;0,465;;;;;;;;;;;;;56838,0;0,6779999999999999;118,908;0,008;tests performed;59,72;83783945,0;237,016;46,6;21,453000000000007;15,957;45229,245;;156,139;8,31;28,2;33,1;;8,0;81,33;0,9359999999999999
18949;DEU;Europe;Germany;2020-05-31;181482,0;286,0;457,286;8500,0;11,0;36,143;2166,071;3,4139999999999997;5,4579999999999975;101,45100000000001;0,131;0,431;;;;;;;298,7270000000001;3,565;4391086,0;;52,41;;57896,0;0,691;126,608;0,008;tests performed;59,72;83783945,0;237,016;46,6;21,453000000000007;15,957;45229,245;;156,139;8,31;28,2;33,1;;8,0;81,33;0,9359999999999999
18950;DEU;Europe;Germany;2020-06-01;181815,0;333,0;463,57099999999997;8511,0;11,0;36,286;2170,0460000000007;3,975;5,5329999999999995;101,583;0,131;0,433;;;;;;;;;;;;;56584,0;0,675;122,061;0,008;tests performed;59,72;83783945,0;237,016;46,6;21,453000000000007;15,957;45229,245;;156,139;8,31;28,2;33,1;;8,0;81,33;0,9359999999999999
18951;DEU;Europe;Germany;2020-06-02;182028,0;213,0;432,286;8522,0;11,0;31,429000000000002;2172,5879999999997;2,542;5,16;101,714;0,131;0,375;;;;;;;;;;;;;55272,0;0,66;127,86;0,008;tests performed;59,72;83783945,0;237,016;46,6;21,453000000000007;15,957;45229,245;;156,139;8,31;28,2;33,1;;8,0;81,33;0,9359999999999999
18952;DEU;Europe;Germany;2020-06-03;182370,0;342,0;429,42900000000003;8551,0;29,0;28,857;2176,67;4,082;5,125;102,06;0,34600000000000003;0,344;;;;;;;;;;;;;53960,0;0,644;125,655;0,008;tests performed;59,72;83783945,0;237,016;46,6;21,453000000000007;15,957;45229,245;;156,139;8,31;28,2;33,1;;8,0;81,33;0,9359999999999999
18953;DEU;Europe;Germany;2020-06-04;182764,0;394,0;435,286;8581,0;30,0;24,285999999999998;2181,373;4,703;5,195;102,41799999999999;0,358;0,29;;;;;;;;;;;;;52648,0;0,628;120,95;0,008;tests performed;59,72;83783945,0;237,016;46,6;21,453000000000007;15,957;45229,245;;156,139;8,31;28,2;33,1;;8,0;81,33;0,9359999999999999
18954;DEU;Europe;Germany;2020-06-05;183271,0;507,0;401,85699999999997;8613,0;32,0;23,285999999999998;2187,424;6,051;4,796;102,8;0,382;0,278;;;;;;;;;;;;;51336,0;0,613;127,747;0,008;tests performed;59,72;83783945,0;237,016;46,6;21,453000000000007;15,957;45229,245;;156,139;8,31;28,2;33,1;;8,0;81,33;0,9359999999999999
18955;DEU;Europe;Germany;2020-06-06;183678,0;407,0;354,57099999999997;8646,0;33,0;22,429000000000002;2192,282;4,8580000000000005;4,232;103,194;0,39399999999999996;0,268;;;;;;;;;;;;;50024,0;0,597;141,083;0,006999999999999999;tests performed;59,72;83783945,0;237,016;46,6;21,453000000000007;15,957;45229,245;;156,139;8,31;28,2;33,1;;8,0;81,33;0,9359999999999999
18956;DEU;Europe;Germany;2020-06-07;183979,0;301,0;356,714;8668,0;22,0;24,0;2195,874;3,593;4,258;103,45700000000001;0,263;0,28600000000000003;;;;;;;226,063;2,698;4732072,0;;56,479;;48712,0;0,581;136,55700000000002;0,006999999999999999;tests performed;59,72;83783945,0;237,016;46,6;21,453000000000007;15,957;45229,245;;156,139;8,31;28,2;33,1;;8,0;81,33;0,9359999999999999
18957;DEU;Europe;Germany;2020-06-08;184193,0;214,0;339,714;8674,0;6,0;23,285999999999998;2198,428;2,5540000000000003;4,055;103,52799999999999;0,07200000000000001;0,278;;;;;;;;;;;;;48431,0;0,578;142,564;0,006999999999999999;tests performed;59,72;83783945,0;237,016;46,6;21,453000000000007;15,957;45229,245;;156,139;8,31;28,2;33,1;;8,0;81,33;0,9359999999999999
18958;DEU;Europe;Germany;2020-06-09;184543,0;350,0;359,286;8711,0;37,0;27,0;2202,606;4,177;4,288;103,97;0,442;0,322;;;;;;;;;;;;;48149,0;0,575;134,013;0,006999999999999999;tests performed;59,72;83783945,0;237,016;46,6;21,453000000000007;15,957;45229,245;;156,139;8,31;28,2;33,1;;8,0;81,33;0,9359999999999999
18959;DEU;Europe;Germany;2020-06-10;184861,0;318,0;355,85699999999997;8729,0;18,0;25,429000000000002;2206,401;3,795;4,247;104,185;0,215;0,304;;;;;;;;;;;;;47868,0;0,5710000000000001;134,515;0,006999999999999999;tests performed;59,72;83783945,0;237,016;46,6;21,453000000000007;15,957;45229,245;;156,139;8,31;28,2;33,1;;8,0;81,33;0,9359999999999999
18960;DEU;Europe;Germany;2020-06-11;185416,0;555,0;378,85699999999997;8755,0;26,0;24,857;2213,025;6,624;4,522;104,495;0,31;0,297;;;;;;;;;;;;;47587,0;0,568;125,607;0,008;tests performed;59,72;83783945,0;237,016;46,6;21,453000000000007;15,957;45229,245;;156,139;8,31;28,2;33,1;;8,0;81,33;0,9359999999999999
18961;DEU;Europe;Germany;2020-06-12;185674,0;258,0;343,286;8763,0;8,0;21,429000000000002;2216,105;3,0789999999999997;4,0969999999999995;104,59;0,095;0,256;;;;;;;;;;;;;47305,0;0,565;137,80100000000002;0,006999999999999999;tests performed;59,72;83783945,0;237,016;46,6;21,453000000000007;15,957;45229,245;;156,139;8,31;28,2;33,1;;8,0;81,33;0,9359999999999999
18962;DEU;Europe;Germany;2020-06-13;186022,0;348,0;334,85699999999997;8781,0;18,0;19,285999999999998;2220,258;4,154;3,997;104,805;0,215;0,23;;;;;;;;;;;;;47024,0;0,561;140,43;0,006999999999999999;tests performed;59,72;83783945,0;237,016;46,6;21,453000000000007;15,957;45229,245;;156,139;8,31;28,2;33,1;;8,0;81,33;0,9359999999999999
18963;DEU;Europe;Germany;2020-06-14;186269,0;247,0;327,143;8787,0;6,0;17,0;2223,206;2,948;3,905;104,87700000000001;0,07200000000000001;0,203;;;;;;;275,515;3,2880000000000003;5059268,0;;60,385;;46742,0;0,5579999999999999;142,879;0,006999999999999999;tests performed;59,72;83783945,0;237,016;46,6;21,453000000000007;15,957;45229,245;;156,139;8,31;28,2;33,1;;8,0;81,33;0,9359999999999999
18964;DEU;Europe;Germany;2020-06-15;186461,0;192,0;324,0;8791,0;4,0;16,714000000000002;2225,498;2,292;3,867;104,925;0,048;0,19899999999999998;;;;;;;;;;;;;47987,0;0,573;148,108;0,006999999999999999;tests performed;59,72;83783945,0;237,016;46,6;21,453000000000007;15,957;45229,245;;156,139;8,31;28,2;33,1;;8,0;81,33;0,9359999999999999
18965;DEU;Europe;Germany;2020-06-16;186839,0;378,0;328,0;8800,0;9,0;12,714;2230,01;4,512;3,915;105,03200000000001;0,107;0,152;;;;;;;;;;;;;49232,0;0,588;150,09799999999996;0,006999999999999999;tests performed;59,72;83783945,0;237,016;46,6;21,453000000000007;15,957;45229,245;;156,139;8,31;28,2;33,1;;8,0;81,33;0,9359999999999999
18966;DEU;Europe;Germany;2020-06-17;187184,0;345,0;331,85699999999997;8830,0;30,0;14,429;2234,127;4,118;3,9610000000000003;105,39;0,358;0,172;;;;;;;;;;;;;50476,0;0,602;152,102;0,006999999999999999;tests performed;59,72;83783945,0;237,016;46,6;21,453000000000007;15,957;45229,245;;156,139;8,31;28,2;33,1;;8,0;81,33;0,9359999999999999
18967;DEU;Europe;Germany;2020-06-18;187764,0;580,0;335,4290000000001;8856,0;26,0;14,429;2241,05;6,922999999999999;4,003;105,7;0,31;0,172;;;;;;;;;;;;;51721,0;0,617;154,194;0,006;tests performed;63,43;83783945,0;237,016;46,6;21,453000000000007;15,957;45229,245;;156,139;8,31;28,2;33,1;;8,0;81,33;0,9359999999999999
18968;DEU;Europe;Germany;2020-06-19;188534,0;770,0;408,57099999999997;8872,0;16,0;15,571;2250,24;9,19;4,876;105,891;0,191;0,18600000000000005;;;;;;;;;;;;;52966,0;0,632;129,637;0,008;tests performed;63,43;83783945,0;237,016;46,6;21,453000000000007;15,957;45229,245;;156,139;8,31;28,2;33,1;;8,0;81,33;0,9359999999999999
18969;DEU;Europe;Germany;2020-06-20;189135,0;601,0;444,714;8882,0;10,0;14,429;2257,413;7,172999999999999;5,308;106,01100000000001;0,11900000000000001;0,172;;;;;;;;;;;;;54211,0;0,647;121,901;0,008;tests performed;63,43;83783945,0;237,016;46,6;21,453000000000007;15,957;45229,245;;156,139;8,31;28,2;33,1;;8,0;81,33;0,9359999999999999
18970;DEU;Europe;Germany;2020-06-21;189822,0;687,0;507,57099999999997;8882,0;0,0;13,571;2265,613;8,2;6,058;106,01100000000001;0,0;0,162;;;;;;;242,211;2,891;5447455,0;;65,018;;55455,0;0,662;109,256;0,009000000000000001;tests performed;63,43;83783945,0;237,016;46,6;21,453000000000007;15,957;45229,245;;156,139;8,31;28,2;33,1;;8,0;81,33;0,9359999999999999
18971;DEU;Europe;Germany;2020-06-22;190359,0;537,0;556,857;8885,0;3,0;13,429;2272,022;6,409;6,646;106,04700000000001;0,036000000000000004;0,16;;;;;;;;;;;;;57072,0;0,6809999999999999;102,489;0,01;tests performed;63,43;83783945,0;237,016;46,6;21,453000000000007;15,957;45229,245;;156,139;8,31;28,2;33,1;;8,0;81,33;0,9359999999999999
18972;DEU;Europe;Germany;2020-06-23;190862,0;503,0;574,714;8895,0;10,0;13,571;2278,026;6,004;6,859;106,166;0,11900000000000001;0,162;;;;;;;;;;;;;58689,0;0,7;102,119;0,01;tests performed;63,43;83783945,0;237,016;46,6;21,453000000000007;15,957;45229,245;;156,139;8,31;28,2;33,1;;8,0;81,33;0,9359999999999999
18973;DEU;Europe;Germany;2020-06-24;191449,0;587,0;609,286;8914,0;19,0;12,0;2285,032;7,006;7,272;106,39299999999999;0,22699999999999998;0,14300000000000002;;;;;;;;;;;;;60306,0;0,72;98,978;0,01;tests performed;63,43;83783945,0;237,016;46,6;21,453000000000007;15,957;45229,245;;156,139;8,31;28,2;33,1;;8,0;81,33;0,9359999999999999
18974;DEU;Europe;Germany;2020-06-25;192079,0;630,0;616,429;8927,0;13,0;10,142999999999999;2292,551;7,519;7,357;106,54799999999999;0,155;0,121;;;;;;;;;;;;;61923,0;0,7390000000000001;100,454;0,01;tests performed;63,43;83783945,0;237,016;46,6;21,453000000000007;15,957;45229,245;;156,139;8,31;28,2;33,1;;8,0;81,33;0,9359999999999999
18975;DEU;Europe;Germany;2020-06-26;192556,0;477,0;574,571;8948,0;21,0;10,857000000000001;2298,245;5,693;6,858;106,79899999999999;0,251;0,13;;;;;;;;;;;;;63540,0;0,758;110,587;0,009000000000000001;tests performed;63,43;83783945,0;237,016;46,6;21,453000000000007;15,957;45229,245;;156,139;8,31;28,2;33,1;;8,0;81,33;0,9359999999999999
18976;DEU;Europe;Germany;2020-06-27;193243,0;687,0;586,857;8954,0;6,0;10,286;2306,444;8,2;7,004;106,87;0,07200000000000001;0,12300000000000001;;;;;;;;;;;;;65156,0;0,778;111,025;0,009000000000000001;tests performed;63,43;83783945,0;237,016;46,6;21,453000000000007;15,957;45229,245;;156,139;8,31;28,2;33,1;;8,0;81,33;0,9359999999999999
18977;DEU;Europe;Germany;2020-06-28;193499,0;256,0;525,286;8957,0;3,0;10,714;2309,5;3,055;6,27;106,906;0,036000000000000004;0,128;;;;;;;212,944;2,542;5914868,0;;70,597;;66773,0;0,797;127,117;0,008;tests performed;63,43;83783945,0;237,016;46,6;21,453000000000007;15,957;45229,245;;156,139;8,31;28,2;33,1;;8,0;81,33;0,9359999999999999
18978;DEU;Europe;Germany;2020-06-29;193761,0;262,0;486,0;8961,0;4,0;10,857000000000001;2312,627;3,127;5,801;106,954;0,048;0,13;;;;;;;;;;;;;67595,0;0,807;139,084;0,006999999999999999;tests performed;63,43;83783945,0;237,016;46,6;21,453000000000007;15,957;45229,245;;156,139;8,31;28,2;33,1;;8,0;81,33;0,9359999999999999
18979;DEU;Europe;Germany;2020-06-30;194259,0;498,0;485,286;8973,0;12,0;11,142999999999999;2318,571;5,944;5,7920000000000025;107,09700000000001;0,14300000000000002;0,133;;;;;;;;;;;;;68416,0;0,8170000000000001;140,981;0,006999999999999999;tests performed;63,43;83783945,0;237,016;46,6;21,453000000000007;15,957;45229,245;;156,139;8,31;28,2;33,1;;8,0;81,33;0,9359999999999999
18980;DEU;Europe;Germany;2020-07-01;194725,0;466,0;468,0;8985,0;12,0;10,142999999999999;2324,133;5,562;5,586;107,24;0,14300000000000002;0,121;;;;;;;;;;;;;69238,0;0,826;147,944;0,006999999999999999;tests performed;63,43;83783945,0;237,016;46,6;21,453000000000007;15,957;45229,245;;156,139;8,31;28,2;33,1;;8,0;81,33;0,9359999999999999
18981;DEU;Europe;Germany;2020-07-02;195228,0;503,0;449,85699999999997;8994,0;9,0;9,571;2330,136;6,004;5,369;107,348;0,107;0,114;;;;;;;;;;;;;70059,0;0,836;155,736;0,006;tests performed;63,43;83783945,0;237,016;46,6;21,453000000000007;15,957;45229,245;;156,139;8,31;28,2;33,1;;8,0;81,33;0,9359999999999999
18982;DEU;Europe;Germany;2020-07-03;195674,0;446,0;445,42900000000003;9003,0;9,0;7,857;2335,459;5,3229999999999995;5,316;107,455;0,107;0,094;;;;;;;;;;;;;70880,0;0,846;159,128;0,006;tests performed;63,43;83783945,0;237,016;46,6;21,453000000000007;15,957;45229,245;;156,139;8,31;28,2;33,1;;8,0;81,33;0,9359999999999999
18983;DEU;Europe;Germany;2020-07-04;196096,0;422,0;407,57099999999997;9010,0;7,0;8,0;2340,496;5,037;4,865;107,539;0,084;0,095;;;;;;;;;;;;;71702,0;0,856;175,925;0,006;tests performed;63,43;83783945,0;237,016;46,6;21,453000000000007;15,957;45229,245;;156,139;8,31;28,2;33,1;;8,0;81,33;0,9359999999999999
18984;DEU;Europe;Germany;2020-07-05;196335,0;239,0;405,14300000000003;9012,0;2,0;7,857;2343,349;2,853;4,836;107,56200000000001;0,024;0,094;;;;;;;204,87;2,445;6422531,0;;76,656;;72523,0;0,866;179,00599999999997;0,006;tests performed;63,43;83783945,0;237,016;46,6;21,453000000000007;15,957;45229,245;;156,139;8,31;28,2;33,1;;8,0;81,33;0,9359999999999999
18985;DEU;Europe;Germany;2020-07-06;196554,0;219,0;399,0;9016,0;4,0;7,857;2345,9629999999997;2,614;4,762;107,61;0,048;0,094;;;;;;;;;;;;;72582,0;0,866;181,91;0,005;tests performed;63,43;83783945,0;237,016;46,6;21,453000000000007;15,957;45229,245;;156,139;8,31;28,2;33,1;;8,0;81,33;0,9359999999999999
18986;DEU;Europe;Germany;2020-07-07;196944,0;390,0;383,57099999999997;9024,0;8,0;7,2860000000000005;2350,617;4,655;4,578;107,706;0,095;0,087;;;;;;;;;;;;;72641,0;0,867;189,381;0,005;tests performed;55,09;83783945,0;237,016;46,6;21,453000000000007;15,957;45229,245;;156,139;8,31;28,2;33,1;;8,0;81,33;0,9359999999999999
18987;DEU;Europe;Germany;2020-07-08;197341,0;397,0;373,714;9036,0;12,0;7,2860000000000005;2355,356;4,738;4,46;107,84899999999999;0,14300000000000002;0,087;;;;;;;;;;;;;72700,0;0,868;194,534;0,005;tests performed;55,09;83783945,0;237,016;46,6;21,453000000000007;15,957;45229,245;;156,139;8,31;28,2;33,1;;8,0;81,33;0,9359999999999999
18988;DEU;Europe;Germany;2020-07-09;197783,0;442,0;365,0;9048,0;12,0;7,713999999999999;2360,631;5,275;4,356;107,992;0,14300000000000002;0,092;;;;;;;;;;;;;72759,0;0,868;199,34;0,005;tests performed;55,09;83783945,0;237,016;46,6;21,453000000000007;15,957;45229,245;;156,139;8,31;28,2;33,1;;8,0;81,33;0,9359999999999999
18989;DEU;Europe;Germany;2020-07-10;198178,0;395,0;357,714;9054,0;6,0;7,2860000000000005;2365,346;4,715;4,269;108,064;0,07200000000000001;0,087;;;;;;;;;;;;;72818,0;0,8690000000000001;203,565;0,005;tests performed;55,09;83783945,0;237,016;46,6;21,453000000000007;15,957;45229,245;;156,139;8,31;28,2;33,1;;8,0;81,33;0,9359999999999999
18990;DEU;Europe;Germany;2020-07-11;198556,0;378,0;351,42900000000014;9060,0;6,0;7,143;2369,857;4,512;4,194;108,135;0,07200000000000001;0,085;;;;;;;;;;;;;72877,0;0,87;207,374;0,005;tests performed;55,09;83783945,0;237,016;46,6;21,453000000000007;15,957;45229,245;;156,139;8,31;28,2;33,1;;8,0;81,33;0,9359999999999999
18991;DEU;Europe;Germany;2020-07-12;198804,0;248,0;352,714;9063,0;3,0;7,2860000000000005;2372,817;2,96;4,21;108,171;0,036000000000000004;0,087;;;;;;;218,999;2,614;6933082,0;;82,75;;72936,0;0,871;206,785;0,005;tests performed;55,09;83783945,0;237,016;46,6;21,453000000000007;15,957;45229,245;;156,139;8,31;28,2;33,1;;8,0;81,33;0,9359999999999999
18992;DEU;Europe;Germany;2020-07-13;198963,0;159,0;344,14300000000014;9064,0;1,0;6,857;2374,715;1,8980000000000001;4,1080000000000005;108,18299999999999;0,012;0,08199999999999999;;;;;;;;;;;;;73510,0;0,877;213,603;0,005;tests performed;55,09;83783945,0;237,016;46,6;21,453000000000007;15,957;45229,245;;156,139;8,31;28,2;33,1;;8,0;81,33;0,9359999999999999
18993;DEU;Europe;Germany;2020-07-14;199375,0;412,0;347,286;9068,0;4,0;6,2860000000000005;2379,633;4,917;4,145;108,23100000000001;0,048;0,075;;;;;;;;;;;;;74085,0;0,884;213,326;0,005;tests performed;55,09;83783945,0;237,016;46,6;21,453000000000007;15,957;45229,245;;156,139;8,31;28,2;33,1;;8,0;81,33;0,9359999999999999
18994;DEU;Europe;Germany;2020-07-15;199726,0;351,0;340,714;9071,0;3,0;5,0;2383,822;4,189;4,067;108,26700000000001;0,036000000000000004;0,06;;;;;;;;;;;;;74659,0;0,8909999999999999;219,125;0,005;tests performed;55,09;83783945,0;237,016;46,6;21,453000000000007;15,957;45229,245;;156,139;8,31;28,2;33,1;;8,0;81,33;0,9359999999999999
18995;DEU;Europe;Germany;2020-07-16;200260,0;534,0;353,85699999999997;9078,0;7,0;4,2860000000000005;2390,195;6,374;4,223;108,35;0,084;0,051;;;;;;;;;;;;;75234,0;0,898;212,611;0,005;tests performed;55,09;83783945,0;237,016;46,6;21,453000000000007;15,957;45229,245;;156,139;8,31;28,2;33,1;;8,0;81,33;0,9359999999999999
18996;DEU;Europe;Germany;2020-07-17;200843,0;583,0;380,714;9082,0;4,0;4,0;2397,154;6,9579999999999975;4,544;108,398;0,048;0,048;;;;;;;;;;;;;75808,0;0,905;199,12;0,005;tests performed;55,09;83783945,0;237,016;46,6;21,453000000000007;15,957;45229,245;;156,139;8,31;28,2;33,1;;8,0;81,33;0,9359999999999999
18997;DEU;Europe;Germany;2020-07-18;201372,0;529,0;402,286;9083,0;1,0;3,286;2403,468;6,314;4,801;108,41;0,012;0,039;;;;;;;;;;;;;76383,0;0,912;189,873;0,005;tests performed;55,09;83783945,0;237,016;46,6;21,453000000000007;15,957;45229,245;;156,139;8,31;28,2;33,1;;8,0;81,33;0,9359999999999999
18998;DEU;Europe;Germany;2020-07-19;201574,0;202,0;395,714;9084,0;1,0;3,0;2405,879;2,411;4,723;108,42200000000001;0,012;0,036000000000000004;;;;;;;248,266;2,963;7471783,0;;89,179;;76957,0;0,919;194,476;0,005;tests performed;55,09;83783945,0;237,016;46,6;21,453000000000007;15,957;45229,245;;156,139;8,31;28,2;33,1;;8,0;81,33;0,9359999999999999
18999;DEU;Europe;Germany;2020-07-20;201823,0;249,0;408,57099999999997;9086,0;2,0;3,1430000000000002;2408,851;2,972;4,876;108,446;0,024;0,038;;;;;;;;;;;;;77696,0;0,927;190,165;0,005;tests performed;55,09;83783945,0;237,016;46,6;21,453000000000007;15,957;45229,245;;156,139;8,31;28,2;33,1;;8,0;81,33;0,9359999999999999
19000;DEU;Europe;Germany;2020-07-21;202345,0;522,0;424,286;9090,0;4,0;3,1430000000000002;2415,081;6,23;5,064;108,493;0,048;0,038;;;;;;;;;;;;;78434,0;0,9359999999999999;184,861;0,005;tests performed;55,09;83783945,0;237,016;46,6;21,453000000000007;15,957;45229,245;;156,139;8,31;28,2;33,1;;8,0;81,33;0,9359999999999999
19001;DEU;Europe;Germany;2020-07-22;202799,0;454,0;439,0;9095,0;5,0;3,429;2420,5;5,419;5,24;108,553;0,06;0,040999999999999995;;;;;;;;;;;;;79173,0;0,945;180,349;0,006;tests performed;55,09;83783945,0;237,016;46,6;21,453000000000007;15,957;45229,245;;156,139;8,31;28,2;33,1;;8,0;81,33;0,9359999999999999
19002;DEU;Europe;Germany;2020-07-23;203368,0;569,0;444,0;9101,0;6,0;3,286;2427,291;6,791;5,2989999999999995;108,625;0,07200000000000001;0,039;;;;;;;;;;;;;79911,0;0,9540000000000001;179,98;0,006;tests performed;55,09;83783945,0;237,016;46,6;21,453000000000007;15,957;45229,245;;156,139;8,31;28,2;33,1;;8,0;81,33;0,9359999999999999
19003;DEU;Europe;Germany;2020-07-24;204183,0;815,0;477,14300000000003;9111,0;10,0;4,143;2437,018;9,727;5,695;108,744;0,11900000000000001;0,049;;;;;;;;;;;;;80649,0;0,963;169,025;0,006;tests performed;55,09;83783945,0;237,016;46,6;21,453000000000007;15,957;45229,245;;156,139;8,31;28,2;33,1;;8,0;81,33;0,9359999999999999
19004;DEU;Europe;Germany;2020-07-25;204964,0;781,0;513,143;9118,0;7,0;5,0;2446,34;9,322000000000001;6,125;108,82799999999999;0,084;0,06;;;;;;;;;;;;;81388,0;0,971;158,607;0,006;tests performed;55,09;83783945,0;237,016;46,6;21,453000000000007;15,957;45229,245;;156,139;8,31;28,2;33,1;;8,0;81,33;0,9359999999999999
19005;DEU;Europe;Germany;2020-07-26;205269,0;305,0;527,857;9118,0;0,0;4,857;2449,98;3,64;6,3;108,82799999999999;0,0;0,057999999999999996;;;;;;;278,54200000000003;3,325;8046666,0;;96,041;;82126,0;0,98;155,584;0,006;tests performed;55,09;83783945,0;237,016;46,6;21,453000000000007;15,957;45229,245;;156,139;8,31;28,2;33,1;;8,0;81,33;0,9359999999999999
19006;DEU;Europe;Germany;2020-07-27;205609,0;340,0;540,857;9118,0;0,0;4,5710000000000015;2454,038;4,058;6,455;108,82799999999999;0,0;0,055;;;;;;;;;;;;;82366,0;0,983;152,28799999999995;0,006999999999999999;tests performed;55,09;83783945,0;237,016;46,6;21,453000000000007;15,957;45229,245;;156,139;8,31;28,2;33,1;;8,0;81,33;0,9359999999999999
19007;DEU;Europe;Germany;2020-07-28;206242,0;633,0;556,714;9122,0;4,0;4,5710000000000015;2461,593;7,555;6,645;108,875;0,048;0,055;;;;;;;;;;;;;82605,0;0,986;148,38;0,006999999999999999;tests performed;55,09;83783945,0;237,016;46,6;21,453000000000007;15,957;45229,245;;156,139;8,31;28,2;33,1;;8,0;81,33;0,9359999999999999
19008;DEU;Europe;Germany;2020-07-29;206926,0;684,0;589,571;9128,0;6,0;4,7139999999999995;2469,757;8,164;7,037000000000001;108,947;0,07200000000000001;0,055999999999999994;;;;;;;;;;;;;82845,0;0,9890000000000001;140,517;0,006999999999999999;tests performed;55,09;83783945,0;237,016;46,6;21,453000000000007;15,957;45229,245;;156,139;8,31;28,2;33,1;;8,0;81,33;0,9359999999999999
19009;DEU;Europe;Germany;2020-07-30;207828,0;902,0;637,143;9134,0;6,0;4,7139999999999995;2480,5229999999997;10,765999999999998;7,605;109,01799999999999;0,07200000000000001;0,055999999999999994;;;;;;;;;;;;;83084,0;0,992;130,401;0,008;tests performed;55,09;83783945,0;237,016;46,6;21,453000000000007;15,957;45229,245;;156,139;8,31;28,2;33,1;;8,0;81,33;0,9359999999999999
19010;DEU;Europe;Germany;2020-07-31;208698,0;870,0;645,0;9141,0;7,0;4,2860000000000005;2490,907;10,384;7,697999999999999;109,102;0,084;0,051;;;;;;;;;;;;;83324,0;0,995;129,184;0,008;tests performed;57,87;83783945,0;237,016;46,6;21,453000000000007;15,957;45229,245;;156,139;8,31;28,2;33,1;;8,0;81,33;0,9359999999999999
19011;DEU;Europe;Germany;2020-08-01;209653,0;955,0;669,857;9141,0;0,0;3,286;2502,305;11,398;7,995;109,102;0,0;0,039;;;;;;;;;;;;;83563,0;0,997;124,747;0,008;tests performed;57,87;83783945,0;237,016;46,6;21,453000000000007;15,957;45229,245;;156,139;8,31;28,2;33,1;;8,0;81,33;0,9359999999999999
19012;DEU;Europe;Germany;2020-08-02;209893,0;240,0;660,571;9141,0;0,0;3,286;2505,17;2,865;7,883999999999999;109,102;0,0;0,039;;;;;;;300,745;3,59;8633286,0;;103,042;;83803,0;1,0;126,864;0,008;tests performed;57,87;83783945,0;237,016;46,6;21,453000000000007;15,957;45229,245;;156,139;8,31;28,2;33,1;;8,0;81,33;0,9359999999999999
19013;DEU;Europe;Germany;2020-08-03;210402,0;509,0;684,7139999999997;9148,0;7,0;4,2860000000000005;2511,245;6,075;8,172;109,186;0,084;0,051;;;;;;;;;;;;;86855,0;1,037;126,849;0,008;tests performed;57,87;83783945,0;237,016;46,6;21,453000000000007;15,957;45229,245;;156,139;8,31;28,2;33,1;;8,0;81,33;0,9359999999999999
19014;DEU;Europe;Germany;2020-08-04;211281,0;879,0;719,857;9156,0;8,0;4,857;2521,736;10,491;8,592;109,281;0,095;0,057999999999999996;;;;;;;;;;;;;89907,0;1,073;124,896;0,008;tests performed;57,87;83783945,0;237,016;46,6;21,453000000000007;15,957;45229,245;;156,139;8,31;28,2;33,1;;8,0;81,33;0,9359999999999999
19015;DEU;Europe;Germany;2020-08-05;212022,0;741,0;728,0;9168,0;12,0;5,7139999999999995;2530,58;8,844;8,689;109,42399999999999;0,14300000000000002;0,068;;;;;;;;;;;;;92959,0;1,11;127,691;0,008;tests performed;57,87;83783945,0;237,016;46,6;21,453000000000007;15,957;45229,245;;156,139;8,31;28,2;33,1;;8,0;81,33;0,9359999999999999
19016;DEU;Europe;Germany;2020-08-06;213067,0;1045,0;748,429;9175,0;7,0;5,857;2543,053;12,472999999999999;8,933;109,508;0,084;0,07;;;;;;;;;;;;;96011,0;1,146;128,283;0,008;tests performed;57,87;83783945,0;237,016;46,6;21,453000000000007;15,957;45229,245;;156,139;8,31;28,2;33,1;;8,0;81,33;0,9359999999999999
19017;DEU;Europe;Germany;2020-08-07;214214,0;1147,0;788,0;9183,0;8,0;6,0;2556,743;13,69;9,405;109,603;0,095;0,07200000000000001;;;;;;;;;;;;;99063,0;1,182;125,714;0,008;tests performed;59,72;83783945,0;237,016;46,6;21,453000000000007;15,957;45229,245;;156,139;8,31;28,2;33,1;;8,0;81,33;0,9359999999999999
19018;DEU;Europe;Germany;2020-08-08;215336,0;1122,0;811,857;9195,0;12,0;7,713999999999999;2570,134;13,392000000000001;9,69;109,74700000000001;0,14300000000000002;0,092;;;;;;;;;;;;;102115,0;1,219;125,78;0,008;tests performed;56,94;83783945,0;237,016;46,6;21,453000000000007;15,957;45229,245;;156,139;8,31;28,2;33,1;;8,0;81,33;0,9359999999999999
19019;DEU;Europe;Germany;2020-08-09;215891,0;555,0;856,857;9196,0;1,0;7,857;2576,759;6,624;10,227;109,758;0,012;0,094;;;;;;;268,45;3,204;9369457,0;;111,829;;105167,0;1,255;122,736;0,008;tests performed;56,94;83783945,0;237,016;46,6;21,453000000000007;15,957;45229,245;;156,139;8,31;28,2;33,1;;8,0;81,33;0,9359999999999999
19020;DEU;Europe;Germany;2020-08-10;216327,0;436,0;846,429;9197,0;1,0;7,0;2581,962;5,204;10,103;109,77;0,012;0,084;;;;;;;;;;;;;107192,0;1,2790000000000001;126,64;0,008;tests performed;56,94;83783945,0;237,016;46,6;21,453000000000007;15,957;45229,245;;156,139;8,31;28,2;33,1;;8,0;81,33;0,9359999999999999
19021;DEU;Europe;Germany;2020-08-11;217293,0;966,0;858,857;9201,0;4,0;6,428999999999999;2593,492;11,53;10,251;109,818;0,048;0,077;;;;;;;;;;;;;109217,0;1,304;127,166;0,008;tests performed;56,94;83783945,0;237,016;46,6;21,453000000000007;15,957;45229,245;;156,139;8,31;28,2;33,1;;8,0;81,33;0,9359999999999999
19022;DEU;Europe;Germany;2020-08-12;218519,0;1226,0;928,143;9207,0;6,0;5,5710000000000015;2608,125;14,633;11,078;109,89;0,07200000000000001;0,066;;;;;;;;;;;;;111242,0;1,328;119,854;0,008;tests performed;56,94;83783945,0;237,016;46,6;21,453000000000007;15,957;45229,245;;156,139;8,31;28,2;33,1;;8,0;81,33;0,9359999999999999
19023;DEU;Europe;Germany;2020-08-13;219964,0;1445,0;985,2860000000001;9211,0;4,0;5,143;2625,3720000000008;17,247;11,76;109,93799999999999;0,048;0,061;;;;;;;;;;;;;113266,0;1,3519999999999999;114,958;0,009000000000000001;tests performed;56,94;83783945,0;237,016;46,6;21,453000000000007;15,957;45229,245;;156,139;8,31;28,2;33,1;;8,0;81,33;0,9359999999999999
19024;DEU;Europe;Germany;2020-08-14;221413,0;1449,0;1028,4289999999999;9225,0;14,0;6,0;2642,6659999999997;17,294;12,275;110,105;0,16699999999999998;0,07200000000000001;;;;;;;;;;;;;115291,0;1,376;112,104;0,009000000000000001;tests performed;56,94;83783945,0;237,016;46,6;21,453000000000007;15,957;45229,245;;156,139;8,31;28,2;33,1;;8,0;81,33;0,9359999999999999
19025;DEU;Europe;Germany;2020-08-15;222828,0;1415,0;1070,286;9231,0;6,0;5,143;2659,555;16,889;12,774000000000001;110,176;0,07200000000000001;0,061;;;;;;;;;;;;;117316,0;1,4;109,612;0,009000000000000001;tests performed;56,94;83783945,0;237,016;46,6;21,453000000000007;15,957;45229,245;;156,139;8,31;28,2;33,1;;8,0;81,33;0,9359999999999999
19026;DEU;Europe;Germany;2020-08-16;223453,0;625,0;1080,286;9231,0;0,0;5,0;2667,015;7,46;12,894;110,176;0,0;0,06;;;;;;;308,819;3,686;10204841,0;;121,79899999999999;;119341,0;1,4240000000000002;110,472;0,009000000000000001;tests performed;56,94;83783945,0;237,016;46,6;21,453000000000007;15,957;45229,245;;156,139;8,31;28,2;33,1;;8,0;81,33;0,9359999999999999
19027;DEU;Europe;Germany;2020-08-17;224014,0;561,0;1098,143;9232,0;1,0;5,0;2673,71;6,6960000000000015;13,107000000000001;110,18799999999999;0,012;0,06;;;;;;;;;;;;;124578,0;1,4869999999999999;113,444;0,009000000000000001;tests performed;56,94;83783945,0;237,016;46,6;21,453000000000007;15,957;45229,245;;156,139;8,31;28,2;33,1;;8,0;81,33;0,9359999999999999
19028;DEU;Europe;Germany;2020-08-18;225404,0;1390,0;1158,714;9236,0;4,0;5,0;2690,301;16,59;13,83;110,236;0,048;0,06;;;;;;;;;;;;;129815,0;1,5490000000000002;112,034;0,009000000000000001;tests performed;56,94;83783945,0;237,016;46,6;21,453000000000007;15,957;45229,245;;156,139;8,31;28,2;33,1;;8,0;81,33;0,9359999999999999
19029;DEU;Europe;Germany;2020-08-19;226914,0;1510,0;1199,286;9243,0;7,0;5,143;2708,323;18,023;14,314;110,319;0,084;0,061;;;;;;;;;;;;;135053,0;1,6119999999999999;112,611;0,009000000000000001;tests performed;56,94;83783945,0;237,016;46,6;21,453000000000007;15,957;45229,245;;156,139;8,31;28,2;33,1;;8,0;81,33;0,9359999999999999
19030;DEU;Europe;Germany;2020-08-20;228621,0;1707,0;1236,714;9253,0;10,0;6,0;2728,697;20,374000000000002;14,761;110,439;0,11900000000000001;0,07200000000000001;;;;;;;;;;;;;140290,0;1,6740000000000002;113,438;0,009000000000000001;tests performed;56,94;83783945,0;237,016;46,6;21,453000000000007;15,957;45229,245;;156,139;8,31;28,2;33,1;;8,0;81,33;0,9359999999999999
19031;DEU;Europe;Germany;2020-08-21;230048,0;1427,0;1233,5710000000001;9260,0;7,0;5,0;2745,7290000000007;17,032;14,722999999999999;110,522;0,084;0,06;;;;;;;;;;;;;145527,0;1,7369999999999999;117,972;0,008;tests performed;56,94;83783945,0;237,016;46,6;21,453000000000007;15,957;45229,245;;156,139;8,31;28,2;33,1;;8,0;81,33;0,9359999999999999
19032;DEU;Europe;Germany;2020-08-22;232082,0;2034,0;1322,0;9267,0;7,0;5,143;2770,006;24,276999999999997;15,779000000000002;110,60600000000001;0,084;0,061;;;;;;;;;;;;;150765,0;1,7990000000000002;114,043;0,009000000000000001;tests performed;56,94;83783945,0;237,016;46,6;21,453000000000007;15,957;45229,245;;156,139;8,31;28,2;33,1;;8,0;81,33;0,9359999999999999
19033;DEU;Europe;Germany;2020-08-23;232864,0;782,0;1344,4289999999999;9269,0;2,0;5,428999999999999;2779,3390000000004;9,334;16,046;110,63;0,024;0,065;;;;;;;267,441;3,192;11296854,0;;134,833;;156002,0;1,8619999999999999;116,036;0,009000000000000001;tests performed;56,94;83783945,0;237,016;46,6;21,453000000000007;15,957;45229,245;;156,139;8,31;28,2;33,1;;8,0;81,33;0,9359999999999999
19034;DEU;Europe;Germany;2020-08-24;233575,0;711,0;1365,8570000000002;9272,0;3,0;5,7139999999999995;2787,825;8,486;16,302;110,666;0,036000000000000004;0,068;;;;;;;;;;;;;156598,0;1,869;114,652;0,009000000000000001;tests performed;59,72;83783945,0;237,016;46,6;21,453000000000007;15,957;45229,245;;156,139;8,31;28,2;33,1;;8,0;81,33;0,9359999999999999
19035;DEU;Europe;Germany;2020-08-25;234853,0;1278,0;1349,8570000000002;9277,0;5,0;5,857;2803,079;15,254000000000001;16,111;110,725;0,06;0,07;;;;;;;;;;;;;157194,0;1,876;116,452;0,009000000000000001;tests performed;59,72;83783945,0;237,016;46,6;21,453000000000007;15,957;45229,245;;156,139;8,31;28,2;33,1;;8,0;81,33;0,9359999999999999
19036;DEU;Europe;Germany;2020-08-26;236429,0;1576,0;1359,286;9280,0;3,0;5,2860000000000005;2821,889;18,81;16,224;110,76100000000001;0,036000000000000004;0,063;;;;;;;;;;;;;157790,0;1,883;116,083;0,009000000000000001;tests performed;59,72;83783945,0;237,016;46,6;21,453000000000007;15,957;45229,245;;156,139;8,31;28,2;33,1;;8,0;81,33;0,9359999999999999
19037;DEU;Europe;Germany;2020-08-27;237936,0;1507,0;1330,714;9285,0;5,0;4,5710000000000015;2839,8759999999997;17,987000000000005;15,883;110,821;0,06;0,055;;;;;;;;;;;;;158386,0;1,89;119,023;0,008;tests performed;59,72;83783945,0;237,016;46,6;21,453000000000007;15,957;45229,245;;156,139;8,31;28,2;33,1;;8,0;81,33;0,9359999999999999
19038;DEU;Europe;Germany;2020-08-28;239507,0;1571,0;1351,286;9288,0;3,0;4,0;2858,6259999999997;18,750999999999998;16,128;110,85700000000001;0,036000000000000004;0,048;;;;;;;;;;;;;158982,0;1,8980000000000001;117,652;0,008;tests performed;59,72;83783945,0;237,016;46,6;21,453000000000007;15,957;45229,245;;156,139;8,31;28,2;33,1;;8,0;81,33;0,9359999999999999
19039;DEU;Europe;Germany;2020-08-29;240986,0;1479,0;1272,0;9289,0;1,0;3,1430000000000002;2876,2790000000005;17,653;15,182;110,868;0,012;0,038;;;;;;;;;;;;;159577,0;1,905;125,454;0,008;tests performed;59,72;83783945,0;237,016;46,6;21,453000000000007;15,957;45229,245;;156,139;8,31;28,2;33,1;;8,0;81,33;0,9359999999999999
19040;DEU;Europe;Germany;2020-08-30;241771,0;785,0;1272,4289999999999;9295,0;6,0;3,714;2885,6479999999997;9,369;15,187000000000001;110,94;0,07200000000000001;0,044000000000000004;;;;;;;237,165;2,8310000000000004;12418068,0;;148,215;;160173,0;1,912;125,88;0,008;tests performed;59,72;83783945,0;237,016;46,6;21,453000000000007;15,957;45229,245;;156,139;8,31;28,2;33,1;;8,0;81,33;0,9359999999999999
19041;DEU;Europe;Germany;2020-08-31;242381,0;610,0;1258,0;9298,0;3,0;3,714;2892,929;7,2810000000000015;15,015;110,976;0,036000000000000004;0,044000000000000004;;;;;;;;;;;;;159732,0;1,906;126,973;0,008;tests performed;59,72;83783945,0;237,016;46,6;21,453000000000007;15,957;45229,245;;156,139;8,31;28,2;33,1;;8,0;81,33;0,9359999999999999
19042;DEU;Europe;Germany;2020-09-01;243599,0;1218,0;1249,4289999999999;9302,0;4,0;3,571;2907,466;14,537;14,913;111,024;0,048;0,043;;;;;;;;;;;;;159292,0;1,901;127,492;0,008;tests performed;59,72;83783945,0;237,016;46,6;21,453000000000007;15,957;45229,245;;156,139;8,31;28,2;33,1;;8,0;81,33;0,9359999999999999
19043;DEU;Europe;Germany;2020-09-02;244855,0;1256,0;1203,714;9313,0;11,0;4,7139999999999995;2922,4570000000012;14,991;14,367;111,155;0,131;0,055999999999999994;;;;;;;;;;;;;158851,0;1,896;131,967;0,008;tests performed;59,72;83783945,0;237,016;46,6;21,453000000000007;15,957;45229,245;;156,139;8,31;28,2;33,1;;8,0;81,33;0,9359999999999999
19044;DEU;Europe;Germany;2020-09-03;246166,0;1311,0;1175,714;9321,0;8,0;5,143;2938,105;15,647;14,033;111,25;0,095;0,061;;;;;;;;;;;;;158410,0;1,891;134,735;0,006999999999999999;tests performed;57,87;83783945,0;237,016;46,6;21,453000000000007;15,957;45229,245;;156,139;8,31;28,2;33,1;;8,0;81,33;0,9359999999999999
19045;DEU;Europe;Germany;2020-09-04;247619,0;1453,0;1158,857;9322,0;1,0;4,857;2955,447;17,342;13,831;111,262;0,012;0,057999999999999996;;;;;;;;;;;;;157969,0;1,885;136,314;0,006999999999999999;tests performed;49,54;83783945,0;237,016;46,6;21,453000000000007;15,957;45229,245;;156,139;8,31;28,2;33,1;;8,0;81,33;0,9359999999999999
19046;DEU;Europe;Germany;2020-09-05;248997,0;1378,0;1144,4289999999999;9324,0;2,0;5,0;2971,8940000000002;16,447;13,659;111,286;0,024;0,06;;;;;;;;;;;;;157528,0;1,88;137,648;0,006999999999999999;tests performed;49,54;83783945,0;237,016;46,6;21,453000000000007;15,957;45229,245;;156,139;8,31;28,2;33,1;;8,0;81,33;0,9359999999999999
19047;DEU;Europe;Germany;2020-09-06;249985,0;988,0;1173,4289999999999;9325,0;1,0;4,2860000000000005;2983,6859999999997;11,792;14,005;111,29799999999999;0,012;0,051;;;;;;;257,349;3,072;13517676,0;;161,34;;157087,0;1,875;133,87;0,006999999999999999;tests performed;49,54;83783945,0;237,016;46,6;21,453000000000007;15,957;45229,245;;156,139;8,31;28,2;33,1;;8,0;81,33;0,9359999999999999
19048;DEU;Europe;Germany;2020-09-07;250799,0;814,0;1202,5710000000001;9325,0;0,0;3,8569999999999998;2993,402;9,715;14,353;111,29799999999999;0,0;0,046;;;;;;;;;;;;;158427,0;1,891;131,74;0,008;tests performed;49,54;83783945,0;237,016;46,6;21,453000000000007;15,957;45229,245;;156,139;8,31;28,2;33,1;;8,0;81,33;0,9359999999999999
19049;DEU;Europe;Germany;2020-09-08;252298,0;1499,0;1242,714;9329,0;4,0;3,8569999999999998;3011,2929999999997;17,891;14,832;111,346;0,048;0,046;;;;;;;;;;;;;159767,0;1,9069999999999998;128,563;0,008;tests performed;49,54;83783945,0;237,016;46,6;21,453000000000007;15,957;45229,245;;156,139;8,31;28,2;33,1;;8,0;81,33;0,9359999999999999
19050;DEU;Europe;Germany;2020-09-09;253474,0;1176,0;1231,286;9338,0;9,0;3,571;3025,329;14,036;14,696;111,45299999999999;0,107;0,043;;;;;;;;;;;;;161107,0;1,923;130,845;0,008;tests performed;49,54;83783945,0;237,016;46,6;21,453000000000007;15,957;45229,245;;156,139;8,31;28,2;33,1;;8,0;81,33;0,9359999999999999
19051;DEU;Europe;Germany;2020-09-10;255366,0;1892,0;1314,286;9341,0;3,0;2,8569999999999998;3047,9109999999996;22,581999999999997;15,687000000000001;111,48899999999999;0,036000000000000004;0,034;;;;;;;;;;;;;162447,0;1,939;123,601;0,008;tests performed;49,54;83783945,0;237,016;46,6;21,453000000000007;15,957;45229,245;;156,139;8,31;28,2;33,1;;8,0;81,33;0,9359999999999999
19052;DEU;Europe;Germany;2020-09-11;256850,0;1484,0;1318,714;9342,0;1,0;2,8569999999999998;3065,623;17,712;15,739;111,501;0,012;0,034;;;;;;;;;;;;;163788,0;1,955;124,203;0,008;tests performed;49,54;83783945,0;237,016;46,6;21,453000000000007;15,957;45229,245;;156,139;8,31;28,2;33,1;;8,0;81,33;0,9359999999999999
19053;DEU;Europe;Germany;2020-09-12;258480,0;1630,0;1354,714;9347,0;5,0;3,286;3085,078;19,455;16,169;111,561;0,06;0,039;;;;;;;;;;;;;165128,0;1,9709999999999999;121,891;0,008;tests performed;49,54;83783945,0;237,016;46,6;21,453000000000007;15,957;45229,245;;156,139;8,31;28,2;33,1;;8,0;81,33;0,9359999999999999
19054;DEU;Europe;Germany;2020-09-13;259428,0;948,0;1349,0;9349,0;2,0;3,429;3096,393;11,315;16,101;111,585;0,024;0,040999999999999995;;;;;;;313,865;3,746;14682951,0;;175,248;;166468,0;1,9869999999999999;123,401;0,008;tests performed;49,54;83783945,0;237,016;46,6;21,453000000000007;15,957;45229,245;;156,139;8,31;28,2;33,1;;8,0;81,33;0,9359999999999999
19055;DEU;Europe;Germany;2020-09-14;260355,0;927,0;1365,1429999999998;9350,0;1,0;3,571;3107,4570000000012;11,064;16,294;111,59700000000001;0,012;0,043;;;;;;;;;;;;;166078,0;1,982;121,656;0,008;tests performed;49,54;83783945,0;237,016;46,6;21,453000000000007;15,957;45229,245;;156,139;8,31;28,2;33,1;;8,0;81,33;0,9359999999999999
19056;DEU;Europe;Germany;2020-09-15;261762,0;1407,0;1352,0;9362,0;12,0;4,7139999999999995;3124,25;16,793;16,137;111,74;0,14300000000000002;0,055999999999999994;;;;;;;;;;;;;165689,0;1,9780000000000002;122,551;0,008;tests performed;49,54;83783945,0;237,016;46,6;21,453000000000007;15,957;45229,245;;156,139;8,31;28,2;33,1;;8,0;81,33;0,9359999999999999
19057;DEU;Europe;Germany;2020-09-16;263663,0;1901,0;1455,5710000000001;9368,0;6,0;4,2860000000000005;3146,939000000001;22,689;17,373;111,811;0,07200000000000001;0,051;;;;;;;;;;;;;165300,0;1,973;113,564;0,009000000000000001;tests performed;49,54;83783945,0;237,016;46,6;21,453000000000007;15,957;45229,245;;156,139;8,31;28,2;33,1;;8,0;81,33;0,9359999999999999
19058;DEU;Europe;Germany;2020-09-17;265857,0;2194,0;1498,714;9371,0;3,0;4,2860000000000005;3173,1259999999997;26,186;17,887999999999995;111,84700000000001;0,036000000000000004;0,051;;;;;;;;;;;;;164910,0;1,9680000000000002;110,034;0,009000000000000001;tests performed;49,54;83783945,0;237,016;46,6;21,453000000000007;15,957;45229,245;;156,139;8,31;28,2;33,1;;8,0;81,33;0,9359999999999999
19059;DEU;Europe;Germany;2020-09-18;267773,0;1916,0;1560,4289999999999;9378,0;7,0;5,143;3195,994;22,868000000000002;18,624000000000002;111,931;0,084;0,061;;;;;;;;;;;;;164521,0;1,964;105,433;0,009000000000000001;tests performed;49,54;83783945,0;237,016;46,6;21,453000000000007;15,957;45229,245;;156,139;8,31;28,2;33,1;;8,0;81,33;0,9359999999999999
19060;DEU;Europe;Germany;2020-09-19;270070,0;2297,0;1655,714;9384,0;6,0;5,2860000000000005;3223,41;27,416;19,762;112,00200000000001;0,07200000000000001;0,063;;;;;;;;;;;;;164131,0;1,959;99,13;0,01;tests performed;49,54;83783945,0;237,016;46,6;21,453000000000007;15,957;45229,245;;156,139;8,31;28,2;33,1;;8,0;81,33;0,9359999999999999
19061;DEU;Europe;Germany;2020-09-20;271415,0;1345,0;1712,4289999999999;9386,0;2,0;5,2860000000000005;3239,4629999999997;16,053;20,439;112,02600000000001;0,024;0,063;;;;;;;420,841;5,023;15829144,0;;188,928;;163742,0;1,954;95,62;0,01;tests performed;49,54;83783945,0;237,016;46,6;21,453000000000007;15,957;45229,245;;156,139;8,31;28,2;33,1;;8,0;81,33;0,9359999999999999
19062;DEU;Europe;Germany;2020-09-21;272337,0;922,0;1711,714;9386,0;0,0;5,143;3250,468;11,004000000000001;20,43;112,02600000000001;0,0;0,061;;;;;;;;;;;;;164187,0;1,96;95,92;0,01;tests performed;49,54;83783945,0;237,016;46,6;21,453000000000007;15,957;45229,245;;156,139;8,31;28,2;33,1;;8,0;81,33;0,9359999999999999
19063;DEU;Europe;Germany;2020-09-22;274158,0;1821,0;1770,8570000000002;9396,0;10,0;4,857;3272,202;21,734;21,136;112,146;0,11900000000000001;0,057999999999999996;;;;;;;;;;;;;164633,0;1,965;92,968;0,011;tests performed;49,54;83783945,0;237,016;46,6;21,453000000000007;15,957;45229,245;;156,139;8,31;28,2;33,1;;8,0;81,33;0,9359999999999999
19064;DEU;Europe;Germany;2020-09-23;275927,0;1769,0;1752,0;9409,0;13,0;5,857;3293,316;21,114;20,910999999999998;112,301;0,155;0,07;;;;;;;;;;;;;165078,0;1,97;94,223;0,011;tests performed;49,54;83783945,0;237,016;46,6;21,453000000000007;15,957;45229,245;;156,139;8,31;28,2;33,1;;8,0;81,33;0,9359999999999999
19065;DEU;Europe;Germany;2020-09-24;278070,0;2143,0;1744,714;9428,0;19,0;8,142999999999999;3318,8940000000002;25,57800000000001;20,824;112,52799999999999;0,22699999999999998;0,09699999999999999;;;;;;;;;;;;;165523,0;1,976;94,871;0,011;tests performed;49,54;83783945,0;237,016;46,6;21,453000000000007;15,957;45229,245;;156,139;8,31;28,2;33,1;;8,0;81,33;0,9359999999999999
19066;DEU;Europe;Germany;2020-09-25;280223,0;2153,0;1778,5710000000001;9443,0;15,0;9,286;3344,591;25,697;21,228;112,70700000000001;0,179;0,111;;;;;;;;;;;;;165969,0;1,9809999999999999;93,316;0,011;tests performed;49,54;83783945,0;237,016;46,6;21,453000000000007;15,957;45229,245;;156,139;8,31;28,2;33,1;;8,0;81,33;0,9359999999999999
19067;DEU;Europe;Germany;2020-09-26;282730,0;2507,0;1808,5710000000001;9452,0;9,0;9,714;3374,513;29,921999999999997;21,586;112,814;0,107;0,11599999999999999;;;;;;;;;;;;;166414,0;1,986;92,014;0,011;tests performed;49,54;83783945,0;237,016;46,6;21,453000000000007;15,957;45229,245;;156,139;8,31;28,2;33,1;;8,0;81,33;0,9359999999999999
19068;DEU;Europe;Germany;2020-09-27;284140,0;1410,0;1817,8570000000002;9457,0;5,0;10,142999999999999;3391,342;16,829;21,697;112,874;0,06;0,121;;;;;;;415,795;4,963;16997160,0;;202,86900000000003;;166859,0;1,992;91,789;0,011;tests performed;49,54;83783945,0;237,016;46,6;21,453000000000007;15,957;45229,245;;156,139;8,31;28,2;33,1;;8,0;81,33;0,9359999999999999
19069;DEU;Europe;Germany;2020-09-28;285332,0;1192,0;1856,4289999999999;9460,0;3,0;10,571;3405,5690000000004;14,227;22,156999999999996;112,90899999999999;0,036000000000000004;0,126;;;;;;;;;;;;;165493,0;1,975;89,146;0,011;tests performed;49,54;83783945,0;237,016;46,6;21,453000000000007;15,957;45229,245;;156,139;8,31;28,2;33,1;;8,0;81,33;0,9359999999999999
19070;DEU;Europe;Germany;2020-09-29;287421,0;2089,0;1894,714;9471,0;11,0;10,714;3430,502;24,933000000000003;22,614;113,041;0,131;0,128;;;;;;;;;;;;;164127,0;1,959;86,624;0,012;tests performed;49,54;83783945,0;237,016;46,6;21,453000000000007;15,957;45229,245;;156,139;8,31;28,2;33,1;;8,0;81,33;0,9359999999999999
19071;DEU;Europe;Germany;2020-09-30;289219,0;1798,0;1898,8570000000002;9488,0;17,0;11,286;3451,962;21,46;22,664;113,244;0,203;0,135;;;;;;;;;;;;;162761,0;1,943;85,715;0,012;tests performed;49,54;83783945,0;237,016;46,6;21,453000000000007;15,957;45229,245;;156,139;8,31;28,2;33,1;;8,0;81,33;0,9359999999999999
19072;DEU;Europe;Germany;2020-10-01;291722,0;2503,0;1950,286;9500,0;12,0;10,286;3481,837;29,874000000000002;23,278000000000002;113,387;0,14300000000000002;0,12300000000000001;;;;;;;;;;;;;161395,0;1,926;82,755;0,012;tests performed;46,76;83783945,0;237,016;46,6;21,453000000000007;15,957;45229,245;;156,139;8,31;28,2;33,1;;8,0;81,33;0,9359999999999999
19073;DEU;Europe;Germany;2020-10-02;294395,0;2673,0;2024,5710000000001;9508,0;8,0;9,286;3513,74;31,903000000000002;24,164;113,48200000000001;0,095;0,111;;;;;;;;;;;;;160029,0;1,91;79,043;0,013;tests performed;46,76;83783945,0;237,016;46,6;21,453000000000007;15,957;45229,245;;156,139;8,31;28,2;33,1;;8,0;81,33;0,9359999999999999
19074;DEU;Europe;Germany;2020-10-03;296958,0;2563,0;2032,5710000000001;9527,0;19,0;10,714;3544,3309999999997;30,590999999999998;24,26;113,709;0,22699999999999998;0,128;;;;;;;;;;;;;158663,0;1,8940000000000001;78,06;0,013;tests performed;46,76;83783945,0;237,016;46,6;21,453000000000007;15,957;45229,245;;156,139;8,31;28,2;33,1;;8,0;81,33;0,9359999999999999
19075;DEU;Europe;Germany;2020-10-04;299237,0;2279,0;2156,714;9529,0;2,0;10,286;3571,532;27,201;25,741;113,73299999999999;0,024;0,12300000000000001;;;;;;;317,902;3,794;18098240,0;;216,011;;157297,0;1,8769999999999998;72,934;0,014;tests performed;46,76;83783945,0;237,016;46,6;21,453000000000007;15,957;45229,245;;156,139;8,31;28,2;33,1;;8,0;81,33;0,9359999999999999
19076;DEU;Europe;Germany;2020-10-05;300619,0;1382,0;2183,857;9534,0;5,0;10,571;3588,026;16,495;26,065;113,79299999999999;0,06;0,126;;;;;;;;;;;;;159595,0;1,905;73,079;0,014;tests performed;46,76;83783945,0;237,016;46,6;21,453000000000007;15,957;45229,245;;156,139;8,31;28,2;33,1;;8,0;81,33;0,9359999999999999
19077;DEU;Europe;Germany;2020-10-06;303258,0;2639,0;2262,429;9546,0;12,0;10,714;3619,5240000000003;31,498;27,003;113,936;0,14300000000000002;0,128;;;;;;;;;;;;;161892,0;1,932;71,557;0,014;tests performed;46,76;83783945,0;237,016;46,6;21,453000000000007;15,957;45229,245;;156,139;8,31;28,2;33,1;;8,0;81,33;0,9359999999999999
19078;DEU;Europe;Germany;2020-10-07;306086,0;2828,0;2409,571;9562,0;16,0;10,571;3653,277;33,753;28,759;114,12700000000001;0,191;0,126;;;;;;;;;;;;;164190,0;1,96;68,141;0,015;tests performed;46,76;83783945,0;237,016;46,6;21,453000000000007;15,957;45229,245;;156,139;8,31;28,2;33,1;;8,0;81,33;0,9359999999999999
19079;DEU;Europe;Germany;2020-10-08;310144,0;4058,0;2631,7140000000004;9578,0;16,0;11,142999999999999;3701,712;48,434;31,410999999999998;114,318;0,191;0,133;;;;;;;;;;;;;166487,0;1,9869999999999999;63,262;0,016;tests performed;46,76;83783945,0;237,016;46,6;21,453000000000007;15,957;45229,245;;156,139;8,31;28,2;33,1;;8,0;81,33;0,9359999999999999
19080;DEU;Europe;Germany;2020-10-09;314660,0;4516,0;2895,0;9589,0;11,0;11,571;3755,612;53,901;34,553000000000004;114,449;0,131;0,138;;;;;;;;;;;;;168785,0;2,015;58,302;0,017;tests performed;46,76;83783945,0;237,016;46,6;21,453000000000007;15,957;45229,245;;156,139;8,31;28,2;33,1;;8,0;81,33;0,9359999999999999
19081;DEU;Europe;Germany;2020-10-10;319381,0;4721,0;3203,2859999999996;9604,0;15,0;11,0;3811,9590000000003;56,347;38,233000000000004;114,62799999999999;0,179;0,131;;;;;;;;;;;;;171082,0;2,042;53,408;0,019;tests performed;46,76;83783945,0;237,016;46,6;21,453000000000007;15,957;45229,245;;156,139;8,31;28,2;33,1;;8,0;81,33;0,9359999999999999
19082;DEU;Europe;Germany;2020-10-11;322864,0;3483,0;3375,2859999999996;9615,0;11,0;12,286;3853,531;41,57100000000001;40,286;114,759;0,131;0,147;;;;;;;;;19311898,0;;230,49599999999998;;173380,0;2,069;51,368;0,019;tests performed;46,76;83783945,0;237,016;46,6;21,453000000000007;15,957;45229,245;;156,139;8,31;28,2;33,1;;8,0;81,33;0,9359999999999999
19083;DEU;Europe;Germany;2020-10-12;325331,0;2467,0;3530,2859999999996;9621,0;6,0;12,429;3882,975;29,445;42,136;114,831;0,07200000000000001;0,14800000000000002;;;;;;;;;;;;;173353,0;2,069;49,105;0,02;tests performed;46,76;83783945,0;237,016;46,6;21,453000000000007;15,957;45229,245;;156,139;8,31;28,2;33,1;;8,0;81,33;0,9359999999999999
19084;DEU;Europe;Germany;2020-10-13;329453,0;4122,0;3742,143;9634,0;13,0;12,571;3932,173;49,198;44,663999999999994;114,986;0,155;0,15;;;;;;;;;;;;;173327,0;2,069;46,31800000000001;0,022;tests performed;46,76;83783945,0;237,016;46,6;21,453000000000007;15,957;45229,245;;156,139;8,31;28,2;33,1;;8,0;81,33;0,9359999999999999
19085;DEU;Europe;Germany;2020-10-14;334585,0;5132,0;4071,2859999999996;9677,0;43,0;16,429000000000002;3993,426;61,253;48,593;115,499;0,513;0,196;;;;;;;;;;;;;173300,0;2,068;42,566;0,023;tests performed;46,76;83783945,0;237,016;46,6;21,453000000000007;15,957;45229,245;;156,139;8,31;28,2;33,1;;8,0;81,33;0,9359999999999999
19086;DEU;Europe;Germany;2020-10-15;341223,0;6638,0;4439,857;9710,0;33,0;18,857;4072,6540000000014;79,22800000000002;52,992;115,89299999999999;0,39399999999999996;0,225;;;;;;;;;;;;;173274,0;2,068;39,027;0,026;tests performed;46,76;83783945,0;237,016;46,6;21,453000000000007;15,957;45229,245;;156,139;8,31;28,2;33,1;;8,0;81,33;0,9359999999999999
19087;DEU;Europe;Germany;2020-10-16;348557,0;7334,0;4842,429;9734,0;24,0;20,714000000000002;4160,188;87,535;57,797;116,18;0,28600000000000003;0,247;;;;;;;;;;;;;173248,0;2,068;35,777;0,028;tests performed;46,76;83783945,0;237,016;46,6;21,453000000000007;15,957;45229,245;;156,139;8,31;28,2;33,1;;8,0;81,33;0,9359999999999999
19088;DEU;Europe;Germany;2020-10-17;356387,0;7830,0;5286,571;9767,0;33,0;23,285999999999998;4253,643;93,455;63,098;116,574;0,39399999999999996;0,278;;;;;;;;;;;;;173221,0;2,0669999999999997;32,766;0,031;tests performed;46,76;83783945,0;237,016;46,6;21,453000000000007;15,957;45229,245;;156,139;8,31;28,2;33,1;;8,0;81,33;0,9359999999999999
19089;DEU;Europe;Germany;2020-10-18;361974,0;5587,0;5587,143;9777,0;10,0;23,143;4320,327;66,683;66,685;116,693;0,11900000000000001;0,276;;;;;;;;;20524261,0;;244,967;;173195,0;2,0669999999999997;30,999;0,032;tests performed;46,76;83783945,0;237,016;46,6;21,453000000000007;15,957;45229,245;;156,139;8,31;28,2;33,1;;8,0;81,33;0,9359999999999999
19090;DEU;Europe;Germany;2020-10-19;366299,0;4325,0;5852,571;9789,0;12,0;24,0;4371,947;51,621;69,85300000000001;116,836;0,14300000000000002;0,28600000000000003;;;;;;;;;;;;;176181,0;2,103;30,103;0,033;tests performed;46,76;83783945,0;237,016;46,6;21,453000000000007;15,957;45229,245;;156,139;8,31;28,2;33,1;;8,0;81,33;0,9359999999999999
19091;DEU;Europe;Germany;2020-10-20;373167,0;6868,0;6244,857;9836,0;47,0;28,857;4453,92;81,973;74,535;117,397;0,561;0,344;;;;;;;;;;;;;179168,0;2,138;28,69;0,035;tests performed;46,76;83783945,0;237,016;46,6;21,453000000000007;15,957;45229,245;;156,139;8,31;28,2;33,1;;8,0;81,33;0,9359999999999999
19092;DEU;Europe;Germany;2020-10-21;380762,0;7595,0;6596,714;9875,0;39,0;28,285999999999998;4544,57;90,65;78,735;117,863;0,465;0,33799999999999997;;;;;;;;;;;;;182154,0;2,174;27,613000000000003;0,036000000000000004;tests performed;46,76;83783945,0;237,016;46,6;21,453000000000007;15,957;45229,245;;156,139;8,31;28,2;33,1;;8,0;81,33;0,9359999999999999
19093;DEU;Europe;Germany;2020-10-22;392049,0;11287,0;7260,857;9905,0;30,0;27,857;4679,286;134,716;86,662;118,221;0,358;0,332;;;;;;;;;;;;;185141,0;2,21;25,499;0,039;tests performed;46,76;83783945,0;237,016;46,6;21,453000000000007;15,957;45229,245;;156,139;8,31;28,2;33,1;;8,0;81,33;0,9359999999999999
19094;DEU;Europe;Germany;2020-10-23;403291,0;11242,0;7819,143;9954,0;49,0;31,429000000000002;4813,464;134,178;93,325;118,806;0,585;0,375;;;;;;;;;;;;;188128,0;2,245;24,06;0,042;tests performed;46,76;83783945,0;237,016;46,6;21,453000000000007;15,957;45229,245;;156,139;8,31;28,2;33,1;;8,0;81,33;0,9359999999999999
19095;DEU;Europe;Germany;2020-10-24;418005,0;14714,0;8802,571;10003,0;49,0;33,714;4989,082;175,618;105,06299999999999;119,39;0,585;0,402;;;;;;;;;;;;;191114,0;2,281;21,711;0,046;tests performed;46,76;83783945,0;237,016;46,6;21,453000000000007;15,957;45229,245;;156,139;8,31;28,2;33,1;;8,0;81,33;0,9359999999999999
19096;DEU;Europe;Germany;2020-10-25;429181,0;11176,0;9601,0;10032,0;29,0;36,429;5122,473;133,391;114,59200000000001;119,73700000000001;0,34600000000000003;0,435;;;;;;;;;21882967,0;;261,183;;194101,0;2,3169999999999997;20,217;0,049;tests performed;46,76;83783945,0;237,016;46,6;21,453000000000007;15,957;45229,245;;156,139;8,31;28,2;33,1;;8,0;81,33;0,9359999999999999
19097;DEU;Europe;Germany;2020-10-26;437866,0;8685,0;10223,857;10056,0;24,0;38,143;5226,133;103,65899999999999;122,02600000000001;120,023;0,28600000000000003;0,455;;;;;;;;;;;;;;;;;;46,76;83783945,0;237,016;46,6;21,453000000000007;15,957;45229,245;;156,139;8,31;28,2;33,1;;8,0;81,33;0,9359999999999999
19098;DEU;Europe;Germany;2020-10-27;449275,0;11409,0;10872,571000000002;10098,0;42,0;37,429;5362,304;136,172;129,769;120,524;0,501;0,447;;;;;;;;;;;;;;;;;;46,76;83783945,0;237,016;46,6;21,453000000000007;15,957;45229,245;;156,139;8,31;28,2;33,1;;8,0;81,33;0,9359999999999999
19099;DEU;Europe;Germany;2020-10-28;464239,0;14964,0;11925,286;10183,0;85,0;44,0;5540,906;178,602;142,334;121,539;1,015;0,525;;;;;;;;;;;;;;;;;;46,76;83783945,0;237,016;46,6;21,453000000000007;15,957;45229,245;;156,139;8,31;28,2;33,1;;8,0;81,33;0,9359999999999999
19100;DEU;Europe;Germany;2020-10-29;481013,0;16774,0;12709,143;10272,0;89,0;52,428999999999995;5741,111999999999;200,205;151,689;122,601;1,062;0,626;;;;;;;;;;;;;;;;;;46,76;83783945,0;237,016;46,6;21,453000000000007;15,957;45229,245;;156,139;8,31;28,2;33,1;;8,0;81,33;0,9359999999999999
19101;DEU;Europe;Germany;2020-10-30;499694,0;18681,0;13771,857;10349,0;77,0;56,428999999999995;5964,078;222,96599999999998;164,373;123,52;0,919;0,674;;;;;;;;;;;;;;;;;;;83783945,0;237,016;46,6;21,453000000000007;15,957;45229,245;;156,139;8,31;28,2;33,1;;8,0;81,33;0,9359999999999999
19102;DEU;Europe;Germany;2020-10-31;518753,0;19059,0;14392,571000000002;10452,0;103,0;64,143;6191,556;227,47799999999998;171,782;124,749;1,229;0,7659999999999999;;;;;;;;;;;;;;;;;;;83783945,0;237,016;46,6;21,453000000000007;15,957;45229,245;;156,139;8,31;28,2;33,1;;8,0;81,33;0,9359999999999999
19103;DEU;Europe;Germany;2020-11-01;532930,0;14177,0;14821,286;10481,0;29,0;64,143;6360,765;169,209;176,899;125,096;0,34600000000000003;0,7659999999999999;;;;;;;;;;;;;;;;;;;83783945,0;237,016;46,6;21,453000000000007;15,957;45229,245;;156,139;8,31;28,2;33,1;;8,0;81,33;0,9359999999999999
19104;DEU;Europe;Germany;2020-11-02;545027,0;12097,0;15308,714;10530,0;49,0;67,714;6505,148;144,38299999999995;182,717;125,68;0,585;0,8079999999999999;;;;;;;;;;;;;;;;;;;83783945,0;237,016;46,6;21,453000000000007;15,957;45229,245;;156,139;8,31;28,2;33,1;;8,0;81,33;0,9359999999999999
19105;DEU;Europe;Germany;2020-11-03;560379,0;15352,0;15872,0;10661,0;131,0;80,429;6688,382;183,233;189,44;127,244;1,564;0,96;;;;;;;;;;;;;;;;;;;83783945,0;237,016;46,6;21,453000000000007;15,957;45229,245;;156,139;8,31;28,2;33,1;;8,0;81,33;0,9359999999999999
19106;DEU;Europe;Germany;2020-11-04;577593,0;17214,0;16193,428999999998;10812,0;151,0;89,85700000000001;6893,839;205,457;193,27599999999998;129,046;1,8019999999999998;1,072;;;;;;;;;;;;;;;;;;;83783945,0;237,016;46,6;21,453000000000007;15,957;45229,245;;156,139;8,31;28,2;33,1;;8,0;81,33;0,9359999999999999
