Date; Time; Temperature; Humidity; Pressure1; Pressure2; Statement1; Statement2
02.04.2020;16:11:52;24,2000007629;14,899999618499999;98039;1014,85009411;normal; wechselhaft
02.04.2020;16:12:25;24,1000003815;14,899999618499999;98042;1014,49164705;normal; wechselhaft
02.04.2020;16:12:52;24,1000003815;14,899999618499999;98038;1014,50870309;normal; wechselhaft
02.04.2020;16:12:52;24,1000003815;14,899999618499999;98035;1014,80868814;normal; wechselhaft
02.04.2020;16:13:26;24,1000003815;14,899999618499999;98038;1014,45025697;normal; wechselhaft
02.04.2020;16:13:52;24,0;14,899999618499999;98035;1014,47765873;normal; wechselhaft
02.04.2020;16:13:53;23,8999996185;14,899999618499999;98038;1014,83974262;normal; wechselhaft
02.04.2020;16:14:27;23,8999996185;14,899999618499999;98041;1014,48129953;normal; wechselhaft
02.04.2020;16:14:53;23,8999996185;14,899999618499999;98047;1014,60183614;normal; wechselhaft
02.04.2020;16:14:54;23,7999992371;15,0;98039;1014,85009411;normal; wechselhaft
02.04.2020;16:15:27;23,7999992371;14,899999618499999;98038;1014,45025697;normal; wechselhaft
02.04.2020;16:15:54;23,7000007629;15,0;98043;1014,56044367;normal; wechselhaft
02.04.2020;16:15:54;23,7000007629;15,0;98049;1014,95360905;normal; wechselhaft
02.04.2020;16:16:28;23,7000007629;15,0;98045;1014,52268961;normal; wechselhaft
02.04.2020;16:16:54;23,6000003815;15,0;98040;1014,52939932;normal; wechselhaft
02.04.2020;16:17:00;23,6000003815;15,0;98043;1014,89150009;normal; wechselhaft
02.04.2020;16:17:31;23,5;14,899999618499999;98034;1014,40886688;normal; wechselhaft
02.04.2020;16:17:57;23,3999996185;14,800000190699999;98040;1014,52939932;normal; wechselhaft
02.04.2020;16:18:01;23,3999996185;14,800000190699999;98043;1014,89150009;normal; wechselhaft
02.04.2020;16:18:32;23,3999996185;14,800000190699999;98026;1014,32608672;normal; wechselhaft
02.04.2020;16:18:58;23,3999996185;14,800000190699999;98041;1014,53974744;normal; wechselhaft
02.04.2020;16:19:01;23,2999992371;14,699999809300001;98038;1014,83974262;normal; wechselhaft
02.04.2020;16:19:32;23,2999992371;14,699999809300001;98038;1014,45025697;normal; wechselhaft
02.04.2020;16:19:59;23,2999992371;14,699999809300001;98044;1014,57079179;normal; wechselhaft
02.04.2020;16:20:02;23,2000007629;14,699999809300001;98045;1014,91220307;normal; wechselhaft
02.04.2020;16:20:33;23,2000007629;14,699999809300001;98040;1014,47095201;normal; wechselhaft
02.04.2020;16:20:59;23,2000007629;14,699999809300001;98043;1014,56044367;normal; wechselhaft
02.04.2020;16:21:03;23,1000003815;14,699999809300001;98034;1014,79833664;normal; wechselhaft
02.04.2020;16:21:34;23,1000003815;14,699999809300001;98042;1014,49164705;normal; wechselhaft
02.04.2020;16:22:00;23,0;14,699999809300001;98043;1014,56044367;normal; wechselhaft
02.04.2020;16:22:08;23,0;14,800000190699999;98038;1014,83974262;normal; wechselhaft
02.04.2020;16:22:34;22,8999996185;14,800000190699999;98042;1014,49164705;normal; wechselhaft
02.04.2020;16:23:01;22,8999996185;14,800000190699999;98045;1014,58113991;normal; wechselhaft
02.04.2020;16:23:09;22,8999996185;14,899999618499999;98041;1014,8707971000001;normal; wechselhaft
02.04.2020;16:23:35;22,8999996185;14,899999618499999;98040;1014,47095201;normal; wechselhaft
02.04.2020;16:24:01;22,7999992371;14,899999618499999;98037;1014,49835497;normal; wechselhaft
02.04.2020;16:24:10;22,7000007629;14,800000190699999;98037;1014,82939112;normal; wechselhaft
02.04.2020;16:24:36;22,7000007629;14,800000190699999;98037;1014,43990945;normal; wechselhaft
02.04.2020;16:25:02;22,6000003815;14,800000190699999;98036;1014,48800685;normal; wechselhaft
02.04.2020;16:25:10;22,7000007629;14,899999618499999;98033;1014,78798515;normal; wechselhaft
02.04.2020;16:25:39;22,5;14,800000190699999;98031;1014,37782432;normal; wechselhaft
02.04.2020;16:26:03;22,6000003815;14,899999618499999;98038;1014,50870309;normal; wechselhaft
02.04.2020;16:26:13;22,5;14,800000190699999;98032;1014,77763365;normal; wechselhaft
02.04.2020;16:26:40;22,5;14,800000190699999;98037;1014,43990945;normal; wechselhaft
02.04.2020;16:27:03;22,3999996185;14,800000190699999;98037;1014,49835497;normal; wechselhaft
02.04.2020;16:27:14;22,3999996185;14,800000190699999;98031;1014,76728216;normal; wechselhaft
02.04.2020;16:27:40;22,3999996185;14,899999618499999;98040;1014,47095201;normal; wechselhaft
02.04.2020;16:28:04;22,2999992371;14,800000190699999;98038;1014,50870309;normal; wechselhaft
02.04.2020;16:28:17;22,2999992371;14,899999618499999;98038;1014,83974262;normal; wechselhaft
02.04.2020;16:28:41;22,2000007629;14,800000190699999;98032;1014,38817184;normal; wechselhaft
02.04.2020;16:29:05;22,2000007629;14,800000190699999;98034;1014,46731062;normal; wechselhaft
02.04.2020;16:29:18;22,2000007629;14,899999618499999;98025;1014,7051732000001;normal; wechselhaft
02.04.2020;16:29:42;22,2000007629;14,899999618499999;98031;1014,37782432;normal; wechselhaft
02.04.2020;16:30:05;22,1000003815;14,800000190699999;98034;1014,46731062;normal; wechselhaft
02.04.2020;16:30:21;22,0;14,800000190699999;98029;1014,74657917;normal; wechselhaft
02.04.2020;16:30:42;22,0;14,800000190699999;98022;1014,28469663;normal; wechselhaft
02.04.2020;16:31:06;22,0;14,800000190699999;98017;1014,29139263;normal; wechselhaft
02.04.2020;16:31:22;22,0;14,899999618499999;98018;1014,63271274;normal; wechselhaft
02.04.2020;16:31:43;22,0;14,899999618499999;98022;1014,28469663;normal; wechselhaft
02.04.2020;16:32:07;21,8999996185;14,899999618499999;98017;1014,29139263;normal; wechselhaft
02.04.2020;16:32:22;21,8999996185;14,899999618499999;98034;1014,79833664;normal; wechselhaft
02.04.2020;16:32:44;21,7999992371;14,899999618499999;98028;1014,34678176;normal; wechselhaft
02.04.2020;16:33:07;21,7999992371;14,899999618499999;98025;1014,37417756;normal; wechselhaft
02.04.2020;16:33:23;21,7999992371;14,899999618499999;98027;1014,72587619;normal; wechselhaft
02.04.2020;16:33:44;21,7000007629;14,899999618499999;98024;1014,30539168;normal; wechselhaft
02.04.2020;16:34:08;21,7000007629;15,0;98032;1014,44661438;normal; wechselhaft
02.04.2020;16:34:24;21,7000007629;15,0;98022;1014,67411872;normal; wechselhaft
02.04.2020;16:34:45;21,6000003815;15,0;98028;1014,34678176;normal; wechselhaft
02.04.2020;16:35:08;21,6000003815;15,0;98022;1014,34313321;normal; wechselhaft
02.04.2020;16:35:24;21,6000003815;15,0;98028;1014,73622768;normal; wechselhaft
02.04.2020;16:35:48;21,3999996185;14,899999618499999;98016;1014,22261151;normal; wechselhaft
02.04.2020;16:36:09;21,5;15,0;98021;1014,3327851;normal; wechselhaft
02.04.2020;16:36:25;21,3999996185;15,0;98028;1014,73622768;normal; wechselhaft
02.04.2020;16:36:49;21,3999996185;15,0;98021;1014,27434911;normal; wechselhaft
02.04.2020;16:37:10;21,3999996185;15,0;98018;1014,30174074;normal; wechselhaft
02.04.2020;16:37:28;21,2999992371;15,0;98033;1014,78798515;normal; wechselhaft
02.04.2020;16:37:49;21,2999992371;15,0;98018;1014,24330655;normal; wechselhaft
02.04.2020;16:38:10;21,2999992371;15,0;98023;1014,35348133;normal; wechselhaft
02.04.2020;16:38:29;21,2000007629;14,899999618499999;98011;1014,56025229;normal; wechselhaft
02.04.2020;16:38:50;21,2000007629;14,899999618499999;98017;1014,23295903;normal; wechselhaft
02.04.2020;16:39:11;21,2000007629;15,0;98017;1014,29139263;normal; wechselhaft
02.04.2020;16:39:29;21,1000003815;14,899999618499999;98015;1014,60165826;normal; wechselhaft
02.04.2020;16:39:51;21,1000003815;15,0;98015;1014,21226399;normal; wechselhaft
02.04.2020;16:40:12;21,1000003815;15,0;98013;1014,25000016;normal; wechselhaft
02.04.2020;16:40:30;21,1000003815;15,0;98016;1014,61200975;normal; wechselhaft
02.04.2020;16:40:51;21,0;15,0;98024;1014,30539168;normal; wechselhaft
02.04.2020;16:41:12;21,0;15,0;98021;1014,3327851;normal; wechselhaft
02.04.2020;16:41:31;21,0;15,100000381500001;98023;1014,68447021;normal; wechselhaft
02.04.2020;16:41:52;20,8999996185;15,100000381500001;98014;1014,20191647;normal; wechselhaft
02.04.2020;16:42:13;20,8999996185;15,100000381500001;98017;1014,29139263;normal; wechselhaft
02.04.2020;16:42:31;20,8999996185;15,100000381500001;98014;1014,59130677;normal; wechselhaft
02.04.2020;16:42:53;20,7999992371;15,100000381500001;98014;1014,20191647;normal; wechselhaft
02.04.2020;16:43:14;20,7999992371;15,100000381500001;98027;1014,3948738;normal; wechselhaft
02.04.2020;16:43:32;20,7999992371;15,100000381500001;98022;1014,67411872;normal; wechselhaft
02.04.2020;16:43:53;20,7000007629;15,100000381500001;98013;1014,19156894;normal; wechselhaft
02.04.2020;16:44:14;20,7000007629;15,100000381500001;98025;1014,37417756;normal; wechselhaft
02.04.2020;16:44:33;20,7000007629;15,100000381500001;98017;1014,62236125;normal; wechselhaft
02.04.2020;16:44:54;20,6000003815;15,100000381500001;98017;1014,23295903;normal; wechselhaft
02.04.2020;16:45:15;20,6000003815;15,199999809300001;98024;1014,36382945;normal; wechselhaft
02.04.2020;16:45:33;20,6000003815;15,199999809300001;98018;1014,63271274;normal; wechselhaft
02.04.2020;16:45:55;20,6000003815;15,199999809300001;98023;1014,29504415;normal; wechselhaft
02.04.2020;16:46:16;20,5;15,199999809300001;98022;1014,34313321;normal; wechselhaft
02.04.2020;16:46:37;20,5;15,199999809300001;98024;1014,6948217;normal; wechselhaft
02.04.2020;16:46:55;20,5;15,199999809300001;98027;1014,33643424;normal; wechselhaft
02.04.2020;16:47:16;20,3999996185;15,199999809300001;98016;1014,28104451;normal; wechselhaft
02.04.2020;16:47:37;20,3999996185;15,300000190699999;98022;1014,67411872;normal; wechselhaft
02.04.2020;16:47:56;20,3999996185;15,300000190699999;98018;1014,24330655;normal; wechselhaft
02.04.2020;16:48:17;20,3999996185;15,300000190699999;98011;1014,22930392;normal; wechselhaft
02.04.2020;16:48:38;20,2999992371;15,300000190699999;98015;1014,60165826;normal; wechselhaft
02.04.2020;16:48:57;20,2999992371;15,300000190699999;98012;1014,18122142;normal; wechselhaft
02.04.2020;16:49:18;20,2999992371;15,399999618499999;98010;1014,21895581;normal; wechselhaft
02.04.2020;16:49:39;20,2999992371;15,399999618499999;98007;1014,51884631;normal; wechselhaft
02.04.2020;16:49:57;20,2000007629;15,300000190699999;98018;1014,24330655;normal; wechselhaft
02.04.2020;16:50:18;20,2000007629;15,399999618499999;98023;1014,35348133;normal; wechselhaft
02.04.2020;16:50:39;20,2000007629;15,399999618499999;98011;1014,56025229;normal; wechselhaft
02.04.2020;16:50:58;20,2000007629;15,399999618499999;98017;1014,23295903;normal; wechselhaft
02.04.2020;16:51:19;20,1000003815;15,399999618499999;97999;1014,10512652;normal; wechselhaft
02.04.2020;16:51:40;20,1000003815;15,399999618499999;98006;1014,50849482;normal; wechselhaft
02.04.2020;16:51:59;20,1000003815;15,399999618499999;98010;1014,16052638;normal; wechselhaft
02.04.2020;16:52:20;20,1000003815;15,399999618499999;98005;1014,16721522;normal; wechselhaft
02.04.2020;16:52:41;20,1000003815;15,5;98011;1014,56025229;normal; wechselhaft
02.04.2020;16:52:59;20,0;15,5;98008;1014,13983134;normal; wechselhaft
02.04.2020;16:53:20;20,0;15,5;98006;1014,17756334;normal; wechselhaft
02.04.2020;16:53:41;20,0;15,600000381500001;98002;1014,46708884;normal; wechselhaft
02.04.2020;16:54:00;19,8999996185;15,399999618499999;98009;1014,15017886;normal; wechselhaft
02.04.2020;16:54:21;19,8999996185;15,5;98007;1014,18791146;normal; wechselhaft
02.04.2020;16:54:42;19,8999996185;15,5;98012;1014,57060378;normal; wechselhaft
02.04.2020;16:55:00;19,8999996185;15,5;98001;1014,06739869;normal; wechselhaft
02.04.2020;16:55:22;19,8999996185;15,600000381500001;98005;1014,16721522;normal; wechselhaft
02.04.2020;16:55:43;19,8999996185;15,600000381500001;98003;1014,47744034;normal; wechselhaft
02.04.2020;16:56:01;19,7999992371;15,5;98016;1014,22261151;normal; wechselhaft
02.04.2020;16:56:22;19,7999992371;15,5;98007;1014,18791146;normal; wechselhaft
02.04.2020;16:56:48;19,7999992371;15,600000381500001;98002;1014,46708884;normal; wechselhaft
02.04.2020;16:57:02;19,7999992371;15,600000381500001;98002;1014,07774621;normal; wechselhaft
02.04.2020;16:57:23;19,7999992371;15,600000381500001;98002;1014,13617087;normal; wechselhaft
02.04.2020;16:57:49;19,7999992371;15,699999809300001;98006;1014,50849482;normal; wechselhaft
02.04.2020;16:58:02;19,7000007629;15,600000381500001;98005;1014,10878878;normal; wechselhaft
02.04.2020;16:58:24;19,7000007629;15,600000381500001;98005;1014,16721522;normal; wechselhaft
02.04.2020;16:58:50;19,7000007629;15,600000381500001;98009;1014,5395492999999;normal; wechselhaft
02.04.2020;16:59:03;19,6000003815;15,600000381500001;98012;1014,18122142;normal; wechselhaft
02.04.2020;16:59:24;19,6000003815;15,600000381500001;98005;1014,16721522;normal; wechselhaft
02.04.2020;16:59:50;19,6000003815;15,600000381500001;98011;1014,56025229;normal; wechselhaft
02.04.2020;17:00:04;19,6000003815;15,600000381500001;98012;1014,18122142;normal; wechselhaft
02.04.2020;17:00:25;19,6000003815;15,699999809300001;98007;1014,18791146;normal; wechselhaft
02.04.2020;17:00:53;19,5;15,600000381500001;98007;1014,51884631;normal; wechselhaft
02.04.2020;17:01:04;19,5;15,600000381500001;97998;1014,03635613;normal; wechselhaft
02.04.2020;17:01:25;19,5;15,600000381500001;98001;1014,12582275;normal; wechselhaft
02.04.2020;17:01:54;19,5;15,699999809300001;98007;1014,51884631;normal; wechselhaft
02.04.2020;17:02:05;19,5;15,699999809300001;97999;1014,04670365;normal; wechselhaft
02.04.2020;17:02:26;19,5;15,699999809300001;98004;1014,1568671;normal; wechselhaft
02.04.2020;17:02:55;19,3999996185;15,699999809300001;98006;1014,50849482;normal; wechselhaft
02.04.2020;17:03:06;19,3999996185;15,699999809300001;98005;1014,10878878;normal; wechselhaft
02.04.2020;17:03:27;19,3999996185;15,699999809300001;98005;1014,16721522;normal; wechselhaft
02.04.2020;17:03:55;19,3999996185;15,699999809300001;98012;1014,57060378;normal; wechselhaft
02.04.2020;17:04:06;19,3999996185;15,800000190699999;98011;1014,1708739000001;normal; wechselhaft
02.04.2020;17:04:30;19,2999992371;15,699999809300001;98003;1014,14651899;normal; wechselhaft
02.04.2020;17:04:56;19,2999992371;15,699999809300001;98005;1014,49814332;normal; wechselhaft
02.04.2020;17:05:07;19,2999992371;15,800000190699999;98014;1014,20191647;normal; wechselhaft
02.04.2020;17:05:31;19,2999992371;15,800000190699999;98014;1014,26034828;normal; wechselhaft
02.04.2020;17:05:59;19,2999992371;15,800000190699999;98014;1014,59130677;normal; wechselhaft
02.04.2020;17:06:08;19,2999992371;15,800000190699999;98014;1014,20191647;normal; wechselhaft
02.04.2020;17:06:31;19,2000007629;15,800000190699999;98008;1014,19825957;normal; wechselhaft
02.04.2020;17:07:00;19,2000007629;15,800000190699999;98005;1014,49814332;normal; wechselhaft
02.04.2020;17:07:08;19,2000007629;15,800000190699999;98004;1014,09844126;normal; wechselhaft
02.04.2020;17:07:32;19,2000007629;15,800000190699999;98006;1014,17756334;normal; wechselhaft
02.04.2020;17:08:01;19,2000007629;15,899999618499999;98010;1014,54990079;normal; wechselhaft
02.04.2020;17:08:09;19,1000003815;15,800000190699999;98004;1014,09844126;normal; wechselhaft
02.04.2020;17:08:35;19,1000003815;15,800000190699999;97999;1014,10512652;normal; wechselhaft
02.04.2020;17:09:01;19,1000003815;15,800000190699999;98011;1014,56025229;normal; wechselhaft
02.04.2020;17:09:10;19,1000003815;15,899999618499999;98004;1014,09844126;normal; wechselhaft
02.04.2020;17:09:36;19,1000003815;15,899999618499999;98000;1014,11547464;normal; wechselhaft
02.04.2020;17:10:02;19,1000003815;16,0;97997;1014,41533137;normal; wechselhaft
02.04.2020;17:10:10;19,1000003815;16,0;97992;1013,97427101;normal; wechselhaft
02.04.2020;17:10:36;19,1000003815;16,0;98002;1014,13617087;normal; wechselhaft
02.04.2020;17:11:03;19,1000003815;16,0;98002;1014,46708884;normal; wechselhaft
02.04.2020;17:11:11;19,0;16,0;97996;1014,01566109;normal; wechselhaft
02.04.2020;17:11:37;19,0;16,0;98008;1014,19825957;normal; wechselhaft
02.04.2020;17:12:03;19,0;16,0;98005;1014,49814332;normal; wechselhaft
02.04.2020;17:12:14;19,0;16,0;98002;1014,07774621;normal; wechselhaft
02.04.2020;17:12:38;19,0;16,0;98006;1014,17756334;normal; wechselhaft
02.04.2020;17:13:04;18,8999996185;16,0;98001;1014,45673735;normal; wechselhaft
02.04.2020;17:13:15;18,8999996185;16,0;97995;1014,00531357;normal; wechselhaft
02.04.2020;17:13:41;18,8999996185;16,0;97999;1014,10512652;normal; wechselhaft
02.04.2020;17:14:05;18,8999996185;16,0;97998;1014,42568287;normal; wechselhaft
02.04.2020;17:14:18;18,8999996185;16,1000003815;97995;1014,00531357;normal; wechselhaft
02.04.2020;17:14:42;18,8999996185;16,1000003815;97997;1014,08443029;normal; wechselhaft
02.04.2020;17:15:05;18,8999996185;16,1000003815;98004;1014,48779183;normal; wechselhaft
02.04.2020;17:15:19;18,8999996185;16,1000003815;98004;1014,09844126;normal; wechselhaft
02.04.2020;17:15:42;18,7999992371;16,1000003815;98003;1014,14651899;normal; wechselhaft
02.04.2020;17:16:06;18,7999992371;16,1000003815;98004;1014,48779183;normal; wechselhaft
02.04.2020;17:16:19;18,7999992371;16,1000003815;97997;1014,02600861;normal; wechselhaft
02.04.2020;17:16:43;18,7999992371;16,1000003815;97992;1014,0326897;normal; wechselhaft
02.04.2020;17:17:06;18,7999992371;16,1000003815;97994;1014,38427689;normal; wechselhaft
02.04.2020;17:17:20;18,7999992371;16,1000003815;98002;1014,07774621;normal; wechselhaft
02.04.2020;17:17:44;18,7000007629;16,1000003815;98002;1014,13617087;normal; wechselhaft
02.04.2020;17:18:07;18,7000007629;16,1000003815;98005;1014,49814332;normal; wechselhaft
02.04.2020;17:18:21;18,7999992371;16,2000007629;98000;1014,05705117;normal; wechselhaft
02.04.2020;17:18:44;18,7000007629;16,1000003815;98005;1014,16721522;normal; wechselhaft
02.04.2020;17:19:08;18,7000007629;16,2000007629;97996;1014,40497988;normal; wechselhaft
02.04.2020;17:19:21;18,7000007629;16,2000007629;98000;1014,05705117;normal; wechselhaft
02.04.2020;17:19:45;18,7000007629;16,2000007629;98005;1014,16721522;normal; wechselhaft
02.04.2020;17:20:08;18,7000007629;16,2000007629;98001;1014,45673735;normal; wechselhaft
02.04.2020;17:20:22;18,6000003815;16,2000007629;98001;1014,06739869;normal; wechselhaft
02.04.2020;17:20:46;18,6000003815;16,2000007629;98001;1014,12582275;normal; wechselhaft
02.04.2020;17:21:09;18,6000003815;16,2000007629;97996;1014,40497988;normal; wechselhaft
02.04.2020;17:21:23;18,6000003815;16,2000007629;97998;1014,03635613;normal; wechselhaft
02.04.2020;17:21:46;18,6000003815;16,2000007629;98002;1014,13617087;normal; wechselhaft
02.04.2020;17:22:10;18,6000003815;16,2999992371;97998;1014,42568287;normal; wechselhaft
02.04.2020;17:22:23;18,5;16,2000007629;97998;1014,03635613;normal; wechselhaft
02.04.2020;17:22:47;18,6000003815;16,2999992371;97995;1014,06373405;normal; wechselhaft
02.04.2020;17:23:10;18,6000003815;16,2999992371;97995;1014,39462839;normal; wechselhaft
02.04.2020;17:23:24;18,5;16,2999992371;97990;1013,95357596;normal; wechselhaft
02.04.2020;17:23:48;18,5;16,2999992371;97993;1014,04303782;normal; wechselhaft
02.04.2020;17:24:11;18,5;16,3999996185;98000;1014,44638585;normal; wechselhaft
02.04.2020;17:24:25;18,5;16,2999992371;97988;1013,93288092;normal; wechselhaft
02.04.2020;17:24:48;18,6000003815;16,3999996185;97993;1014,04303782;normal; wechselhaft
02.04.2020;17:25:12;18,5;16,3999996185;97987;1014,31181644;normal; wechselhaft
02.04.2020;17:25:25;18,3999996185;16,2999992371;97986;1013,91218588;normal; wechselhaft
02.04.2020;17:25:49;18,3999996185;16,2999992371;98001;1014,12582275;normal; wechselhaft
02.04.2020;17:26:12;18,3999996185;16,2999992371;97994;1014,38427689;normal; wechselhaft
02.04.2020;17:26:26;18,3999996185;16,3999996185;97987;1013,9225333999999;normal; wechselhaft
02.04.2020;17:26:49;18,3999996185;16,3999996185;97992;1014,0326897;normal; wechselhaft
02.04.2020;17:27:13;18,3999996185;16,5;97992;1014,36357391;normal; wechselhaft
02.04.2020;17:27:27;18,3999996185;16,5;97986;1013,91218588;normal; wechselhaft
02.04.2020;17:27:55;18,3999996185;16,5;97989;1014,00164535;normal; wechselhaft
02.04.2020;17:28:14;18,3999996185;16,5;97996;1014,40497988;normal; wechselhaft
02.04.2020;17:28:30;18,3999996185;16,6000003815;97989;1013,94322844;normal; wechselhaft
02.04.2020;17:28:56;18,3999996185;16,5;97984;1013,94990476;normal; wechselhaft
02.04.2020;17:29:14;18,2999992371;16,5;97981;1014,24970747;normal; wechselhaft
02.04.2020;17:29:30;18,3999996185;16,6000003815;97990;1013,95357596;normal; wechselhaft
02.04.2020;17:29:56;18,2999992371;16,5;97996;1014,07408217;normal; wechselhaft
02.04.2020;17:30:15;18,2999992371;16,5;97988;1014,32216793;normal; wechselhaft
02.04.2020;17:30:31;18,2999992371;16,5;97980;1013,85010075;normal; wechselhaft
02.04.2020;17:30:57;18,2999992371;16,6000003815;97983;1013,93955665;normal; wechselhaft
02.04.2020;17:31:16;18,2999992371;16,6000003815;97982;1014,26005897;normal; wechselhaft
02.04.2020;17:31:32;18,2999992371;16,6000003815;97980;1013,85010075;normal; wechselhaft
02.04.2020;17:31:58;18,2999992371;16,6000003815;97979;1013,89816418;normal; wechselhaft
02.04.2020;17:32:16;18,2000007629;16,6000003815;97983;1014,27041046;normal; wechselhaft
02.04.2020;17:32:32;18,2999992371;16,6000003815;97988;1013,93288092;normal; wechselhaft
02.04.2020;17:32:58;18,2999992371;16,6000003815;97987;1013,98094911;normal; wechselhaft
02.04.2020;17:33:17;18,2999992371;16,6000003815;97983;1014,27041046;normal; wechselhaft
02.04.2020;17:33:33;18,2000007629;16,6000003815;97982;1013,8707957999999;normal; wechselhaft
02.04.2020;17:33:59;18,2000007629;16,6000003815;97987;1013,98094911;normal; wechselhaft
02.04.2020;17:34:18;18,2000007629;16,6000003815;97984;1014,28076196;normal; wechselhaft
02.04.2020;17:34:36;18,2000007629;16,6000003815;97984;1013,89149084;normal; wechselhaft
02.04.2020;17:35:00;18,1000003815;16,5;97984;1013,94990476;normal; wechselhaft
02.04.2020;17:35:18;18,2000007629;16,6000003815;97981;1014,24970747;normal; wechselhaft
02.04.2020;17:35:37;18,1000003815;16,6000003815;97981;1013,86044828;normal; wechselhaft
02.04.2020;17:36:00;18,1000003815;16,6000003815;97982;1013,92920853;normal; wechselhaft
02.04.2020;17:36:19;18,1000003815;16,6000003815;97980;1014,23935598;normal; wechselhaft
02.04.2020;17:36:37;18,1000003815;16,7000007629;97981;1013,86044828;normal; wechselhaft
02.04.2020;17:37:01;18,1000003815;16,7000007629;97975;1013,85677171;normal; wechselhaft
02.04.2020;17:37:20;18,1000003815;16,7000007629;97981;1014,24970747;normal; wechselhaft
02.04.2020;17:37:41;18,1000003815;16,7000007629;97984;1013,89149084;normal; wechselhaft
02.04.2020;17:38:02;18,1000003815;16,7000007629;97977;1013,87746794;normal; wechselhaft
02.04.2020;17:38:20;18,1000003815;16,7000007629;97974;1014,17724702;normal; wechselhaft
02.04.2020;17:38:41;18,1000003815;16,7999992371;97980;1013,85010075;normal; wechselhaft
02.04.2020;17:39:02;18,1000003815;16,7999992371;97981;1013,91886041;normal; wechselhaft
02.04.2020;17:39:21;18,1000003815;16,7999992371;97978;1014,21865299;normal; wechselhaft
02.04.2020;17:39:42;18,1000003815;16,7999992371;97987;1013,9225333999999;normal; wechselhaft
02.04.2020;17:40:06;18,0;16,7999992371;97971;1013,81537924;normal; wechselhaft
02.04.2020;17:40:22;18,0;16,7999992371;97984;1014,28076196;normal; wechselhaft
02.04.2020;17:40:43;18,0;16,7999992371;97974;1013,78801563;normal; wechselhaft
02.04.2020;17:41:06;18,0;16,7999992371;97979;1013,89816418;normal; wechselhaft
02.04.2020;17:41:22;18,0;16,7999992371;97976;1014,19795001;normal; wechselhaft
02.04.2020;17:41:43;18,0;16,7999992371;97977;1013,81905819;normal; wechselhaft
02.04.2020;17:42:09;18,0;16,8999996185;97983;1013,93955665;normal; wechselhaft
02.04.2020;17:42:23;18,0;16,8999996185;97977;1014,2083015000001;normal; wechselhaft
02.04.2020;17:42:44;18,0;16,8999996185;97980;1013,85010075;normal; wechselhaft
02.04.2020;17:43:10;18,0;16,8999996185;97975;1013,85677171;normal; wechselhaft
02.04.2020;17:43:23;18,0;16,8999996185;97977;1014,2083015000001;normal; wechselhaft
02.04.2020;17:43:45;17,8999996185;16,8999996185;97977;1013,81905819;normal; wechselhaft
02.04.2020;17:44:11;17,8999996185;16,8999996185;97979;1013,89816418;normal; wechselhaft
02.04.2020;17:44:24;17,8999996185;17,0;97976;1014,19795001;normal; wechselhaft
02.04.2020;17:44:48;17,8999996185;17,0;97976;1013,80871067;normal; wechselhaft
02.04.2020;17:45:11;17,8999996185;17,0;97980;1013,90851229;normal; wechselhaft
02.04.2020;17:45:25;17,8999996185;17,0;97980;1014,23935598;normal; wechselhaft
02.04.2020;17:45:48;17,8999996185;17,1000003815;97975;1013,79836315;normal; wechselhaft
02.04.2020;17:46:12;17,8999996185;17,1000003815;97981;1013,91886041;normal; wechselhaft
02.04.2020;17:46:25;17,8999996185;17,1000003815;97979;1014,22900449;normal; wechselhaft
02.04.2020;17:46:49;17,8999996185;17,1000003815;97985;1013,90183836;normal; wechselhaft
02.04.2020;17:47:13;17,7999992371;17,1000003815;97974;1013,84642359;normal; wechselhaft
02.04.2020;17:47:29;17,8999996185;17,1000003815;97973;1014,16689552;normal; wechselhaft
02.04.2020;17:47:50;17,8999996185;17,2000007629;97992;1013,97427101;normal; wechselhaft
02.04.2020;17:48:13;17,8999996185;17,2000007629;97979;1013,89816418;normal; wechselhaft
02.04.2020;17:48:29;17,8999996185;17,2000007629;97981;1014,24970747;normal; wechselhaft
02.04.2020;17:48:50;17,7999992371;17,2000007629;97985;1013,90183836;normal; wechselhaft
02.04.2020;17:49:14;17,7999992371;17,2000007629;97986;1013,970601;normal; wechselhaft
02.04.2020;17:49:30;17,7999992371;17,2000007629;97981;1014,24970747;normal; wechselhaft
02.04.2020;17:49:51;17,7999992371;17,2000007629;97981;1013,86044828;normal; wechselhaft
02.04.2020;17:50:15;17,7999992371;17,2000007629;97982;1013,92920853;normal; wechselhaft
02.04.2020;17:50:31;17,7999992371;17,2999992371;97981;1014,24970747;normal; wechselhaft
02.04.2020;17:50:54;17,7999992371;17,2999992371;97977;1013,81905819;normal; wechselhaft
02.04.2020;17:51:15;17,7999992371;17,2999992371;97979;1013,89816418;normal; wechselhaft
02.04.2020;17:51:31;17,7999992371;17,2999992371;97982;1014,26005897;normal; wechselhaft
02.04.2020;17:51:55;17,7999992371;17,2999992371;97981;1013,86044828;normal; wechselhaft
02.04.2020;17:52:16;17,7999992371;17,3999996185;97978;1013,88781606;normal; wechselhaft
02.04.2020;17:52:37;17,7999992371;17,5;97980;1014,23935598;normal; wechselhaft
02.04.2020;17:52:56;17,7999992371;17,3999996185;97975;1013,79836315;normal; wechselhaft
02.04.2020;17:53:17;17,7999992371;17,5;97980;1013,90851229;normal; wechselhaft
02.04.2020;17:53:38;17,7000007629;17,3999996185;97980;1014,23935598;normal; wechselhaft
02.04.2020;17:53:56;17,7999992371;17,5;97974;1013,78801563;normal; wechselhaft
02.04.2020;17:54:17;17,7000007629;17,5;97973;1013,83607548;normal; wechselhaft
02.04.2020;17:54:38;17,7000007629;17,6000003815;97981;1014,24970747;normal; wechselhaft
02.04.2020;17:54:57;17,7000007629;17,7000007629;97971;1013,75697307;normal; wechselhaft
02.04.2020;17:55:18;17,7000007629;17,7000007629;97973;1013,83607548;normal; wechselhaft
02.04.2020;17:55:39;17,7000007629;17,7999992371;97981;1014,24970747;normal; wechselhaft
02.04.2020;17:55:58;17,7000007629;17,7999992371;97979;1013,83975323;normal; wechselhaft
02.04.2020;17:56:19;17,7000007629;17,7999992371;97971;1013,81537924;normal; wechselhaft
02.04.2020;17:56:40;17,7000007629;17,7999992371;97976;1014,19795001;normal; wechselhaft
02.04.2020;17:56:58;17,7000007629;17,7999992371;97976;1013,80871067;normal; wechselhaft
02.04.2020;17:57:19;17,7000007629;17,7999992371;97964;1013,74294242;normal; wechselhaft
02.04.2020;17:57:43;17,7000007629;17,7999992371;97973;1014,16689552;normal; wechselhaft
02.04.2020;17:57:59;17,6000003815;17,7000007629;97973;1013,77766811;normal; wechselhaft
02.04.2020;17:58:20;17,7000007629;17,7999992371;97974;1013,84642359;normal; wechselhaft
02.04.2020;17:58:48;17,6000003815;17,7000007629;97973;1014,16689552;normal; wechselhaft
02.04.2020;17:59:00;17,6000003815;17,7000007629;97973;1013,77766811;normal; wechselhaft
02.04.2020;17:59:21;17,6000003815;17,7000007629;97982;1013,92920853;normal; wechselhaft
02.04.2020;17:59:49;17,6000003815;17,7000007629;97976;1014,19795001;normal; wechselhaft
02.04.2020;18:00:03;17,6000003815;17,7000007629;97982;1013,8707957999999;normal; wechselhaft
02.04.2020;18:00:21;17,6000003815;17,7000007629;97975;1013,85677171;normal; wechselhaft
02.04.2020;18:00:50;17,6000003815;17,7000007629;97979;1014,22900449;normal; wechselhaft
02.04.2020;18:01:03;17,6000003815;17,7000007629;97980;1013,85010075;normal; wechselhaft
02.04.2020;18:01:22;17,6000003815;17,7000007629;97980;1013,90851229;normal; wechselhaft
02.04.2020;18:01:50;17,5;17,6000003815;97975;1014,18759851;normal; wechselhaft
02.04.2020;18:02:04;17,6000003815;17,7000007629;97979;1013,83975323;normal; wechselhaft
02.04.2020;18:02:23;17,6000003815;17,7000007629;97983;1013,93955665;normal; wechselhaft
02.04.2020;18:02:51;17,5;17,6000003815;97981;1014,24970747;normal; wechselhaft
02.04.2020;18:03:05;17,5;17,6000003815;97983;1013,88114332;normal; wechselhaft
02.04.2020;18:03:23;17,5;17,6000003815;97983;1013,93955665;normal; wechselhaft
02.04.2020;18:03:52;17,5;17,6000003815;97979;1014,22900449;normal; wechselhaft
02.04.2020;18:04:05;17,5;17,6000003815;97985;1013,90183836;normal; wechselhaft
02.04.2020;18:04:24;17,5;17,6000003815;97977;1013,87746794;normal; wechselhaft
02.04.2020;18:04:55;17,5;17,6000003815;97981;1014,24970747;normal; wechselhaft
02.04.2020;18:05:06;17,3999996185;17,5;97977;1013,81905819;normal; wechselhaft
02.04.2020;18:05:27;17,5;17,6000003815;97982;1013,92920853;normal; wechselhaft
02.04.2020;18:05:56;17,5;17,6000003815;97974;1014,17724702;normal; wechselhaft
02.04.2020;18:06:07;17,5;17,6000003815;97975;1013,79836315;normal; wechselhaft
02.04.2020;18:06:28;17,5;17,6000003815;97974;1013,84642359;normal; wechselhaft
02.04.2020;18:06:56;17,5;17,6000003815;97984;1014,28076196;normal; wechselhaft
02.04.2020;18:07:07;17,3999996185;17,5;97980;1013,85010075;normal; wechselhaft
02.04.2020;18:07:28;17,3999996185;17,5;97983;1013,93955665;normal; wechselhaft
02.04.2020;18:07:57;17,3999996185;17,5;97983;1014,27041046;normal; wechselhaft
02.04.2020;18:08:08;17,5;17,6000003815;97983;1013,88114332;normal; wechselhaft
02.04.2020;18:08:29;17,3999996185;17,5;97986;1013,970601;normal; wechselhaft
02.04.2020;18:08:57;17,3999996185;17,5;97983;1014,27041046;normal; wechselhaft
02.04.2020;18:09:08;17,3999996185;17,5;97978;1013,82940571;normal; wechselhaft
02.04.2020;18:09:32;17,3999996185;17,5;97984;1013,94990476;normal; wechselhaft
02.04.2020;18:09:58;17,2999992371;17,5;97983;1014,27041046;normal; wechselhaft
02.04.2020;18:10:09;17,3999996185;17,5;97977;1013,81905819;normal; wechselhaft
02.04.2020;18:10:33;17,3999996185;17,5;97980;1013,90851229;normal; wechselhaft
02.04.2020;18:10:59;17,3999996185;17,5;97983;1014,27041046;normal; wechselhaft
02.04.2020;18:11:12;17,2999992371;17,5;97973;1013,77766811;normal; wechselhaft
02.04.2020;18:11:36;17,2999992371;17,5;97986;1013,970601;normal; wechselhaft
02.04.2020;18:11:59;17,2999992371;17,5;97980;1014,23935598;normal; wechselhaft
02.04.2020;18:12:13;17,2999992371;17,5;97982;1013,8707957999999;normal; wechselhaft
02.04.2020;18:12:37;17,2999992371;17,5;97985;1013,96025288;normal; wechselhaft
02.04.2020;18:13:00;17,2999992371;17,5;97994;1014,38427689;normal; wechselhaft
02.04.2020;18:13:14;17,2999992371;17,5;97992;1013,97427101;normal; wechselhaft
02.04.2020;18:13:37;17,2999992371;17,5;97980;1013,90851229;normal; wechselhaft
02.04.2020;18:14:01;17,2999992371;17,5;97986;1014,30146494;normal; wechselhaft
02.04.2020;18:14:14;17,2999992371;17,5;97987;1013,9225333999999;normal; wechselhaft
02.04.2020;18:14:38;17,2000007629;17,3999996185;98001;1014,12582275;normal; wechselhaft
02.04.2020;18:15:01;17,2999992371;17,5;97983;1014,27041046;normal; wechselhaft
02.04.2020;18:15:17;17,2999992371;17,5;97990;1013,95357596;normal; wechselhaft
02.04.2020;18:15:39;17,2000007629;17,3999996185;97985;1013,96025288;normal; wechselhaft
02.04.2020;18:16:02;17,2000007629;17,3999996185;97990;1014,34287092;normal; wechselhaft
02.04.2020;18:16:18;17,2000007629;17,3999996185;97986;1013,91218588;normal; wechselhaft
02.04.2020;18:16:39;17,2000007629;17,3999996185;97990;1014,01199347;normal; wechselhaft
02.04.2020;18:17:03;17,2000007629;17,3999996185;97988;1014,32216793;normal; wechselhaft
02.04.2020;18:17:21;17,2000007629;17,3999996185;97990;1013,95357596;normal; wechselhaft
02.04.2020;18:17:40;17,2000007629;17,3999996185;97990;1014,01199347;normal; wechselhaft
02.04.2020;18:18:03;17,2000007629;17,3999996185;97991;1014,35322241;normal; wechselhaft
02.04.2020;18:18:22;17,2000007629;17,3999996185;97990;1013,95357596;normal; wechselhaft
02.04.2020;18:18:41;17,2000007629;17,3999996185;97990;1014,01199347;normal; wechselhaft
02.04.2020;18:19:04;17,1000003815;17,2999992371;97994;1014,38427689;normal; wechselhaft
02.04.2020;18:19:23;17,2000007629;17,3999996185;97990;1013,95357596;normal; wechselhaft
02.04.2020;18:19:41;17,1000003815;17,2999992371;97985;1013,96025288;normal; wechselhaft
02.04.2020;18:20:05;17,1000003815;17,2999992371;97994;1014,38427689;normal; wechselhaft
02.04.2020;18:20:26;17,1000003815;17,2999992371;97987;1013,9225333999999;normal; wechselhaft
02.04.2020;18:20:42;17,1000003815;17,2999992371;97987;1013,98094911;normal; wechselhaft
02.04.2020;18:21:05;17,1000003815;17,2999992371;97989;1014,33251942;normal; wechselhaft
02.04.2020;18:21:29;17,0;17,2999992371;97986;1013,91218588;normal; wechselhaft
02.04.2020;18:21:43;17,1000003815;17,2999992371;97989;1014,00164535;normal; wechselhaft
02.04.2020;18:22:06;17,0;17,2999992371;97996;1014,40497988;normal; wechselhaft
02.04.2020;18:22:30;17,0;17,2999992371;97989;1013,94322844;normal; wechselhaft
02.04.2020;18:22:43;17,1000003815;17,2999992371;97984;1013,94990476;normal; wechselhaft
02.04.2020;18:23:07;17,0;17,2999992371;97992;1014,36357391;normal; wechselhaft
02.04.2020;18:23:30;17,0;17,2999992371;97996;1014,01566109;normal; wechselhaft
02.04.2020;18:23:44;17,0;17,2999992371;97996;1014,07408217;normal; wechselhaft
02.04.2020;18:24:07;17,0;17,2999992371;97989;1014,33251942;normal; wechselhaft
02.04.2020;18:24:31;17,0;17,2999992371;97986;1013,91218588;normal; wechselhaft
02.04.2020;18:24:45;17,0;17,2999992371;97979;1013,89816418;normal; wechselhaft
02.04.2020;18:25:08;17,0;17,2999992371;97992;1014,36357391;normal; wechselhaft
02.04.2020;18:25:32;16,8999996185;17,2000007629;97985;1013,90183836;normal; wechselhaft
02.04.2020;18:25:45;16,8999996185;17,2000007629;97987;1013,98094911;normal; wechselhaft
02.04.2020;18:26:09;16,8999996185;17,2000007629;97982;1014,26005897;normal; wechselhaft
02.04.2020;18:26:32;16,8999996185;17,2000007629;97988;1013,93288092;normal; wechselhaft
02.04.2020;18:26:46;16,8999996185;17,2000007629;97987;1013,98094911;normal; wechselhaft
02.04.2020;18:27:09;16,8999996185;17,2000007629;97983;1014,27041046;normal; wechselhaft
02.04.2020;18:27:33;16,8999996185;17,2000007629;97986;1013,91218588;normal; wechselhaft
02.04.2020;18:27:47;16,8999996185;17,2000007629;97991;1014,02234158;normal; wechselhaft
02.04.2020;18:28:10;16,8999996185;17,2000007629;97985;1014,29111345;normal; wechselhaft
02.04.2020;18:28:33;16,8999996185;17,2000007629;97991;1013,96392348;normal; wechselhaft
02.04.2020;18:28:47;16,7999992371;17,1000003815;97986;1013,970601;normal; wechselhaft
02.04.2020;18:29:11;16,7999992371;17,1000003815;97985;1014,29111345;normal; wechselhaft
02.04.2020;18:29:34;16,8999996185;17,2000007629;97986;1013,91218588;normal; wechselhaft
02.04.2020;18:29:50;16,7999992371;17,1000003815;97987;1013,98094911;normal; wechselhaft
02.04.2020;18:30:11;16,7999992371;17,1000003815;97990;1014,34287092;normal; wechselhaft
02.04.2020;18:30:35;16,7999992371;17,1000003815;97993;1013,98461853;normal; wechselhaft
02.04.2020;18:30:51;16,8999996185;17,2000007629;97986;1013,970601;normal; wechselhaft
02.04.2020;18:31:12;16,7999992371;17,1000003815;97985;1014,29111345;normal; wechselhaft
02.04.2020;18:31:35;16,7999992371;17,1000003815;97991;1013,96392348;normal; wechselhaft
02.04.2020;18:31:52;16,7999992371;17,1000003815;97985;1013,96025288;normal; wechselhaft
02.04.2020;18:32:12;16,7999992371;17,1000003815;97985;1014,29111345;normal; wechselhaft
02.04.2020;18:32:36;16,7999992371;17,1000003815;97996;1014,01566109;normal; wechselhaft
02.04.2020;18:32:52;16,7999992371;17,1000003815;97993;1014,04303782;normal; wechselhaft
02.04.2020;18:33:13;16,7999992371;17,1000003815;97986;1014,30146494;normal; wechselhaft
02.04.2020;18:33:37;16,7000007629;17,0;97980;1013,85010075;normal; wechselhaft
02.04.2020;18:33:53;16,7000007629;17,0;97981;1013,91886041;normal; wechselhaft
02.04.2020;18:34:14;16,7000007629;17,0;97986;1014,30146494;normal; wechselhaft
02.04.2020;18:34:37;16,7000007629;17,0;97986;1013,91218588;normal; wechselhaft
02.04.2020;18:34:56;16,7000007629;17,0;97989;1014,00164535;normal; wechselhaft
02.04.2020;18:35:14;16,7000007629;17,1000003815;97983;1014,27041046;normal; wechselhaft
02.04.2020;18:35:41;16,7000007629;17,0;97991;1013,96392348;normal; wechselhaft
02.04.2020;18:35:57;16,7000007629;17,1000003815;97988;1013,99129723;normal; wechselhaft
02.04.2020;18:36:15;16,7000007629;17,1000003815;97986;1014,30146494;normal; wechselhaft
02.04.2020;18:36:41;16,7000007629;17,2000007629;97991;1013,96392348;normal; wechselhaft
02.04.2020;18:36:58;16,7000007629;17,2000007629;97995;1014,06373405;normal; wechselhaft
02.04.2020;18:37:16;16,6000003815;17,0;97988;1014,32216793;normal; wechselhaft
02.04.2020;18:37:42;16,7000007629;17,2000007629;97989;1013,94322844;normal; wechselhaft
02.04.2020;18:37:58;16,6000003815;17,2000007629;97994;1014,05338593;normal; wechselhaft
02.04.2020;18:38:16;16,6000003815;17,2000007629;97998;1014,42568287;normal; wechselhaft
02.04.2020;18:38:43;16,6000003815;17,2000007629;97989;1013,94322844;normal; wechselhaft
02.04.2020;18:38:59;16,6000003815;17,2999992371;97991;1014,02234158;normal; wechselhaft
02.04.2020;18:39:17;16,6000003815;17,2999992371;97992;1014,36357391;normal; wechselhaft
02.04.2020;18:39:43;16,6000003815;17,2999992371;97997;1014,02600861;normal; wechselhaft
02.04.2020;18:39:59;16,5;17,2000007629;97990;1014,01199347;normal; wechselhaft
02.04.2020;18:40:18;16,6000003815;17,2999992371;97994;1014,38427689;normal; wechselhaft
02.04.2020;18:40:44;16,5;17,2999992371;98005;1014,10878878;normal; wechselhaft
02.04.2020;18:41:00;16,5;17,2999992371;97991;1014,02234158;normal; wechselhaft
02.04.2020;18:41:18;16,6000003815;17,3999996185;97993;1014,3739254000001;normal; wechselhaft
02.04.2020;18:41:45;16,5;17,2999992371;97996;1014,01566109;normal; wechselhaft
02.04.2020;18:42:01;16,5;17,3999996185;97991;1014,02234158;normal; wechselhaft
02.04.2020;18:42:19;16,5;17,3999996185;97997;1014,41533137;normal; wechselhaft
02.04.2020;18:42:45;16,5;17,3999996185;98000;1014,05705117;normal; wechselhaft
02.04.2020;18:43:01;16,5;17,3999996185;97996;1014,07408217;normal; wechselhaft
02.04.2020;18:43:20;16,5;17,5;98000;1014,44638585;normal; wechselhaft
02.04.2020;18:43:46;16,5;17,5;97996;1014,01566109;normal; wechselhaft
02.04.2020;18:44:02;16,5;17,5;97994;1014,05338593;normal; wechselhaft
02.04.2020;18:44:20;16,5;17,6000003815;98000;1014,44638585;normal; wechselhaft
02.04.2020;18:44:47;16,3999996185;17,3999996185;98000;1014,05705117;normal; wechselhaft
02.04.2020;18:45:03;16,5;17,5;97993;1014,04303782;normal; wechselhaft
02.04.2020;18:45:24;16,3999996185;17,5;97997;1014,41533137;normal; wechselhaft
02.04.2020;18:45:47;16,3999996185;17,5;97990;1013,95357596;normal; wechselhaft
02.04.2020;18:46:03;16,3999996185;17,5;97989;1014,00164535;normal; wechselhaft
02.04.2020;18:46:24;16,3999996185;17,5;98000;1014,44638585;normal; wechselhaft
02.04.2020;18:46:48;16,3999996185;17,6000003815;97996;1014,01566109;normal; wechselhaft
02.04.2020;18:47:04;16,3999996185;17,5;97992;1014,0326897;normal; wechselhaft
02.04.2020;18:47:25;16,3999996185;17,6000003815;97998;1014,42568287;normal; wechselhaft
02.04.2020;18:47:48;16,3999996185;17,6000003815;98003;1014,08809374;normal; wechselhaft
02.04.2020;18:48:10;16,2999992371;17,5;98003;1014,14651899;normal; wechselhaft
02.04.2020;18:48:26;16,3999996185;17,6000003815;98008;1014,5291978;normal; wechselhaft
02.04.2020;18:48:52;16,2999992371;17,6000003815;98001;1014,06739869;normal; wechselhaft
02.04.2020;18:49:10;16,2999992371;17,6000003815;98002;1014,13617087;normal; wechselhaft
02.04.2020;18:49:29;16,2999992371;17,6000003815;98006;1014,50849482;normal; wechselhaft
02.04.2020;18:49:52;16,2999992371;17,6000003815;98001;1014,06739869;normal; wechselhaft
02.04.2020;18:50:14;16,2999992371;17,7000007629;98002;1014,13617087;normal; wechselhaft
02.04.2020;18:50:29;16,2999992371;17,7000007629;98004;1014,48779183;normal; wechselhaft
02.04.2020;18:50:53;16,2999992371;17,7000007629;98011;1014,1708739000001;normal; wechselhaft
02.04.2020;18:51:14;16,2999992371;17,7000007629;98008;1014,19825957;normal; wechselhaft
02.04.2020;18:51:30;16,2999992371;17,7000007629;98001;1014,45673735;normal; wechselhaft
02.04.2020;18:51:54;16,2000007629;17,6000003815;98002;1014,07774621;normal; wechselhaft
02.04.2020;18:52:15;16,2999992371;17,7000007629;98001;1014,12582275;normal; wechselhaft
02.04.2020;18:52:31;16,2000007629;17,7000007629;97995;1014,39462839;normal; wechselhaft
02.04.2020;18:52:54;16,2000007629;17,7000007629;98001;1014,06739869;normal; wechselhaft
02.04.2020;18:53:16;16,2000007629;17,7000007629;98004;1014,1568671;normal; wechselhaft
02.04.2020;18:53:31;16,2000007629;17,7000007629;97998;1014,42568287;normal; wechselhaft
02.04.2020;18:53:55;16,2000007629;17,7000007629;98003;1014,08809374;normal; wechselhaft
02.04.2020;18:54:16;16,2000007629;17,7000007629;98003;1014,14651899;normal; wechselhaft
02.04.2020;18:54:32;16,2000007629;17,7999992371;98001;1014,45673735;normal; wechselhaft
02.04.2020;18:54:56;16,2000007629;17,7999992371;98003;1014,08809374;normal; wechselhaft
02.04.2020;18:55:17;16,2000007629;17,7999992371;98009;1014,20860769;normal; wechselhaft
02.04.2020;18:55:33;16,2000007629;17,7999992371;98000;1014,44638585;normal; wechselhaft
02.04.2020;18:55:56;16,2000007629;17,7999992371;97999;1014,04670365;normal; wechselhaft
02.04.2020;18:56:18;16,1000003815;17,7999992371;97999;1014,10512652;normal; wechselhaft
02.04.2020;18:56:33;16,1000003815;17,7999992371;98003;1014,47744034;normal; wechselhaft
02.04.2020;18:56:57;16,1000003815;17,7999992371;97989;1013,94322844;normal; wechselhaft
02.04.2020;18:57:18;16,1000003815;17,7999992371;97996;1014,07408217;normal; wechselhaft
02.04.2020;18:57:34;16,1000003815;17,7999992371;98003;1014,47744034;normal; wechselhaft
02.04.2020;18:57:58;16,1000003815;17,7999992371;98009;1014,15017886;normal; wechselhaft
02.04.2020;18:58:19;16,1000003815;17,8999996185;98002;1014,13617087;normal; wechselhaft
02.04.2020;18:58:37;16,0;17,7999992371;97998;1014,42568287;normal; wechselhaft
02.04.2020;18:58:58;16,0;17,7999992371;97993;1013,98461853;normal; wechselhaft
02.04.2020;18:59:20;16,1000003815;17,8999996185;97998;1014,0947784;normal; wechselhaft
02.04.2020;18:59:38;16,0;17,7999992371;97995;1014,39462839;normal; wechselhaft
02.04.2020;18:59:59;16,1000003815;17,8999996185;97995;1014,00531357;normal; wechselhaft
02.04.2020;19:00:20;16,0;17,8999996185;97998;1014,0947784;normal; wechselhaft
02.04.2020;19:00:38;16,0;17,8999996185;97991;1014,35322241;normal; wechselhaft
02.04.2020;19:01:00;16,0;17,8999996185;98001;1014,06739869;normal; wechselhaft
02.04.2020;19:01:23;16,0;17,8999996185;98002;1014,13617087;normal; wechselhaft
02.04.2020;19:01:39;16,0;18,0;97995;1014,39462839;normal; wechselhaft
02.04.2020;19:02:00;16,0;18,0;97988;1013,93288092;normal; wechselhaft
02.04.2020;19:02:24;16,0;18,0;97992;1014,0326897;normal; wechselhaft
02.04.2020;19:02:40;16,0;18,0;97992;1014,36357391;normal; wechselhaft
02.04.2020;19:03:01;15,899999618499999;17,8999996185;97990;1013,95357596;normal; wechselhaft
02.04.2020;19:03:25;15,899999618499999;17,8999996185;97994;1014,05338593;normal; wechselhaft
02.04.2020;19:03:45;15,899999618499999;18,0;98001;1014,45673735;normal; wechselhaft
02.04.2020;19:04:04;15,899999618499999;18,0;97994;1013,99496605;normal; wechselhaft
02.04.2020;19:04:25;15,899999618499999;18,0;98001;1014,12582275;normal; wechselhaft
02.04.2020;19:04:46;15,899999618499999;18,0;98003;1014,47744034;normal; wechselhaft
02.04.2020;19:05:05;15,899999618499999;18,0;97998;1014,03635613;normal; wechselhaft
02.04.2020;19:05:26;15,899999618499999;18,1000003815;97998;1014,0947784;normal; wechselhaft
02.04.2020;19:05:47;15,899999618499999;18,1000003815;98004;1014,48779183;normal; wechselhaft
02.04.2020;19:06:08;15,800000190699999;18,0;97993;1013,98461853;normal; wechselhaft
02.04.2020;19:06:27;15,899999618499999;18,1000003815;97990;1014,01199347;normal; wechselhaft
02.04.2020;19:06:47;15,800000190699999;18,1000003815;97999;1014,43603436;normal; wechselhaft
02.04.2020;19:07:09;15,800000190699999;18,0;97994;1013,99496605;normal; wechselhaft
02.04.2020;19:07:27;15,800000190699999;18,1000003815;97990;1014,01199347;normal; wechselhaft
02.04.2020;19:07:48;15,800000190699999;18,1000003815;97999;1014,43603436;normal; wechselhaft
02.04.2020;19:08:09;15,800000190699999;18,1000003815;98007;1014,12948382;normal; wechselhaft
02.04.2020;19:08:28;15,800000190699999;18,2000007629;97996;1014,07408217;normal; wechselhaft
02.04.2020;19:08:49;15,800000190699999;18,2000007629;98004;1014,48779183;normal; wechselhaft
02.04.2020;19:09:10;15,800000190699999;18,2000007629;97999;1014,04670365;normal; wechselhaft
02.04.2020;19:09:29;15,800000190699999;18,2000007629;98010;1014,21895581;normal; wechselhaft
02.04.2020;19:09:49;15,800000190699999;18,2000007629;97999;1014,43603436;normal; wechselhaft
02.04.2020;19:10:11;15,800000190699999;18,2000007629;98000;1014,05705117;normal; wechselhaft
02.04.2020;19:10:29;15,699999809300001;18,2000007629;98007;1014,18791146;normal; wechselhaft
02.04.2020;19:10:50;15,699999809300001;18,2000007629;97999;1014,43603436;normal; wechselhaft
02.04.2020;19:11:11;15,699999809300001;18,2000007629;98005;1014,10878878;normal; wechselhaft
02.04.2020;19:11:30;15,699999809300001;18,2000007629;97995;1014,06373405;normal; wechselhaft
02.04.2020;19:11:51;15,699999809300001;18,2000007629;98010;1014,54990079;normal; wechselhaft
02.04.2020;19:12:12;15,699999809300001;18,2000007629;98002;1014,07774621;normal; wechselhaft
02.04.2020;19:12:31;15,699999809300001;18,2999992371;98009;1014,20860769;normal; wechselhaft
02.04.2020;19:12:51;15,699999809300001;18,2999992371;98008;1014,5291978;normal; wechselhaft
02.04.2020;19:13:12;15,699999809300001;18,2999992371;98004;1014,09844126;normal; wechselhaft
02.04.2020;19:13:31;15,699999809300001;18,2999992371;98001;1014,12582275;normal; wechselhaft
02.04.2020;19:13:55;15,699999809300001;18,3999996185;98006;1014,50849482;normal; wechselhaft
02.04.2020;19:14:16;15,699999809300001;18,3999996185;98008;1014,13983134;normal; wechselhaft
02.04.2020;19:14:32;15,600000381500001;18,2999992371;98006;1014,17756334;normal; wechselhaft
02.04.2020;19:14:55;15,600000381500001;18,2999992371;98007;1014,51884631;normal; wechselhaft
02.04.2020;19:15:16;15,600000381500001;18,2999992371;98008;1014,13983134;normal; wechselhaft
02.04.2020;19:15:33;15,600000381500001;18,2999992371;98009;1014,20860769;normal; wechselhaft
02.04.2020;19:15:56;15,600000381500001;18,2999992371;98011;1014,56025229;normal; wechselhaft
02.04.2020;19:16:27;15,600000381500001;18,2999992371;98011;1014,1708739000001;normal; wechselhaft
02.04.2020;19:16:33;15,600000381500001;18,2999992371;98001;1014,12582275;normal; wechselhaft
02.04.2020;19:16:57;15,600000381500001;18,2999992371;98021;1014,66376722;normal; wechselhaft
02.04.2020;19:17:30;15,600000381500001;18,3999996185;98011;1014,1708739000001;normal; wechselhaft
02.04.2020;19:17:34;15,600000381500001;18,3999996185;98010;1014,21895581;normal; wechselhaft
02.04.2020;19:17:57;15,600000381500001;18,3999996185;98005;1014,49814332;normal; wechselhaft
02.04.2020;19:18:31;15,600000381500001;18,3999996185;98011;1014,1708739000001;normal; wechselhaft
02.04.2020;19:18:35;15,600000381500001;18,5;98005;1014,16721522;normal; wechselhaft
02.04.2020;19:19:03;15,5;18,3999996185;98010;1014,54990079;normal; wechselhaft
02.04.2020;19:19:31;15,5;18,3999996185;98011;1014,1708739000001;normal; wechselhaft
02.04.2020;19:19:35;15,5;18,3999996185;98003;1014,14651899;normal; wechselhaft
02.04.2020;19:20:04;15,600000381500001;18,5;98013;1014,58095527;normal; wechselhaft
02.04.2020;19:20:32;15,600000381500001;18,5;98011;1014,1708739000001;normal; wechselhaft
02.04.2020;19:20:36;15,5;18,5;98010;1014,21895581;normal; wechselhaft
02.04.2020;19:21:04;15,5;18,5;98009;1014,5395492999999;normal; wechselhaft
02.04.2020;19:21:33;15,5;18,5;98010;1014,16052638;normal; wechselhaft
02.04.2020;19:21:37;15,5;18,5;98010;1014,21895581;normal; wechselhaft
02.04.2020;19:22:05;15,5;18,5;98009;1014,5395492999999;normal; wechselhaft
02.04.2020;19:22:33;15,5;18,6000003815;98006;1014,1191363;normal; wechselhaft
02.04.2020;19:22:37;15,5;18,6000003815;98013;1014,25000016;normal; wechselhaft
02.04.2020;19:23:08;15,5;18,6000003815;98009;1014,5395492999999;normal; wechselhaft
02.04.2020;19:23:34;15,5;18,6000003815;98006;1014,1191363;normal; wechselhaft
02.04.2020;19:23:38;15,5;18,6000003815;97996;1014,07408217;normal; wechselhaft
02.04.2020;19:24:09;15,5;18,6000003815;98002;1014,46708884;normal; wechselhaft
02.04.2020;19:24:35;15,399999618499999;18,6000003815;98007;1014,12948382;normal; wechselhaft
02.04.2020;19:24:39;15,399999618499999;18,6000003815;97999;1014,10512652;normal; wechselhaft
02.04.2020;19:25:09;15,5;18,6000003815;98002;1014,46708884;normal; wechselhaft
02.04.2020;19:25:35;15,399999618499999;18,6000003815;98003;1014,08809374;normal; wechselhaft
02.04.2020;19:25:39;15,399999618499999;18,6000003815;98002;1014,13617087;normal; wechselhaft
02.04.2020;19:26:10;15,399999618499999;18,6000003815;98003;1014,47744034;normal; wechselhaft
02.04.2020;19:26:36;15,399999618499999;18,7000007629;98003;1014,08809374;normal; wechselhaft
02.04.2020;19:26:40;15,399999618499999;18,6000003815;98008;1014,19825957;normal; wechselhaft
02.04.2020;19:27:11;15,399999618499999;18,6000003815;98005;1014,49814332;normal; wechselhaft
02.04.2020;19:27:37;15,399999618499999;18,6000003815;98008;1014,13983134;normal; wechselhaft
02.04.2020;19:27:40;15,399999618499999;18,7000007629;98008;1014,19825957;normal; wechselhaft
02.04.2020;19:28:11;15,399999618499999;18,7000007629;98006;1014,50849482;normal; wechselhaft
02.04.2020;19:28:37;15,399999618499999;18,7000007629;98008;1014,13983134;normal; wechselhaft
02.04.2020;19:28:41;15,399999618499999;18,7999992371;98011;1014,22930392;normal; wechselhaft
02.04.2020;19:29:12;15,399999618499999;18,7999992371;97999;1014,43603436;normal; wechselhaft
02.04.2020;19:29:38;15,399999618499999;18,7999992371;98006;1014,1191363;normal; wechselhaft
02.04.2020;19:29:42;15,300000190699999;18,7000007629;98004;1014,1568671;normal; wechselhaft
02.04.2020;19:30:13;15,300000190699999;18,7000007629;98011;1014,56025229;normal; wechselhaft
02.04.2020;19:30:39;15,399999618499999;18,7999992371;98007;1014,12948382;normal; wechselhaft
02.04.2020;19:30:42;15,300000190699999;18,7999992371;98012;1014,23965204;normal; wechselhaft
02.04.2020;19:31:16;15,300000190699999;18,7999992371;98004;1014,48779183;normal; wechselhaft
02.04.2020;19:31:42;15,300000190699999;18,7999992371;98011;1014,1708739000001;normal; wechselhaft
02.04.2020;19:31:46;15,300000190699999;18,7999992371;98002;1014,13617087;normal; wechselhaft
02.04.2020;19:32:17;15,300000190699999;18,7999992371;98004;1014,48779183;normal; wechselhaft
02.04.2020;19:32:43;15,300000190699999;18,7999992371;98011;1014,1708739000001;normal; wechselhaft
02.04.2020;19:32:46;15,300000190699999;18,8999996185;98007;1014,18791146;normal; wechselhaft
02.04.2020;19:33:20;15,300000190699999;18,8999996185;98011;1014,56025229;normal; wechselhaft
02.04.2020;19:33:43;15,300000190699999;18,7999992371;98011;1014,1708739000001;normal; wechselhaft
02.04.2020;19:33:47;15,300000190699999;18,8999996185;98010;1014,21895581;normal; wechselhaft
02.04.2020;19:34:20;15,300000190699999;18,7999992371;98008;1014,5291978;normal; wechselhaft
02.04.2020;19:34:44;15,199999809300001;18,7999992371;98014;1014,20191647;normal; wechselhaft
02.04.2020;19:34:47;15,199999809300001;18,8999996185;98008;1014,19825957;normal; wechselhaft
02.04.2020;19:35:21;15,199999809300001;18,8999996185;98017;1014,62236125;normal; wechselhaft
02.04.2020;19:35:45;15,199999809300001;18,8999996185;98001;1014,06739869;normal; wechselhaft
02.04.2020;19:35:48;15,199999809300001;18,8999996185;98001;1014,12582275;normal; wechselhaft
02.04.2020;19:36:22;15,199999809300001;18,8999996185;98008;1014,5291978;normal; wechselhaft
02.04.2020;19:36:48;15,199999809300001;19,0;98008;1014,13983134;normal; wechselhaft
02.04.2020;19:36:49;15,199999809300001;19,0;98008;1014,19825957;normal; wechselhaft
02.04.2020;19:37:22;15,199999809300001;19,0;98011;1014,56025229;normal; wechselhaft
02.04.2020;19:37:48;15,199999809300001;19,0;98009;1014,15017886;normal; wechselhaft
02.04.2020;19:37:49;15,199999809300001;19,0;98013;1014,25000016;normal; wechselhaft
02.04.2020;19:38:23;15,100000381500001;18,8999996185;98013;1014,58095527;normal; wechselhaft
02.04.2020;19:38:49;15,199999809300001;19,1000003815;98013;1014,19156894;normal; wechselhaft
02.04.2020;19:38:50;15,100000381500001;19,0;98012;1014,23965204;normal; wechselhaft
02.04.2020;19:39:24;15,100000381500001;19,0;98021;1014,66376722;normal; wechselhaft
02.04.2020;19:39:50;15,100000381500001;19,0;98013;1014,19156894;normal; wechselhaft
02.04.2020;19:39:51;15,100000381500001;19,0;98010;1014,21895581;normal; wechselhaft
02.04.2020;19:40:24;15,100000381500001;19,1000003815;98010;1014,54990079;normal; wechselhaft
02.04.2020;19:40:50;15,100000381500001;19,0;98012;1014,18122142;normal; wechselhaft
02.04.2020;19:40:51;15,100000381500001;19,1000003815;98012;1014,23965204;normal; wechselhaft
02.04.2020;19:41:25;15,100000381500001;19,1000003815;98015;1014,60165826;normal; wechselhaft
02.04.2020;19:41:51;15,100000381500001;19,1000003815;98006;1014,1191363;normal; wechselhaft
02.04.2020;19:41:52;15,100000381500001;19,1000003815;98021;1014,3327851;normal; wechselhaft
02.04.2020;19:42:26;15,100000381500001;19,1000003815;98016;1014,61200975;normal; wechselhaft
02.04.2020;19:42:52;15,100000381500001;19,1000003815;98027;1014,33643424;normal; wechselhaft
02.04.2020;19:42:53;15,0;19,1000003815;98025;1014,37417756;normal; wechselhaft
02.04.2020;19:43:26;15,0;19,1000003815;98023;1014,68447021;normal; wechselhaft
02.04.2020;19:43:52;15,0;19,1000003815;98021;1014,27434911;normal; wechselhaft
02.04.2020;19:43:53;15,0;19,1000003815;98018;1014,30174074;normal; wechselhaft
02.04.2020;19:44:27;15,0;19,1000003815;98018;1014,63271274;normal; wechselhaft
02.04.2020;19:44:53;15,0;19,2000007629;98014;1014,20191647;normal; wechselhaft
02.04.2020;19:44:54;15,0;19,2000007629;98015;1014,27069639;normal; wechselhaft
02.04.2020;19:45:28;15,0;19,2000007629;98030;1014,75693067;normal; wechselhaft
02.04.2020;19:45:54;15,0;19,2000007629;98026;1014,32608672;normal; wechselhaft
02.04.2020;19:45:55;15,0;19,2000007629;98014;1014,26034828;normal; wechselhaft
02.04.2020;19:46:28;14,899999618499999;19,1000003815;98017;1014,62236125;normal; wechselhaft
02.04.2020;19:46:54;14,899999618499999;19,1000003815;98011;1014,1708739000001;normal; wechselhaft
02.04.2020;19:46:55;14,899999618499999;19,2000007629;98015;1014,27069639;normal; wechselhaft
02.04.2020;19:47:29;14,899999618499999;19,2000007629;98023;1014,68447021;normal; wechselhaft
02.04.2020;19:47:56;14,899999618499999;19,2000007629;98014;1014,26034828;normal; wechselhaft
02.04.2020;19:48:00;14,899999618499999;19,2999992371;98015;1014,21226399;normal; wechselhaft
02.04.2020;19:48:30;14,899999618499999;19,2000007629;98013;1014,58095527;normal; wechselhaft
02.04.2020;19:48:59;14,899999618499999;19,2999992371;98016;1014,28104451;normal; wechselhaft
02.04.2020;19:49:01;14,899999618499999;19,2999992371;98011;1014,1708739000001;normal; wechselhaft
02.04.2020;19:49:30;14,899999618499999;19,2999992371;98017;1014,62236125;normal; wechselhaft
02.04.2020;19:50:01;14,800000190699999;19,2000007629;98014;1014,20191647;normal; wechselhaft
02.04.2020;19:50:02;14,800000190699999;19,2000007629;98013;1014,25000016;normal; wechselhaft
02.04.2020;19:50:31;14,800000190699999;19,2000007629;98016;1014,61200975;normal; wechselhaft
02.04.2020;19:51:02;14,800000190699999;19,2999992371;98022;1014,28469663;normal; wechselhaft
02.04.2020;19:51:03;14,800000190699999;19,2999992371;98017;1014,29139263;normal; wechselhaft
02.04.2020;19:51:32;14,800000190699999;19,2999992371;98017;1014,62236125;normal; wechselhaft
02.04.2020;19:52:03;14,800000190699999;19,2999992371;98017;1014,23295903;normal; wechselhaft
02.04.2020;19:52:04;14,800000190699999;19,2999992371;98022;1014,34313321;normal; wechselhaft
02.04.2020;19:52:32;14,800000190699999;19,3999996185;98022;1014,67411872;normal; wechselhaft
02.04.2020;19:53:03;14,800000190699999;19,2999992371;98026;1014,32608672;normal; wechselhaft
02.04.2020;19:53:04;14,800000190699999;19,3999996185;98014;1014,26034828;normal; wechselhaft
02.04.2020;19:53:33;14,800000190699999;19,3999996185;98022;1014,67411872;normal; wechselhaft
02.04.2020;19:54:04;14,800000190699999;19,3999996185;98016;1014,22261151;normal; wechselhaft
02.04.2020;19:54:08;14,800000190699999;19,3999996185;98015;1014,27069639;normal; wechselhaft
02.04.2020;19:54:34;14,699999809300001;19,3999996185;98017;1014,62236125;normal; wechselhaft
02.04.2020;19:55:05;14,800000190699999;19,3999996185;98030;1014,3674768;normal; wechselhaft
02.04.2020;19:55:08;14,800000190699999;19,5;98025;1014,37417756;normal; wechselhaft
02.04.2020;19:55:34;14,699999809300001;19,3999996185;98030;1014,75693067;normal; wechselhaft
02.04.2020;19:56:05;14,699999809300001;19,3999996185;98031;1014,37782432;normal; wechselhaft
02.04.2020;19:56:11;14,699999809300001;19,3999996185;98030;1014,42591815;normal; wechselhaft
02.04.2020;19:56:35;14,699999809300001;19,3999996185;98034;1014,79833664;normal; wechselhaft
02.04.2020;19:57:06;14,699999809300001;19,5;98028;1014,34678176;normal; wechselhaft
02.04.2020;19:57:15;14,699999809300001;19,3999996185;98025;1014,37417756;normal; wechselhaft
02.04.2020;19:57:36;14,699999809300001;19,5;98030;1014,75693067;normal; wechselhaft
02.04.2020;19:58:07;14,699999809300001;19,5;98027;1014,33643424;normal; wechselhaft
02.04.2020;19:58:15;14,600000381500001;19,3999996185;98038;1014,50870309;normal; wechselhaft
02.04.2020;19:58:36;14,600000381500001;19,3999996185;98033;1014,78798515;normal; wechselhaft
02.04.2020;19:59:07;14,699999809300001;19,5;98033;1014,39851936;normal; wechselhaft
02.04.2020;19:59:16;14,600000381500001;19,3999996185;98030;1014,42591815;normal; wechselhaft
02.04.2020;19:59:37;14,600000381500001;19,5;98033;1014,78798515;normal; wechselhaft
02.04.2020;20:00:08;14,699999809300001;19,6000003815;98027;1014,33643424;normal; wechselhaft
02.04.2020;20:00:16;14,600000381500001;19,5;98032;1014,44661438;normal; wechselhaft
02.04.2020;20:00:38;14,600000381500001;19,5;98026;1014,71552469;normal; wechselhaft
02.04.2020;20:01:09;14,600000381500001;19,5;98032;1014,38817184;normal; wechselhaft
02.04.2020;20:01:17;14,600000381500001;19,5;98026;1014,38452568;normal; wechselhaft
02.04.2020;20:01:38;14,600000381500001;19,5;98034;1014,79833664;normal; wechselhaft
02.04.2020;20:02:09;14,600000381500001;19,5;98026;1014,32608672;normal; wechselhaft
02.04.2020;20:02:18;14,600000381500001;19,5;98026;1014,38452568;normal; wechselhaft
02.04.2020;20:02:39;14,5;19,5;98030;1014,75693067;normal; wechselhaft
02.04.2020;20:03:10;14,5;19,5;98032;1014,38817184;normal; wechselhaft
02.04.2020;20:03:18;14,5;19,5;98029;1014,41557003;normal; wechselhaft
02.04.2020;20:03:40;14,5;19,5;98035;1014,80868814;normal; wechselhaft
02.04.2020;20:04:10;14,5;19,5;98022;1014,28469663;normal; wechselhaft
02.04.2020;20:04:19;14,5;19,6000003815;98026;1014,38452568;normal; wechselhaft
02.04.2020;20:04:40;14,5;19,6000003815;98029;1014,74657917;normal; wechselhaft
02.04.2020;20:05:11;14,5;19,6000003815;98038;1014,45025697;normal; wechselhaft
02.04.2020;20:05:20;14,5;19,6000003815;98033;1014,4569625;normal; wechselhaft
02.04.2020;20:05:41;14,5;19,6000003815;98031;1014,76728216;normal; wechselhaft
02.04.2020;20:06:12;14,399999618499999;19,5;98038;1014,45025697;normal; wechselhaft
02.04.2020;20:06:20;14,5;19,6000003815;98035;1014,47765873;normal; wechselhaft
02.04.2020;20:06:42;14,5;19,6000003815;98035;1014,80868814;normal; wechselhaft
02.04.2020;20:07:12;14,5;19,6000003815;98039;1014,46060449;normal; wechselhaft
02.04.2020;20:07:21;14,399999618499999;19,6000003815;98031;1014,43626627;normal; wechselhaft
02.04.2020;20:07:42;14,399999618499999;19,6000003815;98034;1014,79833664;normal; wechselhaft
02.04.2020;20:08:13;14,399999618499999;19,6000003815;98031;1014,37782432;normal; wechselhaft
02.04.2020;20:08:22;14,399999618499999;19,6000003815;98034;1014,46731062;normal; wechselhaft
02.04.2020;20:08:43;14,399999618499999;19,6000003815;98035;1014,80868814;normal; wechselhaft
02.04.2020;20:09:14;14,399999618499999;19,6000003815;98034;1014,40886688;normal; wechselhaft
02.04.2020;20:09:25;14,399999618499999;19,6000003815;98038;1014,50870309;normal; wechselhaft
02.04.2020;20:09:44;14,300000190699999;19,6000003815;98034;1014,79833664;normal; wechselhaft
02.04.2020;20:10:14;14,399999618499999;19,7000007629;98040;1014,47095201;normal; wechselhaft
02.04.2020;20:10:25;14,399999618499999;19,7000007629;98033;1014,4569625;normal; wechselhaft
02.04.2020;20:10:44;14,300000190699999;19,6000003815;98027;1014,72587619;normal; wechselhaft
02.04.2020;20:11:15;14,300000190699999;19,7000007629;98036;1014,42956193;normal; wechselhaft
02.04.2020;20:11:29;14,399999618499999;19,7999992371;98037;1014,49835497;normal; wechselhaft
02.04.2020;20:11:47;14,300000190699999;19,7000007629;98030;1014,75693067;normal; wechselhaft
02.04.2020;20:12:16;14,300000190699999;19,7000007629;98038;1014,45025697;normal; wechselhaft
02.04.2020;20:12:29;14,300000190699999;19,7000007629;98034;1014,46731062;normal; wechselhaft
02.04.2020;20:12:48;14,300000190699999;19,7000007629;98038;1014,83974262;normal; wechselhaft
02.04.2020;20:13:16;14,300000190699999;19,7000007629;98030;1014,3674768;normal; wechselhaft
02.04.2020;20:13:30;14,300000190699999;19,7000007629;98034;1014,46731062;normal; wechselhaft
02.04.2020;20:13:49;14,300000190699999;19,7999992371;98040;1014,8604456;normal; wechselhaft
02.04.2020;20:14:17;14,300000190699999;19,7999992371;98040;1014,47095201;normal; wechselhaft
02.04.2020;20:14:31;14,300000190699999;19,7000007629;98036;1014,48800685;normal; wechselhaft
02.04.2020;20:14:49;14,199999809300001;19,7000007629;98040;1014,8604456;normal; wechselhaft
02.04.2020;20:15:18;14,199999809300001;19,7000007629;98042;1014,49164705;normal; wechselhaft
02.04.2020;20:15:31;14,199999809300001;19,7000007629;98042;1014,55009555;normal; wechselhaft
02.04.2020;20:15:50;14,199999809300001;19,7999992371;98044;1014,90185158;normal; wechselhaft
02.04.2020;20:16:18;14,199999809300001;19,7999992371;98030;1014,3674768;normal; wechselhaft
02.04.2020;20:16:32;14,199999809300001;19,7999992371;98040;1014,52939932;normal; wechselhaft
02.04.2020;20:16:51;14,199999809300001;19,7999992371;98036;1014,81903963;normal; wechselhaft
02.04.2020;20:17:19;14,199999809300001;19,7999992371;98026;1014,32608672;normal; wechselhaft
02.04.2020;20:17:33;14,199999809300001;19,7999992371;98035;1014,47765873;normal; wechselhaft
02.04.2020;20:17:51;14,199999809300001;19,8999996185;98035;1014,80868814;normal; wechselhaft
02.04.2020;20:18:20;14,100000381500001;19,7999992371;98038;1014,45025697;normal; wechselhaft
02.04.2020;20:18:36;14,100000381500001;19,7999992371;98041;1014,53974744;normal; wechselhaft
02.04.2020;20:18:52;14,100000381500001;19,7999992371;98038;1014,83974262;normal; wechselhaft
02.04.2020;20:19:20;14,100000381500001;19,7999992371;98035;1014,41921441;normal; wechselhaft
02.04.2020;20:19:36;14,100000381500001;19,8999996185;98044;1014,57079179;normal; wechselhaft
02.04.2020;20:19:53;14,100000381500001;19,8999996185;98039;1014,85009411;normal; wechselhaft
02.04.2020;20:20:21;14,100000381500001;19,8999996185;98039;1014,46060449;normal; wechselhaft
02.04.2020;20:20:37;14,100000381500001;19,8999996185;98039;1014,5190512;normal; wechselhaft
02.04.2020;20:20:53;14,100000381500001;19,8999996185;98042;1014,88114859;normal; wechselhaft
02.04.2020;20:21:22;14,100000381500001;19,8999996185;98045;1014,52268961;normal; wechselhaft
02.04.2020;20:21:38;14,100000381500001;19,8999996185;98041;1014,53974744;normal; wechselhaft
02.04.2020;20:21:54;14,0;19,7999992371;98045;1014,91220307;normal; wechselhaft
02.04.2020;20:22:22;14,0;19,7999992371;98045;1014,52268961;normal; wechselhaft
02.04.2020;20:22:38;14,100000381500001;19,8999996185;98041;1014,53974744;normal; wechselhaft
02.04.2020;20:22:57;14,0;19,8999996185;98037;1014,82939112;normal; wechselhaft
02.04.2020;20:23:23;14,0;19,8999996185;98043;1014,50199457;normal; wechselhaft
02.04.2020;20:23:39;14,0;19,8999996185;98044;1014,57079179;normal; wechselhaft
02.04.2020;20:24:00;14,0;19,8999996185;98037;1014,82939112;normal; wechselhaft
02.04.2020;20:24:24;14,0;19,8999996185;98053;1014,60546978;normal; wechselhaft
02.04.2020;20:24:42;14,0;19,8999996185;98048;1014,61218426;normal; wechselhaft
02.04.2020;20:25:01;14,0;19,8999996185;98048;1014,94325755;normal; wechselhaft
02.04.2020;20:25:24;14,0;19,8999996185;98054;1014,6158173;normal; wechselhaft
02.04.2020;20:25:43;13,899999618499999;19,8999996185;98043;1014,56044367;normal; wechselhaft
02.04.2020;20:26:04;14,0;20,0;98039;1014,85009411;normal; wechselhaft
02.04.2020;20:26:25;13,899999618499999;20,0;98043;1014,50199457;normal; wechselhaft
02.04.2020;20:26:44;13,899999618499999;19,8999996185;98049;1014,62253237;normal; wechselhaft
02.04.2020;20:27:05;13,899999618499999;20,0;98046;1014,92255457;normal; wechselhaft
02.04.2020;20:27:31;13,899999618499999;20,0;98044;1014,51234209;normal; wechselhaft
02.04.2020;20:27:44;13,899999618499999;20,0;98042;1014,55009555;normal; wechselhaft
02.04.2020;20:28:05;13,899999618499999;20,0;98049;1014,95360905;normal; wechselhaft
02.04.2020;20:28:31;13,899999618499999;20,0;98043;1014,50199457;normal; wechselhaft
02.04.2020;20:28:45;13,899999618499999;20,0;98040;1014,52939932;normal; wechselhaft
02.04.2020;20:29:06;13,899999618499999;20,0;98046;1014,92255457;normal; wechselhaft
02.04.2020;20:29:32;13,899999618499999;20,0;98039;1014,46060449;normal; wechselhaft
02.04.2020;20:29:46;13,899999618499999;20,0;98045;1014,58113991;normal; wechselhaft
02.04.2020;20:30:07;13,899999618499999;20,0;98043;1014,89150009;normal; wechselhaft
02.04.2020;20:30:38;13,800000190699999;20,0;98041;1014,48129953;normal; wechselhaft
02.04.2020;20:30:46;13,800000190699999;20,0;98045;1014,58113991;normal; wechselhaft
02.04.2020;20:31:10;13,800000190699999;20,0;98039;1014,85009411;normal; wechselhaft
02.04.2020;20:31:38;13,800000190699999;20,0;98046;1014,53303714;normal; wechselhaft
02.04.2020;20:31:47;13,800000190699999;20,1000003815;98052;1014,65357673;normal; wechselhaft
02.04.2020;20:32:11;13,800000190699999;20,1000003815;98042;1014,88114859;normal; wechselhaft
02.04.2020;20:32:39;13,800000190699999;20,1000003815;98049;1014,5640797;normal; wechselhaft
02.04.2020;20:32:47;13,800000190699999;20,1000003815;98048;1014,61218426;normal; wechselhaft
02.04.2020;20:33:11;13,800000190699999;20,1000003815;98044;1014,90185158;normal; wechselhaft
02.04.2020;20:33:40;13,800000190699999;20,1000003815;98046;1014,53303714;normal; wechselhaft
02.04.2020;20:33:48;13,800000190699999;20,1000003815;98042;1014,55009555;normal; wechselhaft
02.04.2020;20:34:12;13,699999809300001;20,0;98051;1014,97431204;normal; wechselhaft
02.04.2020;20:34:40;13,699999809300001;20,1000003815;98045;1014,52268961;normal; wechselhaft
02.04.2020;20:34:49;13,800000190699999;20,2000007629;98051;1014,64322861;normal; wechselhaft
02.04.2020;20:35:13;13,699999809300001;20,1000003815;98040;1014,8604456;normal; wechselhaft
02.04.2020;20:35:41;13,699999809300001;20,1000003815;98044;1014,51234209;normal; wechselhaft
02.04.2020;20:35:49;13,699999809300001;20,1000003815;98048;1014,61218426;normal; wechselhaft
02.04.2020;20:36:13;13,699999809300001;20,2000007629;98057;1015,0364210000001;normal; wechselhaft
02.04.2020;20:36:41;13,699999809300001;20,2000007629;98048;1014,55373218;normal; wechselhaft
02.04.2020;20:36:53;13,699999809300001;20,2000007629;98047;1014,60183614;normal; wechselhaft
02.04.2020;20:37:14;13,699999809300001;20,2000007629;98043;1014,89150009;normal; wechselhaft
02.04.2020;20:37:42;13,699999809300001;20,2000007629;98044;1014,51234209;normal; wechselhaft
02.04.2020;20:37:53;13,600000381500001;20,1000003815;98048;1014,61218426;normal; wechselhaft
02.04.2020;20:38:15;13,600000381500001;20,2000007629;98041;1014,8707971000001;normal; wechselhaft
02.04.2020;20:38:45;13,600000381500001;20,2000007629;98051;1014,58477474;normal; wechselhaft
02.04.2020;20:38:54;13,600000381500001;20,2000007629;98041;1014,53974744;normal; wechselhaft
02.04.2020;20:39:18;13,600000381500001;20,2999992371;98046;1014,92255457;normal; wechselhaft
02.04.2020;20:39:46;13,600000381500001;20,2000007629;98044;1014,51234209;normal; wechselhaft
02.04.2020;20:39:55;13,600000381500001;20,2999992371;98047;1014,60183614;normal; wechselhaft
02.04.2020;20:40:18;13,600000381500001;20,2999992371;98044;1014,90185158;normal; wechselhaft
02.04.2020;20:40:47;13,600000381500001;20,2999992371;98042;1014,49164705;normal; wechselhaft
02.04.2020;20:40:55;13,600000381500001;20,2999992371;98050;1014,63288049;normal; wechselhaft
02.04.2020;20:41:22;13,600000381500001;20,2999992371;98045;1014,91220307;normal; wechselhaft
02.04.2020;20:41:50;13,5;20,2999992371;98053;1014,60546978;normal; wechselhaft
02.04.2020;20:41:56;13,5;20,2999992371;98045;1014,58113991;normal; wechselhaft
02.04.2020;20:42:22;13,5;20,2999992371;98049;1014,95360905;normal; wechselhaft
02.04.2020;20:42:53;13,5;20,2999992371;98049;1014,5640797;normal; wechselhaft
02.04.2020;20:42:57;13,5;20,2999992371;98042;1014,55009555;normal; wechselhaft
02.04.2020;20:43:23;13,5;20,2999992371;98048;1014,94325755;normal; wechselhaft
02.04.2020;20:43:54;13,399999618499999;20,2999992371;98051;1014,58477474;normal; wechselhaft
02.04.2020;20:43:57;13,5;20,2999992371;98049;1014,62253237;normal; wechselhaft
02.04.2020;20:44:23;13,5;20,3999996185;98055;1015,01571801;normal; wechselhaft
02.04.2020;20:44:57;13,5;20,3999996185;98056;1014,63651234;normal; wechselhaft
02.04.2020;20:44:58;13,399999618499999;20,3999996185;98056;1014,69496919;normal; wechselhaft
02.04.2020;20:45:24;13,5;20,3999996185;98052;1014,98466353;normal; wechselhaft
02.04.2020;20:45:57;13,399999618499999;20,3999996185;98054;1014,6158173;normal; wechselhaft
02.04.2020;20:45:58;13,399999618499999;20,3999996185;98051;1014,64322861;normal; wechselhaft
02.04.2020;20:46:25;13,399999618499999;20,3999996185;98047;1014,93290606;normal; wechselhaft
02.04.2020;20:46:58;13,399999618499999;20,3999996185;98052;1014,59512226;normal; wechselhaft
02.04.2020;20:46:59;13,399999618499999;20,3999996185;98045;1014,58113991;normal; wechselhaft
02.04.2020;20:47:25;13,399999618499999;20,3999996185;98061;1015,07782697;normal; wechselhaft
02.04.2020;20:47:59;13,399999618499999;20,5;98048;1014,55373218;normal; wechselhaft
02.04.2020;20:48:00;13,399999618499999;20,5;98055;1014,68462108;normal; wechselhaft
02.04.2020;20:48:26;13,399999618499999;20,5;98054;1015,00536652;normal; wechselhaft
02.04.2020;20:48:59;13,399999618499999;20,5;98061;1014,68824995;normal; wechselhaft
02.04.2020;20:49:00;13,399999618499999;20,5;98061;1014,74670978;normal; wechselhaft
02.04.2020;20:49:27;13,399999618499999;20,5;98053;1014,99501502;normal; wechselhaft
