;dsfdsfs
0;43,56508103464343
1;44,21248178940161
2;44,481757148501956
3;43,59499978591874
4;43,8896910297925
5;44,11796826248173
6;44,26456469773884
7;43,891962544141954
8;43,85180879427438
9;43,8398442421613
10;43,653227324621994
11;44,18268318131078
12;44,045797305239546
13;43,893879770799174
14;43,897366298370756
15;43,78321106688601
16;44,35890768005046
17;43,8678880434764
18;44,00949548412225
19;43,62483989535419
20;44,00559422731028
21;43,89971911057387
22;44,05463592721918
23;44,44027710188856
24;43,90868167794895
25;43,70072536964298
26;43,72762746716465
27;44,14351963443599
28;44,496385278901165
29;43,76568010639753
30;44,19715361607965
31;44,19685776474857
32;44,297716767303605
33;43,60573325291819
34;43,478949485354285
35;43,67508212278188
36;44,0592764116779
37;43,89451610061885
38;44,099413197262066
39;43,82629062069785
40;44,338044542715956
41;43,82651771970555
42;43,60498178954997
43;43,77634292121218
44;43,22809871843269
45;43,877862942318416
46;43,80347710640497
47;43,70280160044455
48;44,302087133060446
49;44,27763972790764
50;43,94102207593384
51;43,68833670739653
52;43,850003755322795
53;44,13075591541816
54;43,86331578444424
55;44,38612509269296
56;44,56848046814749
57;43,72414337092988
58;43,38816357132479
59;44,270982773721876
60;44,418416816482896
61;43,94379783373288
62;43,84981790042937
63;44,07075603127809
64;43,98944200965917
65;44,54822617855369
66;44,06895315304734
67;43,606767362622534
68;43,836432484784574
69;43,92616716802307
70;44,14392158071503
71;43,63338816749326
72;43,94207175747658
73;44,14282689020486
74;44,10360516394128
75;44,028981468452244
76;43,993352712734044
77;43,61740035004415
78;44,21930350186446
79;44,29522229184579
80;44,36874074962289
81;44,117301381780905
82;44,15703675996183
83;43,66791504249525
84;43,79999817009788
85;44,487423899011944
86;43,9140296822985
87;44,498056885352675
88;43,82780477989686
89;44,32447260671947
90;44,09552507034373
91;43,75057112011271
92;44,25814204135031
93;43,85835455209276
94;44,366562353851144
95;44,04420398353344
96;44,177741880749586
97;43,611664987127
98;44,66936428712877
99;44,24625032790009
100;44,18286377366669
101;43,850848309921204
102;44,027055566521355
103;43,742040715588075
104;43,38140267872243
105;44,105185004082216
106;44,37254300790614
107;43,85742014398042
108;43,80127380762151
109;43,39972549322421
110;43,87190427765704
111;43,783478031967576
112;44,15411859115761
113;43,53043634004784
114;43,71065786307522
115;43,53222264910678
116;43,59756963787441
117;44,09551598225025
118;43,663433503753645
119;43,77723603231921
120;43,88471974866153
121;43,244606741475316
122;44,0443210229939
123;44,09186569350176
124;44,11778433827002
125;44,08244142056869
126;43,705123179211455
127;43,60848917927233
128;44,00146809551103
129;44,116390812263965
130;44,15497149188514
131;43,972702995638194
132;43,961903410689146
133;43,986755997238774
134;44,29250895879539
135;44,21221673600633
136;44,223939491325055
137;44,90719084270961
138;44,037615072890176
139;44,068681918652196
140;44,07672046629079
141;43,86618240938339
142;44,14676356336328
143;44,544707369602804
144;43,88958498500656
145;44,00967396945331
146;43,72865500513521
147;43,82805403150299
148;43,51896705058219
149;44,26992637344105
150;43,94733266345847
151;44,15025784070976
152;43,819689820213625
153;43,714556676404605
154;44,05168653417432
155;43,74516146800287
156;44,046651924115345
157;43,537186138018306
158;43,91749016705784
159;44,53184694903027
160;43,98833723037211
161;44,18560335133655
162;44,01269980383643
163;44,02164995776945
164;43,74540911580364
165;43,38054837993283
166;43,75689258025431
167;44,14039277892733
168;43,9928925942503
169;43,941353582878726
170;44,51653522949278
171;44,610877467419336
172;43,78772310288721
173;44,3181942853671
174;43,75502266465872
175;44,61537049175438
176;43,87202134992338
177;44,39876094494268
178;43,763773785851384
179;44,347670943521244
180;44,484545422246
181;44,69947469352046
182;43,746506668499585
183;43,76806316448843
184;43,76027950258747
185;43,758526941143735
186;44,13684115271143
187;44,170482729178325
188;43,94532622276639
189;43,803210545041615
190;43,98076975767604
191;43,979151439552545
192;43,90914581082239
193;43,40243866179883
194;43,593488444487924
195;43,81928834357542
196;44,145468934010445
197;43,842080552487545
198;43,94372178915808
199;43,80498412565854
200;43,656397675584
201;44,101626558372494
202;43,79298487421497
203;44,07029203814829
204;44,84045654280224
205;44,40858808089798
206;44,17074120053841
207;43,79235791585252
208;43,87690965340702
209;44,33883549745324
210;44,00552098493558
211;43,52121814602663
212;43,97472766090834
213;43,966743360570035
214;43,64224359183753
215;43,570806366207414
216;44,15571563133279
217;44,56882226630816
218;43,971815729759186
219;43,28117334301931
220;44,23247898700663
221;43,88616195351869
222;44,18466494838362
223;44,02674130107974
224;43,77714440568953
225;44,086034888797954
226;44,195924810985
227;43,984924152115035
228;43,971100377412576
229;44,187038259609686
230;44,07008543083391
231;43,72644099183707
232;43,120503174120046
233;44,40422189065949
234;43,57505931234327
235;43,83979853086533
236;43,873345774460034
237;44,23829138569873
238;43,50561849824666
239;43,61774287744775
240;44,17453109911512
241;44,29482860652759
242;43,96151520243554
243;43,97656422494322
244;44,230212112036426
245;43,353638565412204
246;44,18807670671533
247;43,93995794605676
248;43,63681846693441
249;44,54889414934948
250;44,00424526117624
251;43,82445562359356
252;43,76682727047006
253;44,633861455136966
254;44,27986869417246
255;44,4125306017832
256;44,41709354753575
257;43,408917879808286
258;44,00447710237711
259;44,339742927954966
260;44,15417959762744
261;43,53322496931107
262;44,17856797132318
263;44,51096215131681
264;43,94535195923569
265;43,96904864731577
266;43,64782848381813
267;43,8634786381185
268;43,916410698913204
269;43,79848801712313
270;44,070487818439574
271;44,126482029893495
272;43,40832371133637
273;44,55372713599876
274;43,60379998753722
275;43,781390143749626
276;44,039448440449796
277;43,99584960594857
278;44,006126385732216
279;43,99448483171404
280;43,968430247405095
281;43,711830857514904
282;43,74308932197432
283;43,93900276050408
284;44,12608058822994
285;43,759697421163615
286;43,78045541357844
287;43,98113792261858
288;43,86813513786226
289;44,285915192762516
290;43,40479928271704
291;43,80795535251348
292;43,61091268775643
293;43,77872756542582
294;44,36087041674646
295;44,24668595659168
296;44,68863341292584
297;44,20287598035465
298;44,7265765624844
299;43,721835880191215
300;43,42264577025743
301;43,96643556838579
302;44,630674789662365
303;44,10204126747069
304;44,22131652225237
305;44,075066200491236
306;43,96738740773654
307;43,9433426026797
308;44,3703301079642
309;43,77380419563819
310;44,006010592917164
311;44,31304421398944
312;44,07223742190003
313;43,980136658613375
314;44,37465740886091
315;43,97328179050165
316;43,56685368078193
317;44,234921256987796
318;43,94171565937921
319;44,28515195661875
320;43,73640103446348
321;43,95763516257974
322;44,30637137535195
323;44,17595894333529
324;43,9931328095497
325;44,10679926386674
326;44,05556744399765
327;44,12907122690523
328;43,73417460873098
329;44,391969523169685
330;43,89449005011837
331;44,06099153136108
332;43,78826987820294
333;43,886326601844395
334;44,309493820773234
335;44,18998262438849
336;44,29589896133159
337;43,910188893483344
338;44,24229286829824
339;43,55768386838301
340;44,039666071037956
341;44,04982246549398
342;43,755406114368576
343;44,00792104659571
344;44,43783060377777
345;44,10090573870484
346;44,047985654188544
347;43,60276976030129
348;44,21337393992928
349;44,55712526644251
350;44,03802795201758
351;44,15736639360565
352;44,06773142514276
353;44,10386240298186
354;44,31094111248108
355;44,12536122925492
356;43,884059106834826
357;43,97349893782903
358;43,09410068859543
359;44,08492822359994
360;43,2402351651392
361;43,77321894483016
362;43,86650875313141
363;44,03216544915438
364;44,47437391379689
365;43,99096190290981
366;43,51233789163205
367;44,066870853933644
368;44,02091407015817
369;44,25107384852605
370;44,365501043896835
371;44,05288039679305
372;43,58196524652321
373;44,062296051849295
374;43,82726169229147
375;43,773931194089705
376;43,84133019290214
377;43,69866654136748
378;44,69802324339241
379;44,29426924569596
380;44,496175397449925
381;44,382082513257735
382;43,86573394555129
383;44,46373452839516
384;43,83013498502492
385;44,084527086938174
386;43,96162120075149
387;43,64279231776673
388;44,16141362869698
389;43,989582698605474
390;44,468673168318205
391;43,96021357695859
392;44,124900406511
393;43,841931585903616
394;44,19282326303508
395;43,82285461127137
396;44,46625820684809
397;44,24722335219971
398;43,8479340155334
399;43,83659363637716
400;44,098857675509926
401;44,499175513191595
402;44,52314825784277
403;44,187125819010376
404;43,58211849788523
405;44,199995197305626
406;44,1334386571428
407;44,1667405708503
408;43,90360327298194
409;44,379637350446885
410;44,31437352681554
411;44,127398123755555
412;44,32003315995165
413;43,693791355357185
414;44,10576232243732
415;43,811218270146185
416;44,08574866597097
417;44,38163542123712
418;44,422207032807805
419;43,46955230323115
420;44,31112944280244
421;43,98787954188365
422;44,130077415603765
423;43,86330998506262
424;44,347159933799844
425;43,77642907538205
426;43,52913432695336
427;43,84642600257743
428;43,77984790009346
429;43,93797622287477
430;44,189007334591665
431;43,886089029372194
432;44,1390812363375
433;43,8991234178493
434;43,63277270606808
435;44,0617951086317
436;44,17854281214458
437;43,93295134561263
438;43,86815967573485
439;43,76642239314642
440;44,49030271333024
441;44,299073401481806
442;44,73712350385223
443;43,33322190950819
444;43,848874947426395
445;43,813726046072155
446;44,38530294779831
447;44,23195410521614
448;44,5177265523235
449;43,9862359040272
450;44,50500212378784
451;43,68072840016468
452;43,416168702304255
453;43,88438005285012
454;44,723823105383225
455;43,91780824804872
456;44,456072582130254
457;44,32468093709546
458;44,433180641123485
459;43,888510241902175
460;43,72408770091927
461;44,08551636461423
462;44,143217378592205
463;44,264252800855004
464;44,0977205237004
465;43,45920813187114
466;44,1077864755635
467;43,93201028222265
468;43,79459814758119
469;44,32341961608463
470;43,573635540828576
471;43,80252680675563
472;43,915797657471046
473;44,13789940455541
474;43,924133281557545
475;44,23511228912529
476;43,93491902828482
477;44,22757441608616
478;43,38887748043999
479;44,597668111760115
480;44,28277473935333
481;43,79289248251106
482;44,192715518629996
483;43,76600188176613
484;43,841987857742595
485;44,2359473112809
486;44,61045024381728
487;44,16835864860016
488;43,635543066116256
489;44,295554506074424
490;44,04907027109097
491;44,02253663372586
492;44,05073762420916
493;43,957463901159215
494;44,14361595544813
495;43,60193357656044
496;43,71348164038891
497;43,96806771956552
498;44,316291536013054
499;44,074326319758526
500;44,04985799421098
501;43,82289638760015
502;43,29082975196758
503;43,3408379876826
504;44,38625275881387
505;43,51074381794584
506;43,963518784407505
507;44,039143440320025
508;43,779172095139046
509;43,56911127765194
510;44,52861408641933
511;44,081481748802695
512;43,935304953532324
513;44,68835507010546
514;43,52594501136567
515;44,15117983286564
516;43,32595436656371
517;43,74762337015011
518;43,40681474295
519;44,151578347656766
520;44,04726737558798
521;43,88615221346294
522;43,85198149633888
523;43,47112533058498
524;43,31620392965905
525;44,249777994464026
526;44,305563399997396
527;43,8681452736526
528;43,966611126690744
529;44,02303657673783
530;43,53490344757877
531;44,279790101969816
532;43,65461647505478
533;44,201858391832204
534;44,136542792732456
535;43,971318946020794
536;44,69679207281736
537;44,61037894046197
538;43,84876286521544
539;43,91261948582736
540;43,57479514134751
541;44,06429754465211
542;44,14723971821948
543;44,033320690098854
544;44,29758982382164
545;44,07262695423491
546;44,29932902724851
547;44,08068914865296
548;44,245063042201025
549;43,392098369906684
550;43,92200207103573
551;44,05538582734697
552;43,85664557559892
553;43,90890493417581
554;44,4440293311443
555;44,21710207881565
556;44,24351598081168
557;44,26468107951488
558;43,69656876195911
559;43,56020898762407
560;44,07731727811867
561;43,922315698016625
562;44,366557112153686
563;44,02543356529134
564;43,82524762426024
565;43,852362050882526
566;44,26394892983209
567;43,99658736429445
568;43,61259824865141
569;43,840111105246734
570;43,93790833631238
571;44,1502837260104
572;43,89107360955717
573;43,929247007702706
574;44,239146788590915
575;44,439178037529885
576;43,91219622739269
577;43,801724921830726
578;44,284788663463154
579;44,19473626847481
580;43,70427663314152
581;44,07881786705248
582;44,158522049272996
583;43,991636886259215
584;43,90039096373061
585;44,054318434225344
586;43,844949060981556
587;44,52124054709737
588;43,34995800785633
589;44,29394700232575
590;44,50397013366885
591;44,20213148227205
592;43,93441187283594
593;44,02551565001625
594;43,869345081901514
595;44,178240555544775
596;43,499222189118754
597;43,97664659446892
598;44,102360843948674
599;44,14778238478651
600;43,73662907004917
601;44,1091325563841
602;43,882110367448426
603;44,381716183911024
604;44,226827614617264
605;44,24627541415094
606;43,69484409941874
607;44,884690205989486
608;44,095689508244234
609;44,05694751086041
610;44,51503673544809
611;44,10273779984512
612;43,30207482853708
613;43,64960883896638
614;43,603528629531674
615;43,23209733271178
616;43,827461153409544
617;44,17565125066768
618;43,59317977591618
619;44,2147041480233
620;43,94669799518221
621;44,510760935747776
622;43,854507567645854
623;43,98955653517041
624;44,18587830924746
625;44,253495957874534
626;44,208998161987665
627;44,577696670892024
628;43,98760515646573
629;43,54672561318006
630;43,94062442089209
631;43,825084709627276
632;43,45497729964675
633;43,41268723992277
634;44,038035204563535
635;44,51167483622325
636;43,35384659767615
637;43,677323539756465
638;44,374562338759546
639;44,2263027935842
640;43,40112812613538
641;44,01656466383495
642;44,21237460772844
643;43,996328340292365
644;44,231260533528285
645;43,88200153958159
646;44,72845604106007
647;43,65926912891056
648;44,21288720467819
649;43,144018588577666
650;44,064606512400424
651;44,039957785602574
652;44,25738673231544
653;43,88128946909687
654;44,08375200592207
655;43,96562730623503
656;43,93977374443733
657;44,35371393245913
658;43,75247713027804
659;43,63166198727078
660;43,96402854073141
661;44,16801254316694
662;44,271776286547215
663;43,99652621252551
664;44,31092702987554
665;43,8809796843888
666;44,085676988794006
667;43,48180082681786
668;43,87514054296016
669;44,02607767379563
670;43,721258981264626
671;43,728722380618834
672;44,828950630346185
673;44,05133409921772
674;43,96977530928046
675;43,342693670216555
676;44,35675309658618
677;44,14388497250016
678;43,80293600286142
679;43,67821755865548
680;43,84448739547448
681;43,9359541345243
682;44,06221024990044
683;44,04373556902778
684;43,72167257983743
685;43,83611529764475
686;43,63925419993825
687;44,05913785834076
688;43,390496900884415
689;43,9857668531824
690;44,61163805916521
691;43,76860662419621
692;43,410027826938034
693;44,18823205510882
694;43,880133016514215
695;43,76249642263962
696;43,69296302574195
697;44,218473606780755
698;44,03299280082146
699;44,02970749725416
700;44,38408813369021
701;44,632614206649556
702;43,98775080900727
703;43,86485128534544
704;44,16284117530708
705;43,75327939161683
706;44,1841502800528
707;43,882526597734326
708;44,304710222928165
709;43,706883724107314
710;44,3054531678869
711;44,20187512811231
712;43,867157559903944
713;44,78581163499553
714;44,58243732582801
715;43,76912494814836
716;43,68007828203416
717;43,72306223329177
718;44,443803189392774
719;43,568830166379655
720;43,97352760820673
721;44,091737542385395
722;44,01084185373196
723;44,310576126030014
724;44,069438602535925
725;43,946318761993716
726;44,31242128754493
727;43,515055480029574
728;43,76406807312756
729;43,945712215919016
730;44,33585975544152
731;43,95836869297972
732;44,4920047219237
733;44,24429801592775
734;43,71294288969202
735;44,03018244666
736;43,908144071818406
737;44,07859571004225
738;43,45057990846564
739;44,07633934984336
740;44,19342555795116
741;44,1376862663779
742;43,980731462940724
743;44,1865359752229
744;43,958394000580455
745;43,95718432601061
746;44,3003325541538
747;43,96717749118878
748;44,293019206398256
749;44,40792327640038
750;43,8190729450207
751;43,47096967459816
752;44,037954092618875
753;44,14074732071602
754;43,84694408115531
755;44,03135001330651
756;44,45580294695686
757;43,83754613751915
758;44,138092717728306
759;43,830721582368106
760;43,558277825058475
761;44,0274549981648
762;44,47814158204469
763;44,40620046633744
764;44,213474376719894
765;44,18182378178836
766;43,92897362827093
767;44,24031380240097
768;44,402835522524406
769;44,049261040454454
770;43,681759999678064
771;44,07341562803246
772;43,72722273083693
773;43,55304813130449
774;44,08371626098268
775;44,482741029418044
776;43,756821043459794
777;43,36008883908899
778;43,865493924078116
779;43,864477319790325
780;44,271189483286186
781;43,72698091155683
782;44,42957289107844
783;44,12257671350337
784;43,80172169757574
785;44,31052040136922
786;43,681706431302196
787;44,31393718051196
788;44,135928266122335
789;43,78995498099017
790;43,74482357864382
791;43,84440421272019
792;43,74887613235026
793;43,8794891380595
794;44,35107771090454
795;44,01064721519009
796;44,58866572105209
797;43,87048081452788
798;43,861202743825444
799;44,41916875205501
800;43,741468578872386
801;44,13856447249204
802;43,70489752771843
803;43,51208636590107
804;43,940400665395686
805;43,99093282132139
806;44,00877237708786
807;44,422103156445104
808;44,294033307100946
809;44,346728999384744
810;44,08467571520315
811;43,99768483510235
812;43,89471674650974
813;44,513033622653396
814;43,913318383773905
815;43,71714246002341
816;43,70473571801189
817;43,96239495896057
818;44,30069013487626
819;44,06161078340835
820;44,11212468786235
821;43,95744356261751
822;43,85651105195614
823;44,060310444234965
824;43,46959861361045
825;44,286012145754285
826;43,757757568700995
827;43,934786284105165
828;43,971165160106814
829;44,01048085744676
830;44,21931041647366
831;43,74010029700509
832;44,00142496826867
833;44,05473064785625
834;44,16014178877925
835;44,441492642954984
836;44,64507306420895
837;44,17325510041861
838;43,56284813159253
839;44,04898480231533
840;44,24156066014563
841;44,02595961570113
842;44,192003274774954
843;44,26037424489109
844;44,054879736879215
845;44,52523758042268
846;43,829007749812384
847;43,92690467838866
848;44,23857848810645
849;44,530865044605314
850;43,95160683593815
851;44,28901727169131
852;44,239706538076426
853;43,71670247659104
854;44,44413190981485
855;43,66151524786331
856;44,36789550594789
857;44,295387172906075
858;43,81592147945584
859;43,911314125287625
860;44,076998929609836
861;44,128061282807266
862;43,86934776006257
863;44,19526376106248
864;44,0191965897446
865;43,94152959275728
866;44,59046359617274
867;44,00777099350831
868;44,27531864978764
869;44,10325204599016
870;44,129582436450676
871;44,18622481556312
872;43,67018129593826
873;43,85959695429966
874;44,053530431674766
875;44,362281585049466
876;44,40239591012977
877;43,85004281358226
878;44,17223924046334
879;43,68196689276841
880;43,62435076246736
881;43,49377722904308
882;43,7074463023261
883;44,10402843049038
884;44,192455064018354
885;44,480972965023376
886;43,909672565549286
887;44,049235485554455
888;44,187576876114676
889;44,16317782199918
890;43,79744758001936
891;44,25661739499517
892;44,25347122764367
893;44,21655971903797
894;43,941447899754344
895;43,95796003841446
896;44,15890607880776
897;44,582048770020435
898;44,09654440329453
899;43,74481108118488
900;43,79923746039146
901;44,436289884263005
902;43,94896308033405
903;44,3678079860217
904;43,98841333177404
905;43,75885813353674
906;43,57694508320799
907;44,04377281457033
908;43,492426097788446
909;43,78644492763362
910;44,24557029004227
911;44,08045076183046
912;43,9735863284512
913;44,3697204339078
914;43,66481593808854
915;43,98125956676921
916;44,0043614566786
917;43,77298342548644
918;44,23782173178428
919;43,92726540972688
920;43,430237832072244
921;44,155957088827364
922;44,524550799346095
923;44,007959104875376
924;44,580976413049086
925;43,71298737933621
926;43,78583444147755
927;44,768701319035195
928;43,98491432847801
929;44,05059400169155
930;43,185726216762845
931;43,97766279588344
932;44,161925862316295
933;44,01836202808756
934;44,14417811878121
935;43,989072857294964
936;43,86621610652604
937;43,79860784555724
938;44,476876205091635
939;43,815960451191216
940;44,11497745273479
941;43,87726337910325
942;44,26634351301972
943;43,889153911426064
944;44,17657577156934
945;43,8335194343184
946;43,73642521709092
947;44,566900794840386
948;44,410900450540424
949;43,46161033551136
950;44,05003903132509
951;44,57977164983765
952;43,94826619504942
953;44,20302307210865
954;43,66001322418026
955;44,037926130562816
956;43,779015333527184
957;43,82088841012851
958;44,10705621678375
959;43,90264398738624
960;44,13288932230166
961;43,73867696778494
962;43,662242222511175
963;44,10925196032298
964;43,76810449446478
965;43,55195124178289
966;43,65845647663551
967;44,015684383330914
968;43,48369877980388
969;43,93761152483602
970;44,27719598803143
971;44,17562337288614
972;43,770513652348775
973;43,1046888364094
974;44,581125998088055
975;44,11536145516625
976;43,94396277816593
977;44,081599630407226
978;43,94606431727872
979;44,05212634932674
980;44,38825670417622
981;44,66722959872648
982;44,5123457592959
983;44,182696280321586
984;43,47195723915267
985;44,30341988389446
986;44,172843304137736
987;43,724204336655774
988;43,94018697243767
989;44,393389242137935
990;44,180674908910646
991;43,74673951477118
992;43,71205293258291
993;43,40106320477705
994;43,70594786946152
995;43,915744241790726
996;44,45542103364494
997;44,44185044673724
998;44,291642583727686
999;44,04295851825642
1000;43,935629372485614
1001;44,14243090991773
1002;44,000813249012175
1003;44,41611164975059
1004;44,17317539886819
1005;44,24838921476615
1006;44,069320473252645
1007;43,87684277739137
1008;44,442149093749784
1009;44,1242148686387
1010;43,92063601899296
1011;43,91444429860774
1012;44,05661554537009
1013;43,955057780809035
1014;44,050103368797316
1015;43,58293987098942
1016;44,36524905361256
1017;43,83775438530177
1018;44,56795616540392
1019;44,07375490325173
1020;44,047500461484454
1021;44,060876696402076
1022;43,57956817985226
1023;43,966668172826104
1024;43,64938335750288
1025;43,74856281170652
1026;43,31259384447738
1027;44,72845138701016
1028;43,523151842443596
1029;43,556822112972014
1030;44,27045114481997
1031;43,815149249692645
1032;44,1559598955546
1033;43,962460861280256
1034;43,89886955331758
1035;43,60277152164911
1036;43,88864971532132
1037;43,9348641742822
1038;43,829054292275934
1039;43,76923773372893
1040;44,10051559689843
1041;44,26976619364687
1042;43,835426372543424
1043;43,94125320776353
1044;43,88762240857151
1045;44,19953741557815
1046;43,89365771477175
1047;44,19063026112006
1048;43,93901139009983
1049;43,836405687621046
1050;43,95389579444526
1051;44,767953209411566
1052;43,86454921765962
1053;44,488531581353136
1054;43,62268497330012
1055;44,23879286133029
1056;43,56585226674822
1057;44,12828504975675
1058;44,34946728900169
1059;43,85728917101815
1060;43,96864913553654
1061;43,84740613258177
1062;43,95328038781214
1063;43,725056592357376
1064;43,911333521416324
1065;43,5509698801741
1066;43,98196856675346
1067;43,75219629035168
1068;44,26706840098948
1069;43,94355947523473
1070;44,2382889159019
1071;44,00744454747589
1072;43,574413049916885
1073;43,44524329647708
1074;44,330825080514195
1075;44,2432063280881
1076;43,889334876163545
1077;43,512832647036795
1078;43,96703425913256
1079;43,78990730014797
1080;44,09366752033821
1081;43,53987327849612
1082;43,99422390980343
1083;43,95638204430585
1084;43,94035512407669
1085;43,681941068872774
1086;43,6696178801427
1087;43,98617796673822
1088;43,57732640651362
1089;44,441820686732676
1090;44,24126911208459
1091;43,79855002517375
1092;44,13243792182043
1093;43,94376647257112
1094;44,01280568709841
1095;43,95952810008962
1096;43,85932620312057
1097;43,77920510643559
1098;44,138730398127
1099;43,48500539211066
1100;44,24789339863267
1101;43,67297342616538
1102;43,93037386434481
1103;44,1823807144792
1104;44,33584578385743
1105;44,30504113305127
1106;44,14396577354658
1107;44,248034786603604
1108;43,90015570926708
1109;43,7580080245341
1110;44,05920213359216
1111;43,50792148227646
1112;43,86971668613085
1113;43,814552793750636
1114;44,254168618674825
1115;44,470930556551416
1116;44,467632979767174
1117;43,93001762722856
1118;43,85779441566434
1119;44,191483620264044
1120;43,824560574692455
1121;43,570170140879675
1122;43,826707692684
1123;43,72311297090844
1124;44,17964481809346
1125;44,23003517557976
1126;44,12030962505112
1127;44,01393781293719
1128;44,3691783147472
1129;44,0733435503439
1130;44,30150585200848
1131;44,162486471233535
1132;43,8555961378752
1133;43,272897088241535
1134;43,95814358745172
1135;43,823791998534446
1136;44,53498832312597
1137;44,2309163423054
1138;43,54303952630391
1139;43,76302499130744
1140;44,628833025164056
1141;44,10467019639899
1142;43,84937388691655
1143;44,37136679561238
1144;43,86354876773606
1145;43,87512254464352
1146;43,76915751608962
1147;43,93593212170135
1148;44,10860578689699
1149;43,551712396317185
1150;44,647164759419766
1151;43,82567232077594
1152;44,48125894566454
1153;44,68622795534081
1154;44,25442275073589
1155;44,04035987666922
1156;44,20112858687079
1157;43,845836731460366
1158;44,130746659300904
1159;44,08163084957801
1160;44,23659071715811
1161;43,904345382334604
1162;44,165908595815296
1163;44,033721140736695
1164;43,35241572405363
1165;43,631721423357895
1166;43,92812789548753
1167;44,19556194119788
1168;44,00917305963882
1169;43,71537398482766
1170;44,57048274481192
1171;44,222219523677225
1172;44,37933226862438
1173;43,71371226155302
1174;43,88705533853315
1175;43,98716403220221
1176;43,905376863526385
1177;44,18689788923079
1178;43,93234331671155
1179;44,39671659567446
1180;43,95342374532374
1181;44,14569657515092
1182;43,45047367904059
1183;43,84701631369943
1184;44,10696707160089
1185;43,95395103398881
1186;43,824657682137584
1187;44,121373191717886
1188;44,147241783751376
1189;44,30575160599676
1190;43,6337867786705
1191;44,14141902804738
1192;43,66897581394687
1193;43,89499232034716
1194;43,704501653855736
1195;44,287704355989256
1196;43,71740140093202
1197;44,41964656847796
1198;43,852134910202736
1199;43,78838789494777
1200;44,15577599778833
1201;44,01516680520437
1202;44,15550785511931
1203;43,983403475398894
1204;43,78675557222508
1205;44,16242119472637
1206;43,30813850749274
1207;44,16805493414861
1208;44,11514523679169
1209;44,249203821024054
1210;44,12341406611336
1211;43,95267161526764
1212;44,03017312587482
1213;44,26793548549546
1214;43,71004947689579
1215;44,33385977914124
1216;44,207092185880356
1217;43,97770012031108
1218;44,03735165110125
1219;44,48722208884857
1220;43,53402904141663
1221;43,728666304088435
1222;44,37139925057334
1223;44,48863283772897
1224;44,21348209779945
1225;44,254507869442826
1226;43,740759913765274
1227;44,142445804441124
1228;44,189216495475904
1229;43,72253382108375
1230;44,018310536011214
1231;43,68154749207894
1232;44,234520597230656
1233;43,99691881601301
1234;44,46271675797616
1235;43,459531736250746
1236;44,06600601840337
1237;44,35415607410745
1238;44,292868167536646
1239;44,27314297599836
1240;44,32071558666696
1241;44,38318070996651
1242;44,172242562992395
1243;44,291950072598965
1244;44,07537928317288
1245;44,14089752405238
1246;44,07708597872106
1247;44,03629609325843
1248;44,06311597789732
1249;43,94326625572027
1250;44,62169310428768
1251;43,68768347698071
1252;43,83585195831417
1253;44,18562317159108
1254;44,15806226571946
1255;44,095257228786245
1256;43,988660040396326
1257;44,43501905363091
1258;43,42608221242582
1259;43,980223479252984
1260;44,65990180192678
1261;43,78374043627573
1262;43,92621741180113
1263;43,79347937757547
1264;44,23613827890273
1265;43,496787230830606
1266;44,43093984076225
1267;44,14859846538402
1268;43,89598203082889
1269;44,096697953037896
1270;43,426017870999
1271;43,61621119700038
1272;43,78839685727657
1273;44,170419035198236
1274;44,432189027658296
1275;44,042098980547806
1276;44,280940213339555
1277;44,39146017704217
1278;43,86257771282044
1279;44,40535767963725
1280;43,42751907114194
1281;43,71465361594771
1282;43,94571686091466
1283;43,798641683688935
1284;44,44464966571948
1285;44,64962828940978
1286;44,060436522367084
1287;44,2033429381122
1288;43,787957384977254
1289;43,86828234088523
1290;43,78197143677622
1291;44,057769315627645
1292;44,319523956641504
1293;43,89440028441691
1294;43,9921056139957
1295;43,78273499707184
1296;43,70505388734474
1297;44,344958775265546
1298;44,69769759109159
1299;44,06408220837978
1300;43,792130896633665
1301;43,99144414438294
1302;44,04361600678045
1303;43,952825075762966
1304;44,046414342876695
1305;43,73872101932487
1306;43,87120162253073
1307;44,294819769841254
1308;43,69239853338454
1309;44,22539543592032
1310;43,584150537713924
1311;43,890176470976364
1312;44,1504268659939
1313;43,622504223028855
1314;44,2115992160308
1315;43,66744890005526
1316;43,66257053544298
1317;44,294716213711055
1318;44,05073141025729
1319;43,87321906134473
1320;44,278128287132006
1321;43,73460993651983
1322;44,35305640671937
1323;44,37411952189075
1324;43,37060668024229
1325;43,93354228160134
1326;44,150821011554314
1327;44,177819685587096
1328;44,61267747208794
1329;43,266150541322126
1330;44,19714463080618
1331;44,57615171881457
1332;44,08994724782355
1333;44,147989351898694
1334;43,96621922315692
1335;44,117196839136255
1336;44,16122213159425
1337;43,99198793276611
1338;44,47217319348693
1339;43,998396830889384
1340;44,26698742065198
1341;44,169515006572766
1342;44,03468346226981
1343;44,06354142591112
1344;43,91657765870183
1345;43,51491872039049
1346;43,98267582196306
1347;44,110487352115015
1348;44,11928338566725
1349;43,90935299278494
1350;43,87173724059822
1351;43,886273310014
1352;44,071776912902706
1353;43,93483499297074
1354;43,94266482617714
1355;43,5759749158709
1356;43,99027834642221
1357;43,62761591372154
1358;43,83477329457584
1359;44,10979813801013
1360;43,891386069758994
1361;44,62877187697744
1362;44,03523392637975
1363;44,08187354089807
1364;43,75918375459905
1365;44,15117825845397
1366;43,784097902539806
1367;43,65433513576598
1368;43,7557438890743
1369;43,92912461170596
1370;43,965377886520535
1371;44,27084768387404
1372;43,73713423863163
1373;43,94163694754788
1374;44,06381023106621
1375;44,14423584488431
1376;44,500620813990665
1377;44,02434013124602
1378;43,55086446017464
1379;44,264687874391385
1380;43,80256888960567
1381;44,256391483934564
1382;44,099065507787586
1383;43,89270417786076
1384;44,3994151301237
1385;43,97776545822501
1386;43,03920792076235
1387;43,674572144112155
1388;44,04403234408372
1389;43,469515951601515
1390;44,24688486720937
1391;43,79510195058297
1392;43,49389624081551
1393;43,880027092447285
1394;44,22695775427205
1395;43,8817404245924
1396;43,80893702450802
1397;43,728990871268174
1398;43,985406860589826
1399;44,13583322028151
1400;44,28312247767644
1401;43,73246250749741
1402;43,64820145807259
1403;44,2138006500958
1404;44,18902275391935
1405;44,4468697191734
1406;43,57513188532954
1407;44,18303491317543
1408;44,06155028011711
1409;44,5804086377614
1410;43,93425989528339
1411;44,07613557908388
1412;44,074214400794936
1413;43,951897107134435
1414;43,67782523841579
1415;44,275655614458316
1416;43,90557696460748
1417;44,12198055910124
1418;44,1030666227292
1419;43,098995493277904
1420;44,211977466956334
1421;44,162265154750294
1422;43,66349672065818
1423;44,11492370093538
1424;44,350449321815155
1425;44,27103434290748
1426;44,00786602295713
1427;44,288802111874375
1428;43,89686270930431
1429;44,295701431835354
1430;44,033278796442524
1431;44,16607566488448
1432;44,553096203697315
1433;44,384403651526625
1434;44,307288335496345
1435;43,680784997669335
1436;43,460077091403484
1437;44,636870987181844
1438;44,21272161418102
1439;44,37930525877945
1440;44,04349553507014
1441;44,0049383796493
1442;44,39919946204656
1443;44,03133477238463
1444;43,67041526667325
1445;44,30687971576443
1446;43,85717920341955
1447;44,11347080296618
1448;44,19865534648878
1449;43,84359628179784
1450;43,47922827932231
1451;44,0601599906713
1452;44,080865546067265
1453;43,57930126538064
1454;43,86088347046388
1455;44,15021148112237
1456;44,16025182553939
1457;43,671362177456146
1458;44,49322102410279
1459;44,05043662143095
1460;43,655533037425954
1461;44,60670761316814
1462;43,87052977757444
1463;43,9589653572321
1464;44,17575463903413
1465;44,64866646192928
1466;43,87961720665544
1467;43,75055920465132
1468;43,95893916741623
1469;43,63443591092005
1470;44,03160677229513
1471;44,21328048304242
1472;44,198988706162254
1473;44,171206183849094
1474;43,99689030610935
1475;43,81266265349512
1476;43,990075716128075
1477;43,991044806952566
1478;44,248065154045136
1479;43,745129626765795
1480;44,463426242199574
1481;44,28458973728843
1482;44,17173266168853
1483;43,806520939277256
1484;44,13685868369526
1485;44,3806058508562
1486;43,82476564254073
1487;43,72194194455973
1488;44,34095494876034
1489;43,78749701904395
1490;44,34953721965963
1491;44,04476892870525
1492;44,25091845399959
1493;44,30383705119782
1494;44,37373847568908
1495;44,345236824225125
1496;44,4928758250671
1497;43,6972932432091
1498;43,96029089038536
1499;43,66992461470258
1500;44,060746423870434
1501;44,55405595097007
1502;44,42175795964849
1503;43,855269544672836
1504;44,39293676858304
1505;44,06618498775143
1506;44,010388102686676
1507;43,73589320159629
1508;44,257404086463225
1509;43,819500224512815
1510;44,541321972193124
1511;43,877364947935106
1512;44,181480724383135
1513;44,42559931339747
1514;43,804395867541544
1515;43,44333010698825
1516;44,68628065797139
1517;44,03681759183127
1518;44,10548131097739
1519;43,98226659356507
1520;44,10066653785637
1521;44,4839768695377
1522;43,89741456034049
1523;43,853950095937805
1524;44,04258474788198
1525;44,65339042758604
1526;43,20090857748074
1527;43,91219768253244
1528;43,86048435369925
1529;43,90246271982556
1530;43,92871471948568
1531;44,71727897127688
1532;43,67895513034199
1533;43,95699860614952
1534;43,98998175976775
1535;43,95021674022044
1536;44,164472184197585
1537;44,128201035928946
1538;43,67194455658094
1539;44,23767738887627
1540;43,318111891636704
1541;43,836369842541025
1542;43,80954024608869
1543;44,08674745697899
1544;44,21970639297805
1545;43,73144330229532
1546;43,86393706404339
1547;44,17687687736746
1548;44,107919544692976
1549;43,84631770897661
1550;44,00636498111194
1551;44,47331537293177
1552;43,99000829786533
1553;43,967221852746654
1554;43,91886430224948
1555;44,14869579902777
1556;44,287813698794515
1557;43,91279629407379
1558;43,85046558538892
1559;44,0380946340121
1560;44,70796954294064
1561;43,759429924864186
1562;44,13919888402331
1563;43,91681406176843
1564;43,68092504582103
1565;43,82805418674719
1566;43,975882958379465
1567;44,15349288287974
1568;44,30202267096934
1569;44,1874659200254
1570;43,860464809746354
1571;44,2949138836099
1572;44,187621441497264
1573;43,77010382006286
1574;43,7607388349507
1575;44,140087524913
1576;43,981291650454345
1577;44,0394472108122
1578;44,422410470019116
1579;44,127486953314346
1580;44,39019824591045
1581;43,89005487437998
1582;44,0321390268801
1583;43,67802353971887
1584;43,598845484331264
1585;44,16882392771455
1586;43,84063180552386
1587;43,829860374054
1588;44,27390276879817
1589;44,19927153420276
1590;43,68849579088072
1591;44,22096645412252
1592;43,85441153266386
1593;43,85121189485263
1594;44,37616877322713
1595;44,139904573504204
1596;44,257778914155494
1597;44,07865119270276
1598;43,648591054423235
1599;44,03803709179037
1600;44,214541371027146
1601;43,450160268422415
1602;44,165887023288064
1603;44,06845637624837
1604;43,69084458203631
1605;43,962371547954405
1606;43,9830956241066
1607;43,96287687909039
1608;44,22586631270128
1609;44,03584659227184
1610;44,3226280324034
1611;43,823396771917466
1612;44,140283427823185
1613;43,87240775998607
1614;44,15717397025352
1615;44,094550330977256
1616;43,8025522401773
1617;43,894379211991044
1618;42,981556173865954
1619;43,67488288951756
1620;44,19642338788189
1621;43,66637147842503
1622;44,22170249960724
1623;43,88235451364059
1624;43,864867002458425
1625;44,1641387572616
1626;43,55204619296637
1627;43,58599685083927
1628;44,368173437606096
1629;43,49294938329932
1630;44,13872661928561
1631;43,96579273738989
1632;44,11209258868343
1633;43,774725394237066
1634;44,131812293561396
1635;44,042791467876405
1636;44,24190383215136
1637;44,44956316157281
1638;44,26310051964898
1639;44,49315475727746
1640;43,997683007855095
1641;44,34921266021026
1642;43,812451527624944
1643;44,53193939718595
1644;43,277288138125556
1645;44,48349670991609
1646;43,82268335042311
1647;44,1094127974615
1648;44,70241483487068
1649;43,441175788216775
1650;44,37875784638863
1651;43,96626371989601
1652;44,2849085498731
1653;43,46115458134941
1654;43,641170767752655
1655;44,64245448353847
1656;44,27806579061411
1657;43,90542768671955
1658;44,15790731362609
1659;43,509352551819084
1660;44,70992800521739
1661;44,17214901444202
1662;44,24389068277667
1663;43,62476446540304
1664;43,79544940820926
1665;44,71023564625807
1666;44,03569678985212
1667;44,44609172319101
1668;43,92503917957805
1669;44,02049804985143
1670;44,00620926423623
1671;43,9141788963096
1672;44,19340075102992
1673;44,113477885015016
1674;43,68880862809613
1675;43,55088240317618
1676;43,849973807082975
1677;43,794394806873704
1678;43,55270186388384
1679;44,486663340434724
1680;44,391688098656196
1681;43,99638580296873
1682;43,741314576254155
1683;43,63752659953788
1684;43,86289535605433
1685;43,78272618631115
1686;44,02601968310783
1687;43,7783110478589
1688;43,64512125912804
1689;43,77455661088712
1690;43,26927911063891
1691;43,97412169110749
1692;44,48629337726979
1693;44,11770327628607
1694;44,02666703543065
1695;44,25336922909408
1696;43,76863008974174
1697;43,46389274751049
1698;43,760052143992866
1699;43,7435058788733
1700;44,15551147922212
1701;44,245929068494526
1702;44,045793134069804
1703;43,89912165769565
1704;43,81815153614962
1705;43,832353440079835
1706;44,254630003382985
1707;44,19996836133039
1708;43,87507668501024
1709;44,033466574538544
1710;43,9823576916513
1711;44,296652486537624
1712;43,50549242925531
1713;44,221878426111445
1714;44,46557526148881
1715;43,335205192967344
1716;43,79759724115144
1717;44,17423892918297
1718;44,012418521841724
1719;43,885436012860076
1720;44,09242060611692
1721;43,78506962068838
1722;44,19436579435386
1723;44,16824212590968
1724;44,03689227870967
1725;44,30235709355877
1726;44,23062867212384
1727;44,346713649647064
1728;44,15675559521175
1729;43,901057570331
1730;43,56852376082641
1731;44,168842256120755
1732;44,47445023942985
1733;44,10736155019623
1734;44,35333960527763
1735;43,33548241238074
1736;44,06915078356942
1737;43,99947350230292
1738;44,399695685206375
1739;43,80217013307918
1740;43,77183148490369
1741;43,814653381843534
1742;44,204546437425684
1743;44,1692679225693
1744;43,92315309394946
1745;44,46984177550593
1746;43,642444162405305
1747;44,18287606315158
1748;44,39924703903016
1749;44,22163139109046
1750;44,73700428995013
1751;44,250913015254014
1752;44,01868072992361
1753;43,59968001984898
1754;43,83412052498686
1755;44,03639535855981
1756;44,30640381341631
1757;44,16031464452091
1758;44,17204167466435
1759;44,04422701729833
1760;44,00787870904318
1761;43,64863211348013
1762;43,97582067903371
1763;43,668231602188015
1764;43,52773085927727
1765;43,81025498643723
1766;43,922438471057575
1767;44,26414160194453
1768;43,626050526107974
1769;43,32279423287254
1770;44,452558440275034
1771;43,09771144894886
1772;43,46638737581391
1773;44,08600441128084
1774;44,51531196443328
1775;43,5936681914047
1776;44,14502467730701
1777;43,80624597139154
1778;43,63626917639839
1779;44,03948108854823
1780;43,82396661849086
1781;44,040226617486816
1782;43,86209099922097
1783;43,43711348383194
1784;44,04418523198387
1785;43,82314301647654
1786;43,944935983793975
1787;44,39262550376852
1788;44,111625956802875
1789;43,858723177677106
1790;44,16491981970675
1791;43,55582811430801
1792;43,4598635905471
1793;43,95035153405577
1794;44,070382095809435
1795;44,23900720688979
1796;43,55277828682273
1797;43,72391767408329
1798;44,38843577190613
1799;44,0943017792477
1800;44,24206840838808
1801;43,782783929603575
1802;43,575797873923975
1803;43,40897418808534
1804;44,07408080340456
1805;44,14913364693358
1806;44,30828476508562
1807;43,998301244726974
1808;44,59732782200312
1809;44,1346886468064
1810;44,23052125465101
1811;43,65707643464315
1812;44,339250354076256
1813;44,18110876442352
1814;44,292145589988095
1815;44,261505514429345
1816;43,64755662961572
1817;44,23354635465979
1818;43,68912001914493
1819;43,745718918042066
1820;43,92953654248924
1821;44,202071761453524
1822;43,90713856126765
1823;43,89663852111705
1824;44,049485903202495
1825;44,3506828666219
1826;43,93683987108396
1827;44,371140497423596
1828;44,17508960124632
1829;44,27737321512912
1830;43,73367895177468
1831;44,08202403038386
1832;43,86801331249275
1833;43,91176352702077
1834;43,96186323969336
1835;43,92033965474754
1836;43,854911686661765
1837;44,2513239180808
1838;44,46489061875665
1839;44,079120805727335
1840;43,94420489266733
1841;43,779675725554924
1842;43,8244719925824
1843;43,79347918064821
1844;43,806001147757115
1845;43,51986046279137
1846;44,232101617297026
1847;43,938995058119964
1848;43,83490650844247
1849;44,127943272101376
1850;44,302285903979296
1851;44,34537253438542
1852;43,685678087584385
1853;43,624404811874754
1854;44,55660733442675
1855;43,76384933810698
1856;43,80940780178513
1857;43,89481246642085
1858;44,22271856544225
1859;44,396272678235476
1860;43,93898308302519
1861;43,77932174446612
1862;43,812132675439706
1863;43,71785814514781
1864;44,223029767425295
1865;43,492288041968806
1866;44,32503677963057
1867;43,37947008457576
1868;44,17594853246634
1869;43,998596315044075
1870;44,03764973748676
1871;44,09169752631916
1872;43,919817029788
1873;43,555340655172785
1874;44,0236762780842
1875;44,21678157392865
1876;44,3055524889687
1877;44,05427114878572
1878;43,85139597848134
1879;43,862486275510584
1880;43,348670556501396
1881;43,48647155356428
1882;44,337690302918496
1883;43,82413592759281
1884;44,57610298319047
1885;43,68851761650735
1886;43,96234760456565
1887;44,15488903830016
1888;44,20121574736068
1889;44,08110618821813
1890;44,26860293803961
1891;43,99611721004074
1892;44,25955525158572
1893;44,155946746895935
1894;44,010292259286764
1895;43,89251227056234
1896;43,90887610265669
1897;43,57527437648292
1898;43,453116813998726
1899;44,25175201527744
1900;43,97111169730709
1901;44,13896765430302
1902;44,08628990590599
1903;44,34002686154631
1904;43,585267495582194
1905;44,262082535780905
1906;44,19654043690952
1907;43,556348632393934
1908;44,35791122462887
1909;43,95106744701277
1910;43,85875281680895
1911;43,56193510938526
1912;44,18513439885707
1913;44,27825552664529
1914;43,911505477207236
1915;44,41781590758382
1916;43,7447933756208
1917;43,95110493290958
1918;43,912467593248444
1919;43,930332807983355
1920;43,58376117763131
1921;43,86163888311864
1922;44,3261294674797
1923;44,1859950987621
1924;43,783966490523916
1925;44,30154839466434
1926;43,87195265662364
1927;43,74967902226973
1928;43,749474500576845
1929;43,80501000866428
1930;44,51627475225937
1931;44,12815712843821
1932;43,766837631515834
1933;44,544334165398126
1934;43,791549147021826
1935;43,67588879828767
1936;44,19440584349572
1937;43,72982457372077
1938;44,12971463506121
1939;43,92149995331628
1940;43,69363863449125
1941;44,337553300095216
1942;43,93502929100271
1943;43,76339444026828
1944;44,46991909444812
1945;44,34481925125703
1946;44,20644857436768
1947;44,21527476732051
1948;43,659714499141856
1949;44,04892705726055
1950;43,79974190826605
1951;44,223481985463344
1952;44,166791472326196
1953;44,24621862448957
1954;44,27086159109388
1955;44,308497123481686
1956;44,03735912603519
1957;44,170754227300144
1958;43,255817595202394
1959;44,269185065875845
1960;43,97596194997539
1961;43,54894769324002
1962;43,67035320604232
1963;44,32502738796433
1964;44,56114980426594
1965;43,846842770451765
1966;43,95691906930088
1967;44,065319930810354
1968;43,80216983654535
1969;44,14197150859445
1970;43,95898003668408
1971;43,708378701139104
1972;43,63328898787072
1973;43,25219114148658
1974;43,91817283834623
1975;43,92482079944787
1976;44,147677072307545
1977;43,681507605695515
1978;44,747367413999505
1979;43,82910815524045
1980;44,28285300152725
1981;43,24598792443579
1982;43,847680997759255
1983;44,03775955439917
1984;43,95979459494419
1985;43,771431746771874
1986;43,723993232331395
1987;43,95764723918826
1988;43,57878639756635
1989;43,95650686655722
1990;44,17155468512531
1991;43,755797244138876
1992;44,349210743055686
1993;43,557471004522164
1994;44,21921480737495
1995;43,75391103116789
1996;43,91592053009114
1997;44,17210164986686
1998;44,16000212147581
1999;44,187143130155135
2000;44,254008154844406
2001;44,072223845669654
2002;44,574234099554914
2003;44,1921671872728
2004;44,11831533693244
2005;44,0661267128152
2006;44,408279200182434
2007;44,31138968383561
2008;44,52140574206979
2009;43,728002775679705
2010;43,49383546892472
2011;44,141020899384266
2012;43,3833843799896
2013;44,17533753673399
2014;44,72857221232403
2015;43,67554993273132
2016;43,58669959083954
2017;44,33779975075325
2018;44,35547090728458
2019;43,636282050645114
2020;43,97170576666892
2021;44,18314539392955
2022;44,24841229957674
2023;44,3754457939183
2024;44,38435396110596
2025;43,93062035131663
2026;44,273870115652855
2027;43,53739761482133
2028;44,061871400032494
2029;44,05705462894794
2030;43,637361030628774
2031;43,670867987495015
2032;44,06744682637368
2033;44,56368437884403
2034;44,23412823104957
2035;43,725751689688984
2036;44,27598142618565
2037;43,77482959019997
2038;43,82410833125191
2039;43,95186293413316
2040;43,6855228235476
2041;44,113331262192695
2042;44,05651379384027
2043;43,86332080406783
2044;43,680714125868576
2045;43,84321211767811
2046;43,939575572105845
2047;44,253586466909155
2048;44,11442523544514
2049;43,91559465323909
2050;44,194559594977726
2051;44,1368211940368
2052;44,442355580688634
2053;43,744624615115235
2054;43,69431386830655
2055;43,847403414409406
2056;43,860529487479816
2057;43,80984308952778
2058;43,950968269956135
2059;44,06131029149155
2060;44,293185701142384
2061;43,891284981261464
2062;44,25774560291701
2063;43,59454028557657
2064;44,091525296714764
2065;44,24406674797581
2066;44,235464615600684
2067;44,1636039359406
2068;43,640095098239726
2069;44,22792587875694
2070;44,29451591546664
2071;43,84609452202496
2072;43,624519425663514
2073;43,867860532392136
2074;44,26124189114879
2075;43,82490408456448
2076;43,62818357056937
2077;44,032002537162526
2078;43,831429707284904
2079;43,92602401823893
2080;43,99194510917246
2081;44,17152015515901
2082;44,468785962386
2083;43,82001361837898
2084;43,894585727724774
2085;44,2678133661638
2086;43,86535234329716
2087;44,14338014236602
2088;43,89268588282829
2089;44,165056707495445
2090;44,240403979777064
2091;43,842783700089385
2092;44,50144627738577
2093;44,037545678588444
2094;44,16010883358916
2095;43,48980901509886
2096;43,86496300511227
2097;43,75267539593232
2098;43,835424014922
2099;44,04158321269151
2100;43,55019385067157
2101;44,22035709015449
2102;43,89959006355396
2103;44,29362242840992
2104;43,8923354880333
2105;43,08039101828431
2106;44,581146884826474
2107;43,983622625347714
2108;43,89691342525864
2109;44,05339695870861
2110;44,07535965906651
2111;43,92411248715776
2112;44,20219431446567
2113;43,7523548599493
2114;44,361903888160455
2115;43,863961334162305
2116;43,59827072217613
2117;44,49406135229027
2118;44,01098435446568
2119;44,01733150394594
2120;44,7777570333602
2121;43,98132183738725
2122;44,00403486266129
2123;43,57758602464
2124;44,042024160837606
2125;43,30717567410379
2126;44,02014501871317
2127;44,13741917903632
2128;43,78781175039045
2129;43,30967034025199
2130;44,02402777072122
2131;44,03963343806837
2132;44,41338617405248
2133;43,869673547354715
2134;43,57040330177131
2135;43,63339633568835
2136;43,5528707808521
2137;44,22450607988997
2138;43,92658560687745
2139;43,44370977763883
2140;44,75067356281103
2141;43,82403073298673
2142;44,01431053141998
2143;43,82942672274711
2144;44,92723367399101
2145;43,6140016065708
2146;43,69329905500784
2147;44,152084681242556
2148;43,807511894528155
2149;44,24281179235111
2150;44,47320904683335
2151;44,265700730066804
2152;43,431651032839966
2153;44,29968626808448
2154;43,76797729064473
2155;43,82518879639321
2156;43,78438057506808
2157;43,538649821151715
2158;44,07353488768456
2159;43,624822962959996
2160;43,96912388494307
2161;44,29044669260522
2162;43,964682379090796
2163;44,10488015177123
2164;43,99280288169921
2165;43,79876778441428
2166;44,146803230582165
2167;43,95420685470968
2168;43,38584788590742
2169;43,88836255226401
2170;43,843944014634516
2171;43,973354134157546
2172;43,69741950783775
2173;43,664641410114
2174;44,3332658522022
2175;43,922869848344675
2176;43,919795305247476
2177;44,264045371693804
2178;43,997472660221376
2179;44,19682474236243
2180;44,1626008802387
2181;44,14630665303325
2182;44,01742188473167
2183;43,60606517220993
2184;43,84729767023838
2185;43,998141761409535
2186;44,2260167636321
2187;43,976213882725986
2188;43,71166858127953
2189;43,64575005047655
2190;44,16240417414406
2191;44,21290690675332
2192;43,659155122526826
2193;44,362397319319435
2194;43,38355999742375
2195;44,1638899215158
2196;44,43465332089721
2197;43,92659210452242
2198;44,07889979203571
2199;44,24824523876094
2200;44,460262180360075
2201;43,91497358050213
2202;43,66113671766288
2203;43,90464961157212
2204;43,62894772226078
2205;43,97810769138016
2206;43,65159443350033
2207;44,1018322889831
2208;43,742345371673245
2209;43,750433804043844
2210;43,23459786928614
2211;44,15849390898157
2212;44,57719126409248
2213;44,36784358634215
2214;44,64021358256402
2215;44,010318610117224
2216;43,825600330356664
2217;43,801796344714454
2218;43,53445137532604
2219;44,04597989315976
2220;44,11825681682966
2221;44,08206041115844
2222;43,69529878714051
2223;44,676864097701404
2224;43,65050967714794
2225;43,97109861854433
2226;44,240391789404455
2227;44,237520270206154
2228;43,98756829548891
2229;44,00205320917698
2230;43,92617240150929
2231;43,84414696409693
2232;44,39872416927589
2233;44,749497844276696
2234;43,59756472536819
2235;44,24043324785597
2236;43,84916799669756
2237;43,70417898651614
2238;44,1443525892731
2239;43,812235064796184
2240;44,058268296933555
2241;44,369223238053465
2242;44,602700415369526
2243;44,3208734967561
2244;43,89536994999376
2245;44,17302042089905
2246;44,54929215542839
2247;44,47169000847049
2248;43,7804966139646
2249;44,32779428813713
2250;44,19773714473237
2251;43,49491905919175
2252;44,00420455849337
2253;44,210603937764354
2254;44,54553999242658
2255;43,860200706904585
2256;43,97307355739106
2257;44,37107898121965
2258;44,46925230759012
2259;44,01142170996155
2260;44,37169666338681
2261;43,89457279908751
2262;43,93432983770552
2263;44,12446718600703
2264;43,78742065755692
2265;43,814035138040616
2266;43,800026875830966
2267;43,76249239069346
2268;44,35626050685058
2269;44,074989666047735
2270;43,96025248378661
2271;43,88922427697246
2272;44,05008896409592
2273;44,243012688689184
2274;43,81563865803806
2275;43,79847412516127
2276;44,149703028570606
2277;44,071790229938635
2278;43,874309492574525
2279;43,773834895652406
2280;44,04099741213889
2281;43,93785204571364
2282;44,2635027324629
2283;43,74262702490095
2284;44,191735822425414
2285;44,33020709065796
2286;44,07493046971301
2287;44,16852135616588
2288;44,01285100088269
2289;43,94553816709623
2290;44,166650842590954
2291;44,24210961150255
2292;44,49517054690986
2293;44,08831024367558
2294;44,35493504411938
2295;43,83056183667026
2296;43,44190776675745
2297;44,03240871598668
2298;43,57705917441481
2299;44,002634134246726
2300;44,78364167740068
2301;43,8793768757018
2302;44,1160725886751
2303;43,813043603814336
2304;43,758706805323826
2305;43,84608119984203
2306;43,832991553912194
2307;44,2227410059741
2308;44,387747588905945
2309;44,69435197719716
2310;44,10919587357653
2311;44,33585783251239
2312;43,592132443986785
2313;43,711168043387474
2314;43,745578094675906
2315;44,20522970162007
2316;43,85785020371099
2317;44,24646357084166
2318;43,784586982596224
2319;44,1104014634332
2320;44,21602068527385
2321;44,16344710023833
2322;44,136640591011584
2323;43,55647516439128
2324;43,987414281500136
2325;44,08441408406534
2326;44,36516043042635
2327;44,62749340433202
2328;43,86606855754982
2329;43,380923224866415
2330;43,70587553117417
2331;44,31849707849026
2332;43,93013427749798
2333;44,02275761824224
2334;43,8199959806922
2335;44,27954523041475
2336;43,66345084519482
2337;43,82768376941185
2338;44,2632122392879
2339;44,27719136363324
2340;43,839085237823916
2341;44,27229156304307
2342;43,69855471306215
2343;43,645121175899654
2344;43,66476729181127
2345;44,2354628101788
2346;44,26432558802279
2347;43,92927460756916
2348;44,071627674592385
2349;44,02278800170869
2350;44,29298847322043
2351;44,45644195908432
2352;44,323571415273236
2353;44,54395240751259
2354;44,3317334597882
2355;44,47362560496355
2356;43,856929771487366
2357;43,75831906666751
2358;43,969033597111
2359;43,69082300640484
2360;43,58233747907728
2361;44,51182025536014
2362;43,91779534594455
2363;44,05644821691285
2364;44,09323844908404
2365;43,85902034422106
2366;44,07828571606168
2367;43,92343592851834
2368;44,24110515994068
2369;43,728132216819986
2370;43,92073139474547
2371;44,24480223115516
2372;43,53993164950329
2373;43,5692195218035
2374;43,429658377784165
2375;43,68454333211371
2376;43,931299943206355
2377;44,34785126271848
2378;44,077984024743216
2379;43,62141651081332
2380;44,05044061847989
2381;44,37081454238756
2382;43,67245684532825
2383;44,30505135055809
2384;44,27043578336267
2385;43,866687993689446
2386;44,13968556863
2387;43,797150532980176
2388;43,68083057882891
2389;44,11316799519714
2390;44,08380419413943
2391;43,99083597549731
2392;43,940177993839114
2393;43,98175987844094
2394;44,49836310590433
2395;44,07258794754521
2396;44,1500453107054
2397;43,54542883539603
2398;43,57813649766255
2399;43,82977354328544
2400;43,68748982711873
2401;44,03893533556649
2402;43,701213488628376
2403;44,153840439037126
2404;44,02118707349395
2405;44,3029847307395
2406;43,64268568090591
2407;44,15518079626583
2408;43,79282395296667
2409;44,60157865580307
2410;43,63553249435049
2411;43,887759255852885
2412;43,80538820237794
2413;44,23386906439246
2414;43,69014252811509
2415;44,38319002394456
2416;43,43437335512183
2417;44,106668082391266
2418;44,20293673513418
2419;44,65525108404286
2420;43,556549449460476
2421;44,47109910328869
2422;43,83987217504765
2423;44,25051447517074
2424;44,20760274876987
2425;44,024056551854216
2426;43,83892755848093
2427;43,57075310207515
2428;44,272657776916034
2429;44,34260316600846
2430;44,12839129424118
2431;44,1720617891432
2432;43,96058863177426
2433;43,7466119445983
2434;43,935386112515616
2435;43,6404287232636
2436;44,22911284316321
2437;44,00592473555894
2438;43,87686567824443
2439;43,680108973666755
2440;43,53663112789535
2441;43,465842194722455
2442;43,90516623980873
2443;43,524457920303924
2444;44,13178211145461
2445;44,21435244224475
2446;43,62340195636561
2447;44,755540580275486
2448;44,00672208564155
2449;43,36782129062152
2450;44,01073026312218
2451;44,05829974007717
2452;43,97124612096251
2453;44,18652492279779
2454;44,140094762070085
2455;44,29291990569412
2456;44,0629058617452
2457;43,434116708799266
2458;44,38351393621953
2459;43,82765219222836
2460;44,16276342977622
2461;44,13807319033637
2462;44,026804028634125
2463;44,06315241623809
2464;43,930090617988924
2465;43,99403238104911
2466;44,44138797824137
2467;44,12411104687754
2468;44,12794601997854
2469;44,28908827343716
2470;44,61839861614969
2471;44,113937535901
2472;43,941155905522834
2473;43,862341149917626
2474;43,468945119949765
2475;43,99627714665576
2476;43,62478465180303
2477;44,156752088610034
2478;44,03445856808645
2479;44,334783890072
2480;44,04381042754523
2481;44,09771161436515
2482;44,142889310148384
2483;43,52321904220897
2484;43,68937107568482
2485;43,973463418381805
2486;44,33058869106464
2487;43,95034158163004
2488;43,33047140120996
2489;44,20161303866385
2490;44,33167069928043
2491;43,965500396632
2492;43,51555296484741
2493;43,7247905651916
2494;43,61683060137352
2495;43,87430515567007
2496;43,838040924678154
2497;43,94836346789387
2498;44,16782794646022
2499;43,70205896023353
2500;44,399024964864054
2501;44,08355965920096
2502;43,906000282521184
2503;43,95088041796544
2504;43,746762152625614
2505;44,842159575575515
2506;44,15110796524952
2507;43,822459027286186
2508;44,18555713719277
2509;44,26918099416962
2510;44,389240937048626
2511;43,713687165186016
2512;44,59536154235533
2513;43,6669713104807
2514;44,181820498145946
2515;43,899871745034076
2516;43,89444934776799
2517;44,38245413278518
2518;44,093407806679274
2519;44,453450616015665
2520;43,977976287260404
2521;44,05721756998493
2522;43,94469000454949
2523;44,32128237387386
2524;44,31300634358049
2525;44,37524771856318
2526;43,878353963716
2527;43,873372640476276
2528;43,9798730528012
2529;44,12667519269443
2530;43,83934247098609
2531;43,60497641127345
2532;44,051553295667986
2533;44,21755294677911
2534;43,61579331755643
2535;43,88070756841633
2536;43,86692967276375
2537;43,833215913506564
2538;43,6112854456737
2539;44,71491389960038
2540;44,00535704556859
2541;44,20723597583675
2542;44,1845464305135
2543;43,942904132643896
2544;44,04426224774467
2545;44,575369509597884
2546;44,32854927953763
2547;44,06639549866206
2548;43,8250790898752
2549;44,54116253157775
2550;43,953356988619824
2551;43,86018112166758
2552;43,72660722153386
2553;43,84240575871304
2554;43,73181989268077
2555;43,71494685319163
2556;44,102827103023195
2557;43,78215296508265
2558;43,83783933997053
2559;44,248103153295936
2560;44,010658318843234
2561;44,34253428888944
2562;44,30330086271924
2563;43,95374128058496
2564;44,40856187001984
2565;43,81501826043911
2566;44,04001530380416
2567;44,21858441517391
2568;44,174752540515954
2569;43,63043514202352
2570;43,97183889216746
2571;44,603035783517534
2572;43,82388217833127
2573;44,197637052527455
2574;44,077313895606245
2575;44,045828633227366
2576;44,25178161031643
2577;44,71073464980209
2578;44,1255263891544
2579;44,067718601585256
2580;44,213396261767784
2581;43,71627015249703
2582;43,58693190057561
2583;44,163980199994576
2584;43,963844680424906
2585;43,88401554278808
2586;43,87324999552118
2587;43,678240998924075
2588;43,887278534651365
2589;43,41416978554342
2590;44,048384614147125
2591;44,408655340432695
2592;43,82725279946478
2593;44,27717194876735
2594;43,70056200214534
2595;44,276788193890326
2596;44,28635650925799
2597;44,12209374684057
2598;43,99035284859383
2599;43,821488723182284
2600;43,96970698540648
2601;43,48632008629317
2602;44,0630929977421
2603;43,79031894889436
2604;44,25301565900593
2605;43,68680083698542
2606;43,74862044207662
2607;44,12744711821371
2608;44,2466039206399
2609;44,16248757306474
2610;44,252638594922196
2611;43,533531505945895
2612;43,88806017539874
2613;44,065332584423075
2614;44,21077157291392
2615;44,215712842112346
2616;43,86318866734418
2617;43,74793524028466
2618;44,34890022201729
2619;44,48771051878
2620;43,936651738349894
2621;44,188878265766604
2622;44,009091185871945
2623;44,06401390852244
2624;44,39233295067546
2625;43,678092075078155
2626;43,95601136588287
2627;43,591694454637334
2628;43,71507785010895
2629;44,113618517457965
2630;44,4592688856182
2631;43,98589981366706
2632;43,907414820492
2633;43,6872801217866
2634;43,56181665404933
2635;44,06324157297312
2636;43,79676336404343
2637;44,074549296780425
2638;43,93976974309346
2639;44,10910386090097
2640;44,18535875459667
2641;44,15161838456947
2642;44,5095175161276
2643;44,392759034220724
2644;43,77400483895572
2645;44,246134997577066
2646;44,34526016231691
2647;44,5383830544502
2648;44,36244718242824
2649;43,775655584465305
2650;43,86621955512898
2651;43,83140036571782
2652;43,95118888028484
2653;43,76276397847789
2654;43,93193009875728
2655;44,21928147572072
2656;43,99602166373132
2657;44,11806969519653
2658;44,394268113032325
2659;44,111534793421185
2660;43,838238147277494
2661;44,13855436286202
2662;43,86847890020406
2663;44,19450663711457
2664;44,00487135044782
2665;44,09050940488627
2666;43,84130527334267
2667;44,21476642760679
2668;43,731938370019144
2669;43,94298382000508
2670;43,87049758793931
2671;43,810754892171
2672;43,30614926817338
2673;44,352868260104145
2674;44,13412969028527
2675;43,3855840971953
2676;43,50193072678179
2677;44,11441513415614
2678;44,37164667343221
2679;43,942556350618695
2680;43,71543800350538
2681;44,071569116905785
2682;44,03988079988434
2683;43,63014469372387
2684;44,28371787291309
2685;43,92957708879329
2686;43,58802129327358
2687;44,31969647830563
2688;44,18555122579599
2689;44,09686097742937
2690;44,09070873498855
2691;44,70201274062628
2692;43,84147680433287
2693;44,05795566176374
2694;43,56090206897869
2695;43,89485301381613
2696;44,16157726550528
2697;44,55036753000346
2698;43,610193356655884
2699;43,712417795707026
2700;44,05068803468385
2701;43,69815730718457
2702;43,855198413366764
2703;44,10408150710022
2704;44,19259810685684
2705;43,706366281603266
2706;44,70819763886504
2707;44,35622758885857
2708;44,25166993767006
2709;43,784078222529814
2710;44,311363270319916
2711;43,758816381601314
2712;43,85130336768633
2713;43,87266625952048
2714;43,75980599912767
2715;44,20124696975227
2716;43,879647094875125
2717;44,395259671691655
2718;44,44984564125983
2719;44,02315581074997
2720;44,11682391948814
2721;43,93624530266582
2722;43,499971624933124
2723;44,236205616729734
2724;43,61346258376844
2725;43,70944034575066
2726;43,815018253655225
2727;44,02421768681624
2728;43,52838398146136
2729;43,84520038571108
2730;44,0383513956706
2731;44,54503718993342
2732;43,94032284581395
2733;44,0317177005968
2734;44,514933483041894
2735;44,27329093648957
2736;44,09023902691842
2737;43,73294086382729
2738;43,5980229252853
2739;43,8860738261557
2740;44,087975227553265
2741;43,59222756014106
2742;44,18445346671012
2743;43,73258643925025
2744;44,160801176358284
2745;44,31062356040734
2746;43,99787090463764
2747;43,694831461545625
2748;43,92538755665469
2749;43,86425409872041
2750;44,07892318430594
2751;44,015209247066565
2752;44,11195507077401
2753;43,37286567060542
2754;44,10693523454758
2755;43,96546042512561
2756;43,88767228945489
2757;44,03542245145632
2758;43,666435511810235
2759;44,06226839826874
2760;44,18650508441604
2761;44,25113948817026
2762;43,5777886336754
2763;44,12651909890743
2764;43,539344784579015
2765;43,903706420075665
2766;43,5677676575107
2767;44,545458574437845
2768;44,10694210022208
2769;43,98908394799391
2770;43,72231218462552
2771;44,1209607039197
2772;43,8646679817946
2773;43,803076388558296
2774;43,77723077955266
2775;43,863848952535115
2776;44,186513805572034
2777;43,37791244446286
2778;44,347328912203096
2779;43,841332514282186
2780;43,90218219246949
2781;43,87939658930368
2782;43,764857678581116
2783;44,65197139642567
2784;43,91124149701001
2785;43,52336707210056
2786;43,79678130094483
2787;44,25243130201487
2788;44,58078079689123
2789;44,048827879617534
2790;43,9661953025245
2791;44,038473174262194
2792;44,35499623449488
2793;44,056456723661995
2794;43,48098499585104
2795;44,286138277251396
2796;43,87513186149487
2797;43,92136416676032
2798;43,60739592064611
2799;43,96974891686832
2800;43,92453555631272
2801;43,688059949168576
2802;44,06571866267412
2803;43,58779635919174
2804;44,686114220775394
2805;43,88720083915279
2806;44,221636296803
2807;43,86254893208789
2808;43,96510367415768
2809;43,75962194512663
2810;44,295961676098976
2811;43,98408278153137
2812;44,63270502531382
2813;43,879452539381305
2814;44,23103756020116
2815;44,37555960413847
2816;44,19463452420244
2817;44,27480085176514
2818;43,75734376667396
2819;43,82370934800693
2820;43,84339451306774
2821;43,99133666468057
2822;43,24782861502905
2823;44,0961596189882
2824;43,91219405847339
2825;44,01816554677623
2826;43,576033273963134
2827;43,97321882093871
2828;44,218008519872846
2829;43,95359983883776
2830;43,96117690144777
2831;43,7165204166507
2832;44,23002922903881
2833;44,275701839673765
2834;44,210858441298605
2835;44,21458725591541
2836;43,56002142998673
2837;44,30369385795574
2838;44,316958326254756
2839;43,452661229342034
2840;44,0812123455864
2841;43,883862990016304
2842;43,920400433224465
2843;44,152746320036776
2844;43,746008374207804
2845;44,013789225586876
2846;44,072643804731094
2847;43,722137984488846
2848;44,256799860477635
2849;43,86260290599834
2850;44,02705452091859
2851;43,59307662871592
2852;44,42540437274844
2853;44,56108196327025
2854;43,67818737060488
2855;43,870829246808455
2856;43,731476977175575
2857;43,5877275596481
2858;44,13726114368845
2859;43,70794940189875
2860;43,967816661050946
2861;43,452334688938926
2862;43,92010544863922
2863;44,19878290749762
2864;43,50713167651301
2865;43,880092862429265
2866;43,83875135843199
2867;43,97774203600863
2868;43,860634868918275
2869;43,974068170895166
2870;43,90049723607564
2871;44,05525452289125
2872;44,103451646517925
2873;43,81556133592087
2874;43,76686422722154
2875;43,842844803292216
2876;43,28392085484262
2877;43,70733747569184
2878;44,50329316366903
2879;44,06474931005867
2880;44,25446045597979
2881;44,21869783970599
2882;44,0044223694921
2883;44,03614288649237
2884;44,112108259411904
2885;43,92976699704705
2886;44,30951569832092
2887;43,83087642589697
2888;43,45348989153678
2889;44,24510333034393
2890;44,49286723995571
2891;44,42711364415416
2892;43,515277926170526
2893;44,255656141921385
2894;43,808651787719285
2895;44,26232543991386
2896;44,069636620305175
2897;43,92039711961011
2898;43,83801705969422
2899;44,524979230803446
2900;44,14284500317314
2901;43,706858662022725
2902;44,18932795814073
2903;43,97584103821356
2904;43,79224042504003
2905;44,32216825124626
2906;44,05375193818665
2907;43,7076755243623
2908;43,677696054370024
2909;43,707406084058526
2910;43,93018712595034
2911;43,68306911970723
2912;43,70353204182645
2913;44,00145889385833
2914;44,21659302928917
2915;44,00126398338452
2916;44,05987917701297
2917;44,023454794726995
2918;43,657942608223905
2919;43,73701660461207
2920;44,21055117392575
2921;43,525530719288696
2922;43,887621100127
2923;43,988125763947345
2924;43,64856996782929
2925;43,50833638608926
2926;44,02743748674703
2927;44,115657504846524
2928;44,36117462376516
2929;44,05943368473621
2930;44,30749097532096
2931;43,99380172825847
2932;43,59496865566057
2933;43,872972822462216
2934;44,38251659789101
2935;43,96866315122064
2936;44,537804418801336
2937;43,93306235738336
2938;44,49759047499238
2939;43,70758666559645
2940;43,53553539214879
2941;43,57862594541945
2942;44,123139087285885
2943;43,78958535170767
2944;44,0729037693015
2945;43,473108048651746
2946;44,15796231377338
2947;44,40235026702214
2948;44,21062645818067
2949;44,29033808354192
2950;43,6597663606178
2951;44,019394484241744
2952;43,9064165252046
2953;44,47777357459391
2954;43,574270380412194
2955;43,858478313590005
2956;43,39435226319379
2957;44,13784243701318
2958;43,723995010961275
2959;43,998866773143305
2960;44,46450457320061
2961;43,927671831897264
2962;43,962501558184265
2963;44,02032128468944
2964;43,65468448155258
2965;43,98101033481828
2966;43,91476673472399
2967;44,289275879336515
2968;44,23748940298568
2969;44,08157418632397
2970;43,99640721485795
2971;44,19677159139235
2972;44,381624630493654
2973;43,49112721845312
2974;43,780434985834404
2975;44,1324219036162
2976;43,896354915220805
2977;44,03138711842974
2978;44,04704823136547
2979;43,97583787695558
2980;43,345629761428654
2981;43,88366311492741
2982;43,720030903936895
2983;43,86671481814083
2984;43,65118185825232
2985;44,08239578176545
2986;44,004984488260426
2987;44,44076198946529
2988;43,93810490462782
2989;43,97316604513294
2990;44,23025903235435
2991;44,40918026456264
2992;44,34183202263031
2993;43,89590999915454
2994;43,754178364769515
2995;44,23203747186989
2996;43,91401492656555
2997;44,460771025841254
2998;43,84290640617106
2999;43,6942313070432
3000;44,48441775016708
3001;43,57732518720763
3002;44,11366292280723
3003;44,230187399724734
3004;43,41077422498345
3005;43,88050819262071
3006;44,073847866975456
3007;43,638515161167234
3008;43,91836605112626
3009;44,327641602507256
3010;43,89255559689673
3011;43,89313444234256
3012;43,76532056483151
3013;43,828836882459534
3014;44,20616059850004
3015;43,79567718061089
3016;43,417030481779655
3017;43,97250072814017
3018;43,81514712777053
3019;44,573535456242524
3020;44,37182028063834
3021;43,972348452569
3022;43,79073409140841
3023;44,35748735586105
3024;43,79798952705051
3025;43,53044240965885
3026;44,410542795063016
3027;43,917487577388336
3028;44,205627766749906
3029;43,97220206180784
3030;44,01737695285157
3031;44,19143513271966
3032;43,41631405490455
3033;44,35067900049302
3034;43,843937245114866
3035;43,67700860847676
3036;44,1793512371947
3037;43,60413275773
3038;44,31524703640223
3039;44,42494172287519
3040;44,25230910719387
3041;44,05686625464682
3042;44,04122048900597
3043;43,650346070444826
3044;43,84914692586247
3045;43,98421155892775
3046;44,24755264421531
3047;44,12365471852717
3048;44,400063486459494
3049;44,00220463351761
3050;43,868278105175115
3051;44,16328742975154
3052;43,77449092199832
3053;44,271320770626
3054;44,12796850110191
3055;44,026062790381296
3056;44,61733543848537
3057;44,20033806511084
3058;44,14312846947867
3059;44,43637565246626
3060;44,24711613108857
3061;44,01660458250153
3062;43,73589322805323
3063;44,41117324742046
3064;43,87538398663031
3065;43,821884617253815
3066;43,81389454000007
3067;43,808824175661904
3068;43,91233409671641
3069;43,837410806377555
3070;44,5939507775713
3071;43,92755837033673
3072;44,15304265949084
3073;44,47919364522886
3074;43,6984659665614
3075;44,30271187493297
3076;43,831372644593074
3077;44,09595176795364
3078;43,54239668458253
3079;43,67066500905538
3080;43,91666816907215
3081;43,64683236762361
3082;43,50425757194925
3083;44,28145387047504
3084;43,74512576968177
3085;44,23347914928504
3086;44,14451671033577
3087;44,17101734488491
3088;44,05260824455902
3089;44,084239858712166
3090;43,852350228722614
3091;44,30886526086779
3092;44,322565364220665
3093;43,74268897724577
3094;44,10012405940697
3095;43,52673062676307
3096;44,454998933260455
3097;44,01718867681761
3098;44,02862421424444
3099;43,98281624239259
3100;43,81739173872865
3101;43,437494554072934
3102;44,52610642276514
3103;43,369768509562846
3104;44,02247947271282
3105;44,12092164530257
3106;43,65821724062271
3107;44,25841850547471
3108;44,06399441506942
3109;43,86689260506615
3110;44,34146464727836
3111;43,41435013602091
3112;43,896533106658545
3113;44,21833721060789
3114;44,22881669385049
3115;44,16219686633303
3116;43,93879529039059
3117;44,18919780628493
3118;43,94557143911325
3119;44,05949280792745
3120;44,1650667528397
3121;44,303490999003095
3122;44,096634191887425
3123;43,973061687889405
3124;44,46754948896015
3125;44,55377072985666
3126;44,30339642927453
3127;43,29736920271354
3128;43,863757458262775
3129;44,28744542726356
3130;43,70290193284278
3131;44,063170217725606
3132;43,63951628853826
3133;43,82785598477294
3134;43,94489207879057
3135;44,248848441266006
3136;43,97137062538958
3137;44,27915108686667
3138;44,12355588092196
3139;44,08397855742122
3140;43,68482675473856
3141;43,97267583319071
3142;44,3768384644803
3143;43,412700926732086
3144;44,3998010509624
3145;44,44762997064177
3146;44,07757039200986
3147;44,11505449802128
3148;44,12173206380314
3149;44,52891807956794
3150;44,27990356634632
3151;44,06792183452874
3152;43,85146616666599
3153;44,638213011293985
3154;44,34550716692279
3155;44,267156452694834
3156;43,95834869994672
3157;44,02497580872863
3158;43,86417086702678
3159;44,41925169710529
3160;44,37354511886184
3161;44,2090403550569
3162;44,001536584720895
3163;44,09068089734069
3164;44,08351377250031
3165;43,95854021015466
3166;44,22264246266845
3167;43,85391400934524
3168;44,0638996018634
3169;43,554677606087886
3170;43,63318731093799
3171;44,257375683066364
3172;44,452533783108755
3173;43,98695486727058
3174;43,51887205507624
3175;44,43129342031879
3176;43,945221522801496
3177;43,628404798727516
3178;44,70717405458796
3179;44,401761194076364
3180;44,31826412438724
3181;44,481344754666196
3182;44,24232349881386
3183;43,9592497540967
3184;44,39374895134642
3185;44,15681412153493
3186;44,14401631155803
3187;43,81275778620692
3188;44,49305854372635
3189;44,13438173062419
3190;43,91885369506844
3191;43,90267509078425
3192;44,58582336973525
3193;44,00491053415143
3194;43,671120994446966
3195;43,897163310089795
3196;44,100714508298566
3197;44,58898673830872
3198;43,68855191277574
3199;43,6751083686947
3200;44,20854747746494
3201;44,35841337629234
3202;44,48205943764951
3203;43,89466985056043
3204;44,00788487069619
3205;44,25273718421164
3206;43,630103948612614
3207;44,008033834653176
3208;44,01878150388366
3209;44,02720912685816
3210;43,58951786393174
3211;43,69418748092937
3212;43,755654728991715
3213;43,32180138131565
3214;43,69762233586932
3215;43,81927709085939
3216;44,26296844783405
3217;43,92772269292385
3218;43,939198132248
3219;43,71190046200156
3220;43,915514136356336
3221;43,944273093320774
3222;43,596846320993045
3223;43,80808386259796
