;ssd
0;10,295437561231374
1;10,308987739089398
2;10,296803366373686
3;10,300633165862036
4;10,301187891191963
5;10,306931848829914
6;10,300604588111902
7;10,29817013722931
8;10,302719353077903
9;10,299687324066204
10;10,298492471171315
11;10,296625130971549
12;10,298441835143807
13;10,296860594902448
14;10,297189504899542
15;10,299506029602824
16;10,30053485813324
17;10,300361198007625
18;10,29709155097014
19;10,292858069832095
20;10,297363182360051
21;10,301890683237227
22;10,300667691866408
23;10,293823644896225
24;10,301321418073751
25;10,30168884343618
26;10,298092078460815
27;10,303164487422327
28;10,300691171802784
29;10,299486418223417
30;10,298613818244352
31;10,300161880673583
32;10,305292656378992
33;10,300400130562211
34;10,297795527126098
35;10,302675930462515
36;10,300761047765318
37;10,294940955825037
38;10,299837664098986
39;10,298904810254653
40;10,30190160081032
41;10,304725744969211
42;10,29981614152404
43;10,29753981850126
44;10,297916637704235
45;10,300258274493286
46;10,302474250575694
47;10,30152219696721
48;10,292691354018316
49;10,301342937236925
50;10,297587854784016
51;10,301892048322463
52;10,29417169983653
53;10,299838370940689
54;10,299077767855069
55;10,299885303060474
56;10,30406421707941
57;10,30170359638829
58;10,298738004510879
59;10,295120867058406
60;10,30212335826249
61;10,296873998188447
62;10,296713600722674
63;10,303195994362232
64;10,291314252376537
65;10,301683433853203
66;10,29427361617935
67;10,298185557084993
68;10,30085327139598
69;10,297703178553373
70;10,30074767562585
71;10,303158413013792
72;10,298116045235949
73;10,294026061780327
74;10,29872829490734
75;10,300225908484908
76;10,300986547116725
77;10,298966740371068
78;10,294674730777785
79;10,299651180969642
80;10,296593249501061
81;10,29764974994009
82;10,298499010096611
83;10,29869406250205
84;10,301994629685371
85;10,295715166923209
86;10,293379782788056
87;10,295719029667081
88;10,298183275951333
89;10,299557050286454
90;10,296462860699272
91;10,301606080762028
92;10,299561679388543
93;10,300722966873456
94;10,297285138606009
95;10,296868521995872
96;10,297621929787475
97;10,307057457216345
98;10,299216014618066
99;10,302238808387322
100;10,296015826319252
101;10,301175093431299
102;10,295205835467934
103;10,303706279097975
104;10,297392362070863
105;10,294531478769699
106;10,303978551496687
107;10,299975526845843
108;10,298211402479604
109;10,297929968541714
110;10,298032591279616
111;10,297194749808778
112;10,299871903668167
113;10,29797266564405
114;10,3031107881388
115;10,300605364616931
116;10,298330885122926
117;10,301343105277098
118;10,301515762272915
119;10,29382503478844
120;10,29547649315634
121;10,298644560318518
122;10,301647573752819
123;10,297266829955335
124;10,297818802164855
125;10,298668643769332
126;10,294959358391502
127;10,297238374711922
128;10,299554324198747
129;10,298262323705453
130;10,301167519251457
131;10,299605145980346
132;10,302595158800724
133;10,304024608417182
134;10,303843889782142
135;10,301174077293865
136;10,29467235225966
137;10,301513376561381
138;10,299643120536581
139;10,299049168848398
140;10,300016123766088
141;10,30221981037664
142;10,295309490155091
143;10,293771772584565
144;10,298678683917645
145;10,301193065004638
146;10,301556613170872
147;10,301436286003968
148;10,298519328614631
149;10,298902951250843
150;10,306932954597126
151;10,303610070054168
152;10,29949353026809
153;10,298728643983848
154;10,30439445343918
155;10,300926155830826
156;10,301198654045795
157;10,298401719226584
158;10,304253139231635
159;10,301733997265417
160;10,292966268239368
161;10,30198487186708
162;10,298868202534935
163;10,29947486712537
164;10,29816635365857
165;10,300187759822736
166;10,298566997606006
167;10,294322019961939
168;10,302526907573833
169;10,303621953307065
170;10,299622503184645
171;10,305137566248101
172;10,302455809413727
173;10,303010506361263
174;10,302305115894784
175;10,300582824980744
176;10,303385013736118
177;10,306203808635559
178;10,299011245858328
179;10,30080810816818
180;10,303450321718197
181;10,301987647020672
182;10,29665165773081
183;10,30331149260885
184;10,301084899297882
185;10,297484140755483
186;10,297170929422247
187;10,297021931213068
188;10,298137256934687
189;10,29875423913018
190;10,29990204408546
191;10,302150241311047
192;10,297188284354357
193;10,303551480120175
194;10,30057556520846
195;10,295686910416858
196;10,29591101244497
197;10,29809951996738
198;10,303005331197049
199;10,303658699921042
200;10,298883748445466
201;10,302670885648723
202;10,297087994946292
203;10,29590862252403
204;10,30268952755991
205;10,297897371838932
206;10,296693372179764
207;10,305105663475137
208;10,300833437107382
209;10,302433290839556
210;10,296765559018098
211;10,298050851623637
212;10,300857878548479
213;10,30001934082361
214;10,30214678402572
215;10,303498108378381
216;10,297025486722122
217;10,2996878197488
218;10,307121540987486
219;10,300950779036793
220;10,296021582648983
221;10,30301571191224
222;10,298138976752057
223;10,297484987170654
224;10,299106067257751
225;10,2997760637837
226;10,296697826819607
227;10,299774609917083
228;10,299214014515567
229;10,302160717716575
230;10,298152139129122
231;10,296853857876515
232;10,302768527240858
233;10,303838945308268
234;10,293513947368945
235;10,293937862338689
236;10,305615541183675
237;10,300572609335166
238;10,29508458711637
239;10,296104144760498
240;10,301290934209995
241;10,30323974723148
242;10,299247637345204
243;10,296518095334386
244;10,303164663764722
245;10,301760843211483
246;10,301842494838953
247;10,297555606744455
248;10,301652005320008
249;10,300388495375369
250;10,297998442239898
251;10,304660368713321
252;10,298787669216699
253;10,297742086504106
254;10,297670208999298
255;10,300461687234487
256;10,298029706335768
257;10,302068276035953
258;10,301449814015022
259;10,301819732894913
260;10,305956240847168
261;10,302379843482578
262;10,297251988010531
263;10,299228075895202
264;10,29928985796436
265;10,305105383884722
266;10,300274050977245
267;10,304567376412335
268;10,300922535336166
269;10,291651468686295
270;10,299017102234554
271;10,301284900843198
272;10,297875855699477
273;10,302590265775336
274;10,298946231565528
275;10,30282300847783
276;10,29852289423547
277;10,302462079202417
278;10,300775626273165
279;10,303834251202312
280;10,29430010674208
281;10,297405394451928
282;10,299355570058818
283;10,294278797197736
284;10,298335942723991
285;10,302039781316338
286;10,292171850013967
287;10,295473558662072
288;10,29990596121854
289;10,299642323210632
290;10,29869191236775
291;10,298846754635724
292;10,29739728869579
293;10,301647552473709
294;10,297514144881823
295;10,300157333093177
296;10,297967867061345
297;10,301570742888332
298;10,294807375142213
299;10,300486596109687
300;10,302085805926032
301;10,298138207567272
302;10,299620149064861
303;10,297368101676682
304;10,299154820840995
305;10,302508861217992
306;10,300796372820086
307;10,300183181717035
308;10,303100271281293
309;10,29816971832678
310;10,303336272278498
311;10,306307664176796
312;10,298851229799768
313;10,301214910602612
314;10,301472475524623
315;10,300757315417485
316;10,29958356767956
317;10,302583322842562
318;10,302274741204394
319;10,304172215390544
320;10,306477732495873
321;10,301705167869567
322;10,295866524142061
323;10,305899304564875
324;10,299573360279082
325;10,29907778982134
326;10,29901432416347
327;10,29958582330832
328;10,29748747920749
329;10,298237005210474
330;10,294286605453038
331;10,30405668083145
332;10,295812708977893
333;10,294220002405131
334;10,297557237260204
335;10,301975571646617
336;10,300352458459656
337;10,29997786632346
338;10,301783718961975
339;10,301083864113751
340;10,29829894501113
341;10,297974633112373
342;10,30144238201584
343;10,295866608945706
344;10,293430174095203
345;10,298340012257215
346;10,296172090077057
347;10,302706219049936
348;10,300887060747156
349;10,299937117278212
350;10,294596518023013
351;10,299892990099368
352;10,30017481279008
353;10,307686316156312
354;10,304242522887312
355;10,295638001353824
356;10,299815270734003
357;10,297151924695344
358;10,29390304824111
359;10,301481159625128
360;10,296477716200684
361;10,29865222404608
362;10,302816340817321
363;10,303222840813312
364;10,302378113957285
365;10,30410222498501
366;10,301791955709211
367;10,297642201164855
368;10,297604366771141
369;10,298550574765722
370;10,307533358129213
371;10,29882480652305
372;10,29921400725177
373;10,302779161828338
374;10,303675511183576
375;10,299941037635005
376;10,303110038560357
377;10,298005318992844
378;10,301395650136936
379;10,298001777288285
380;10,303368130155826
381;10,30077560019645
382;10,29595192085187
383;10,298116987155318
384;10,30086924967701
385;10,297512142793755
386;10,296934676601868
387;10,303219475610708
388;10,30186739867078
389;10,30541349646331
390;10,29893898690111
391;10,302086498615905
392;10,29741757855092
393;10,30155306510021
394;10,296245327132496
395;10,296398844252025
396;10,300039816848544
397;10,292245794289398
398;10,298082405680965
399;10,298802044651318
400;10,300379518965523
401;10,297717284857825
402;10,300234017701323
403;10,297243937852718
404;10,299746697152585
405;10,300413260948517
406;10,297210558162057
407;10,299150546006716
408;10,299578574374356
409;10,303298640908547
410;10,300117764327327
411;10,297931829667462
412;10,299687840392926
413;10,305015866096317
414;10,298592739601327
415;10,299798891127221
416;10,298133050349769
417;10,30288892207144
418;10,299474081405805
419;10,302499667425403
420;10,301232425387479
421;10,296274973994903
422;10,295465242869279
423;10,301892436094036
424;10,301495620728767
425;10,299350953869947
426;10,304286242149018
427;10,301070474891796
428;10,298888488743682
429;10,30113758151099
430;10,298284987061006
431;10,295966987890763
432;10,301801564324139
433;10,300594338137072
434;10,298199823971649
435;10,300163065087435
436;10,302500265073917
437;10,302713307103154
438;10,297380663859949
439;10,303570789473287
440;10,30041605868063
441;10,297512173685481
442;10,299920947818707
443;10,297892274584914
444;10,297432327977448
445;10,300770903648452
446;10,304410078907043
447;10,29654167900471
448;10,295267078730594
449;10,299749717091261
450;10,302870015470948
451;10,305897411896796
452;10,296362899561933
453;10,298795106482833
454;10,300403502771587
455;10,298283885420856
456;10,297291146243118
457;10,294640449805593
458;10,299716544563909
459;10,294623185127483
460;10,295362343890721
461;10,299100181468958
462;10,300415987444984
463;10,300603849188091
464;10,297084471805666
465;10,300532886604122
466;10,303482723680952
467;10,299631435333874
468;10,299914240498463
469;10,30419716409585
470;10,299767896948522
471;10,301088404570685
472;10,304247999989474
473;10,301021125912396
474;10,293793405310492
475;10,30374882969601
476;10,302695280092165
477;10,303576190469654
478;10,301733140566457
479;10,298409437270868
480;10,296767963282488
481;10,29753451838396
482;10,3002244065272
483;10,30207321501014
484;10,302127447695165
485;10,298504944557266
486;10,305155526377883
487;10,300963847013206
488;10,297369423630865
489;10,3024183609419
490;10,29659482889171
491;10,29862248664866
492;10,295212215354402
493;10,299428135489949
494;10,298713592642862
495;10,301281152085119
496;10,296930101666094
497;10,302311231082896
498;10,303118706032151
499;10,300764548479178
500;10,298545285121506
501;10,300456092972432
502;10,303523708595641
503;10,30180433787046
504;10,300965984081309
505;10,297324686108222
506;10,300482523012263
507;10,297652245317233
508;10,30535670452319
509;10,29796110470662
510;10,299265052712503
511;10,302326077612575
512;10,30371255547708
513;10,299786947258271
514;10,298697437495457
515;10,300747507918786
516;10,302427014100644
517;10,300786584914015
518;10,303426438414624
519;10,301700143607679
520;10,29723040882818
521;10,308462061888855
522;10,299198067916459
523;10,303498921408835
524;10,301599818027574
525;10,300950345950662
526;10,30280377632705
527;10,299746396648967
528;10,29978860612591
529;10,29888471337043
530;10,30151573902179
531;10,299699640517144
532;10,300558579661988
533;10,303028817971255
534;10,295210987286842
535;10,2959711028661
536;10,303513680335389
537;10,295121144729615
538;10,300726531905575
539;10,298392671478647
540;10,296304775768988
541;10,296826790263333
542;10,306072477866904
543;10,298847623572948
544;10,29706989179373
545;10,30353157966867
546;10,297141414359421
547;10,304924613413867
548;10,300493879347922
549;10,294421059411963
550;10,294335883426456
551;10,30016598519663
552;10,301829505496535
553;10,298642205702825
554;10,298181319631851
555;10,30287600997492
556;10,2982941868105
557;10,292763290812868
558;10,297936823116185
559;10,299404594313705
560;10,296567490399818
561;10,302511874113176
562;10,30220836806282
563;10,298080044121601
564;10,302283942396821
565;10,301864145909137
566;10,300489774929527
567;10,299678483393631
568;10,296598079765266
569;10,301721927114883
570;10,29985986915472
571;10,303969332508874
572;10,2976428181539
573;10,296874111516336
574;10,296875056674923
575;10,298840662099243
576;10,30128224864186
577;10,302535148900546
578;10,297655006329466
579;10,301932119105116
580;10,295719623276616
581;10,302366953126771
582;10,305354190682547
583;10,298288776111859
584;10,297363234547529
585;10,301307126445147
586;10,302057088522716
587;10,30156885950751
588;10,298853828063464
589;10,295904300935081
590;10,299122283322221
591;10,297826386352686
592;10,300060648173426
593;10,297957635579817
594;10,297078818233185
595;10,29336622403563
596;10,300286323257454
597;10,304180197169948
598;10,301250476852529
599;10,305987967181434
600;10,29917720087498
601;10,304067634515903
602;10,298158406425447
603;10,301682919385936
604;10,299741706544962
605;10,297782902097318
606;10,296859235722769
607;10,29396444131259
608;10,30204118667046
609;10,300652858219829
610;10,302717114489393
611;10,297328849729533
612;10,299685177386122
613;10,302500700929915
614;10,30379713732538
615;10,304329043438578
616;10,297527846937822
617;10,302319466300307
618;10,305906574085693
619;10,301893028528903
620;10,302226557933405
621;10,300337292184398
622;10,296139872090395
623;10,296855410670593
624;10,30019326773946
625;10,29824079615063
626;10,302630656503453
627;10,298120889370985
628;10,297122796148482
629;10,299253332799772
630;10,301523962219271
631;10,297977484047458
632;10,299419317078645
633;10,295529261030628
634;10,293582731379779
635;10,302733981214596
636;10,302698606355236
637;10,30345563777482
638;10,304680780965294
639;10,299546419318801
640;10,300897926272455
641;10,300871501617628
642;10,300841826117908
643;10,296573287656376
644;10,299007043846766
645;10,305029498785352
646;10,29912578931166
647;10,301205487928398
648;10,302951132632911
649;10,299430358370806
650;10,30264621124927
651;10,297219966823395
652;10,302516764271015
653;10,303077008429357
654;10,300881859474199
655;10,300486840493011
656;10,301032562507903
657;10,297618920934317
658;10,298749544734783
659;10,297377567493365
660;10,29627982496117
661;10,297788784724935
662;10,30010615752805
663;10,297623953745955
664;10,302621584316475
665;10,301113228552824
666;10,3001187536362
667;10,305549103790943
668;10,29701034319722
669;10,301620354527392
670;10,301996742733692
671;10,300821986747648
672;10,30446981557344
673;10,301524531488742
674;10,301688776991686
675;10,296329768701487
676;10,30046804306318
677;10,30068948667902
678;10,298959559415708
679;10,300677376190357
680;10,298798276616235
681;10,304215590757481
682;10,30373721999817
683;10,300408696847835
684;10,300890731969085
685;10,300780781821608
686;10,297212749772848
687;10,301841374798695
688;10,305042976318731
689;10,297762127066212
690;10,303292078345242
691;10,299058150713915
692;10,296533612149696
693;10,303083787472008
694;10,30176063637372
695;10,303635227404937
696;10,303378135019795
697;10,296378625992684
698;10,305902130130182
699;10,301468782106625
700;10,297453992579609
701;10,304808544346175
702;10,296506317262384
703;10,299340851378778
704;10,30285399539954
705;10,303436310410943
706;10,296855325324426
707;10,307013434192175
708;10,296624038652274
709;10,300797148418775
710;10,304881396954666
711;10,302924383455103
712;10,297664599339349
713;10,289775475332979
714;10,299046080765676
715;10,302527647303437
716;10,302483156827822
717;10,307204962877789
718;10,304410708026227
719;10,297420229895222
720;10,300108049079016
721;10,297047150480088
722;10,30092192572622
723;10,304048680378525
724;10,29496143634264
725;10,295039432219834
726;10,301489129960315
727;10,301352439156712
728;10,295525132349352
729;10,300281940586874
730;10,299050981715999
731;10,299937103204334
732;10,301543504564245
733;10,295064489756024
734;10,298798835028554
735;10,297697445075203
736;10,299766482450428
737;10,299914011312895
738;10,296308488313027
739;10,304922596233482
740;10,30135479119057
741;10,302754460698015
742;10,295829176856422
743;10,304695323807271
744;10,292708050947228
745;10,300778573292297
746;10,300550218295074
747;10,29942303044695
748;10,300362366086867
749;10,303451453962424
750;10,298690254576949
751;10,299773802050234
752;10,298410121232719
753;10,297525182357756
754;10,295905506227665
755;10,29960604848525
756;10,299220213032308
757;10,291659812492234
758;10,298063823222074
759;10,300583124044406
760;10,299303584718363
761;10,296976784158915
762;10,305046835258755
763;10,30314318512343
764;10,298064379034866
765;10,30001125854047
766;10,306224208167396
767;10,30209157440957
768;10,300787885235515
769;10,296275674685988
770;10,299354629703593
771;10,29627235385759
772;10,303471681495306
773;10,294767005472837
774;10,298019674146357
775;10,299703616150673
776;10,303263132335838
777;10,30516768347413
778;10,298743962463654
779;10,29960096099682
780;10,300405167041198
781;10,296904633026896
782;10,302330048340112
783;10,293234979430762
784;10,297055172146926
785;10,300853948457648
786;10,301330586257997
787;10,307801667110688
788;10,302649130448279
789;10,302603673075307
790;10,298870604606549
791;10,301657230188729
792;10,307687323681705
793;10,29878811004422
794;10,303705897064734
795;10,30185862029258
796;10,30678036033476
797;10,299339183278171
798;10,300525721004927
799;10,299824945295077
800;10,302310686640928
801;10,295059446647148
802;10,300254563571894
803;10,304691994908113
804;10,297171460424499
805;10,304390228721513
806;10,293812819282094
807;10,30235400517005
808;10,29953835397064
809;10,305102455993916
810;10,301210786077116
811;10,300099176450741
812;10,301198530114995
813;10,30269847888997
814;10,30359818683692
815;10,296616475113984
816;10,302351336009366
817;10,297738571158417
818;10,302354806110097
819;10,301962341374237
820;10,298228577064398
821;10,306633101088487
822;10,29765130890141
823;10,300697445550176
824;10,300099659208518
825;10,301280714082163
826;10,29307992925958
827;10,304484847466313
828;10,300160414037615
829;10,304017512892656
830;10,305349928244286
831;10,302670554650005
832;10,302300791147744
833;10,299582705625186
834;10,301701918120147
835;10,303796941079145
836;10,297322794346002
837;10,298111000806806
838;10,301446366606877
839;10,296428301856691
840;10,301471665169485
841;10,300540523182443
842;10,301174037175663
843;10,301876447829118
844;10,3023191603787
845;10,300904433191345
846;10,300068379722319
847;10,30082068714348
848;10,296068457383601
849;10,301193794044902
850;10,29552234469183
851;10,3069109260665
852;10,296444292331286
853;10,300665661825542
854;10,298094973379643
855;10,296808311871075
856;10,296677453449554
857;10,295781790024355
858;10,304071482679694
859;10,297965930010164
860;10,296952823427699
861;10,292002080636706
862;10,295460630205795
863;10,292835294468604
864;10,296964671970501
865;10,301969070951962
866;10,297319275262007
867;10,297401863779081
868;10,300623671559656
869;10,30027114813042
870;10,302657117248007
871;10,300489504918728
872;10,306894667485944
873;10,300465258665845
874;10,303834969443834
875;10,301366039365924
876;10,296506800435466
877;10,302540777325527
878;10,302245906305872
879;10,299118423150086
880;10,297724692554763
881;10,297708461125167
882;10,300481268871126
883;10,299693836934708
884;10,297793847102135
885;10,302635597247107
886;10,303399454641513
887;10,297976250426727
888;10,305048768702425
889;10,305164680937953
890;10,301693308241983
891;10,306234316882907
892;10,29644357913988
893;10,298242211251177
894;10,30194155219515
895;10,299819293188765
896;10,299678082511342
897;10,303136954013596
898;10,301571167389005
899;10,299585558149772
900;10,300115540593175
901;10,306062246632532
902;10,303010692487192
903;10,297202622337592
904;10,30107390655202
905;10,298630706066419
906;10,303504764464261
907;10,301614159671642
908;10,297971420653221
909;10,295496755042619
910;10,301968277807472
911;10,30272755343044
912;10,300450368622059
913;10,295806769382311
914;10,299853503587201
915;10,300436368511763
916;10,303468035115136
917;10,295506940728973
918;10,301449860972237
919;10,30364965634502
920;10,302331420029468
921;10,300531956101565
922;10,29385252600517
923;10,294394057053777
924;10,30248014988622
925;10,296649726935968
926;10,301190760560033
927;10,298156403225127
928;10,300577291553683
929;10,296751763155209
930;10,301461263101482
931;10,297463772105386
932;10,302232274156431
933;10,29834870575498
934;10,301252408575147
935;10,296759092796117
936;10,297069139525936
937;10,296601693869922
938;10,30027753036878
939;10,304074552361866
940;10,295805153736236
941;10,3013025633367
942;10,304799814049105
943;10,297185952007451
944;10,303475461276552
945;10,300994784305171
946;10,299631528294272
947;10,293103435544554
948;10,298445512683376
949;10,30031973347933
950;10,295149832667045
951;10,300342500085925
952;10,300319528511361
953;10,304981144300147
954;10,300174883926005
955;10,295659334113566
956;10,30579918607432
957;10,295201373352734
958;10,296024415351003
959;10,301167313473217
960;10,301227940802438
961;10,299799836345944
962;10,296129730053162
963;10,304415979995158
964;10,3007614018481
965;10,300420899967108
966;10,298011254552735
967;10,29829012067366
968;10,296469007897134
969;10,30255611025611
970;10,300179418207613
971;10,302592606526495
972;10,303792840575625
973;10,300854427450243
974;10,300443135243071
975;10,297886485950201
976;10,30517721495962
977;10,302808282281498
978;10,301349950883852
979;10,298456202437878
980;10,304731943315053
981;10,307469078992728
982;10,300714507765555
983;10,299886942148175
984;10,302478657210271
985;10,293674409411734
986;10,304642259925801
987;10,303499681862348
988;10,299029753158466
989;10,296261619479449
990;10,298496495223628
991;10,299666149498226
992;10,304426783369925
993;10,301497035897453
994;10,299501495805007
995;10,300763980045552
996;10,302597355255527
997;10,30370660045637
998;10,304873087671568
999;10,299260774821535
1000;10,305677111782297
1001;10,300957459190853
1002;10,298633647135402
1003;10,303487492226273
1004;10,296771971778048
1005;10,302290909536064
1006;10,305247263038991
1007;10,307155387414815
1008;10,3078955205582
1009;10,300993669242482
1010;10,299939212692298
1011;10,304663639981117
1012;10,301088010508973
1013;10,29972480598691
1014;10,301002037927317
1015;10,304560077219493
1016;10,30360244961499
1017;10,296947222501597
1018;10,302356595359674
1019;10,298904565490327
1020;10,299007070814612
1021;10,298413567046211
1022;10,302144438756272
1023;10,300274295359742
1024;10,2999005678845
1025;10,302542078264802
1026;10,30279051495483
1027;10,304765677668689
1028;10,301185490057485
1029;10,30127259361408
1030;10,296728667901265
1031;10,300827477082665
1032;10,297757715807675
1033;10,300070666872568
1034;10,300448082461152
1035;10,290840201068038
1036;10,299413419869946
1037;10,295420578321874
1038;10,297267595297019
1039;10,29885112062028
1040;10,296950081673305
1041;10,300351526913627
1042;10,299788104320207
1043;10,301295789232244
1044;10,303346216697285
1045;10,302452747747019
1046;10,300947345489387
1047;10,305985116267971
1048;10,298132282040845
1049;10,29715435077448
1050;10,298249285377445
1051;10,299135175194683
1052;10,300936384482378
1053;10,298329203102211
1054;10,30283442447034
1055;10,301711829070182
1056;10,300963726456601
1057;10,303444766288473
1058;10,299035095068689
1059;10,302710103009483
1060;10,300055200015139
1061;10,301269922181948
1062;10,295487241831863
1063;10,301975852321942
1064;10,301139581833349
1065;10,297100208525759
1066;10,295640891852333
1067;10,300961439815085
1068;10,30261815281011
1069;10,303382301361877
1070;10,303044777964974
1071;10,300877021699572
1072;10,29637986061935
1073;10,299009741129643
1074;10,301213038079178
1075;10,29996768599252
1076;10,302265614640998
1077;10,30371688809944
1078;10,297971444222535
1079;10,300545388272699
1080;10,298506730461101
1081;10,295625504427349
1082;10,297763571232881
1083;10,29395521601418
1084;10,299914371540233
1085;10,301327711030327
1086;10,298409958032135
1087;10,302010104933778
1088;10,30399570160265
1089;10,30081285404714
1090;10,297986681423847
1091;10,300980134080147
1092;10,298987192698656
1093;10,300624023060193
1094;10,2992466906325
1095;10,301755327154572
1096;10,296171077389525
1097;10,300925382991219
1098;10,297430640753605
1099;10,301370658832404
1100;10,297026691517457
1101;10,299371475539106
1102;10,301253212144282
1103;10,298284562187158
1104;10,300320551246786
1105;10,297501250780426
1106;10,295528900250194
1107;10,296566650245433
1108;10,300174788013459
1109;10,296663673667707
1110;10,298617016233848
1111;10,295334275784002
1112;10,299624658104488
1113;10,300984028357226
1114;10,298654236267764
1115;10,295729329035751
1116;10,292726280012046
1117;10,299694050485419
1118;10,296280180587658
1119;10,301780777669233
1120;10,303668713245035
1121;10,297371657867654
1122;10,299173520580519
1123;10,299787625282127
1124;10,300836263009106
1125;10,299994631124628
1126;10,299810952311208
1127;10,299693598179712
1128;10,306288766885588
1129;10,299161436556265
1130;10,298605621591703
1131;10,3007553133189
1132;10,302193441691447
1133;10,294897039675753
1134;10,298348380833655
1135;10,298914683164378
1136;10,302659138829306
1137;10,301723056128964
1138;10,298884328421535
1139;10,301989632406492
1140;10,296361050120284
1141;10,296068804751673
1142;10,296833604658884
1143;10,29778947503475
1144;10,300638947922316
1145;10,305269694051095
1146;10,299016188840673
1147;10,296431160777198
1148;10,296086871708484
1149;10,304325906504163
1150;10,298949043510175
1151;10,295869608151326
1152;10,300130469058056
1153;10,301152667874785
1154;10,30128184958193
1155;10,296564809530201
1156;10,300213880495889
1157;10,298134883865155
1158;10,300785593627692
1159;10,299923017122701
1160;10,301047446874838
1161;10,307171548674253
1162;10,297936153970097
1163;10,304264927305303
1164;10,30513351740254
1165;10,29662179930341
1166;10,299466524088155
1167;10,305260999152475
1168;10,301683134493286
1169;10,301117034993522
1170;10,29942893842978
1171;10,29757829431518
1172;10,299933389620179
1173;10,297439253963415
1174;10,297179912949346
1175;10,300674936400915
1176;10,302258507082028
1177;10,298143734809596
1178;10,303198172226768
1179;10,29422036188105
1180;10,305517170985224
1181;10,293971658652556
1182;10,298779536234289
1183;10,302882478091952
1184;10,300194861100183
1185;10,298196745212252
1186;10,302819961004673
1187;10,295367293176836
1188;10,300861398423688
1189;10,297290198037576
1190;10,29586418321305
1191;10,298588140464027
1192;10,299739123866887
1193;10,300130382389002
1194;10,299771643347643
1195;10,301949718736548
1196;10,304209399468231
1197;10,294968932128654
1198;10,29904851395605
1199;10,300194715250298
1200;10,299672324006366
1201;10,300464654940505
1202;10,301968825681318
1203;10,297471940478472
1204;10,302529832892185
1205;10,300624950722279
1206;10,303165080363572
1207;10,29908136504462
1208;10,298724681804721
1209;10,300997993544783
1210;10,295023021477533
1211;10,299049580537359
1212;10,301062904809372
1213;10,301053208757523
1214;10,304146304849796
1215;10,296491604903572
1216;10,297067330385415
1217;10,298963148058421
1218;10,292528997432674
1219;10,291559558225067
1220;10,294585742639768
1221;10,300793331962169
1222;10,301522643627976
1223;10,304028342562706
1224;10,3010866398
1225;10,301032490285655
1226;10,300537668900342
1227;10,294618287967817
1228;10,3008079707732
1229;10,298821428414344
1230;10,301246592877387
1231;10,297882559604362
1232;10,301037053866008
1233;10,299354117583638
1234;10,297157635108304
1235;10,298198623331222
1236;10,305978893760903
1237;10,296369038032344
1238;10,302857707120834
1239;10,304109597192552
1240;10,299348187932463
1241;10,297240809593687
1242;10,301402138461889
1243;10,298988662189618
1244;10,304932425298311
1245;10,30303885848655
1246;10,299895980123031
1247;10,297746228590569
1248;10,294856609475197
1249;10,300897216099722
1250;10,300702906202492
1251;10,293480654947228
1252;10,296849352408163
1253;10,302505482034833
1254;10,302396135948868
1255;10,300054285207557
1256;10,294414920282572
1257;10,299192878457234
1258;10,304970842732738
1259;10,300932745001715
1260;10,298489939778207
1261;10,303636514710494
1262;10,301754772501102
1263;10,304583636854996
1264;10,295881333300128
1265;10,298340176004585
1266;10,299499867611248
1267;10,303370268661775
1268;10,297278478124214
1269;10,302238119074584
1270;10,2998603740881
1271;10,298720492912251
1272;10,302223040900703
1273;10,29901247560632
1274;10,30029310710164
1275;10,297836617188034
1276;10,297220062679495
1277;10,299309324068831
1278;10,302648553169607
1279;10,302724144446337
1280;10,305036885703867
1281;10,300645798995506
1282;10,298141245850758
1283;10,299440838772847
1284;10,301758449207709
1285;10,297921145536277
1286;10,300375119032463
1287;10,299871319912482
1288;10,298549991989034
1289;10,303780566997752
1290;10,300850279088817
1291;10,298428230406751
1292;10,299052418878734
1293;10,301193033756814
1294;10,293684783409443
1295;10,308681604915279
1296;10,300552766491586
1297;10,305568048993454
1298;10,295330858163947
1299;10,30118077480072
1300;10,30692294779324
1301;10,300307275871697
1302;10,301803656072348
1303;10,29774630927769
1304;10,30593353084518
1305;10,297649685038701
1306;10,302265692064273
1307;10,305323829582184
1308;10,302587290611992
1309;10,30182002673589
1310;10,299941239578892
1311;10,305672410363284
1312;10,294427842943081
1313;10,300707581628323
1314;10,303989548115911
1315;10,300560022521891
1316;10,304250408390999
1317;10,303903122137891
1318;10,302937182037542
1319;10,298611505312703
1320;10,299582685475658
1321;10,30051480884579
1322;10,297299224307991
1323;10,299576615394969
1324;10,295900657976638
1325;10,297857146250449
1326;10,299635078719733
1327;10,301116595871022
1328;10,300571535167514
1329;10,300234036920036
1330;10,302423134808322
1331;10,305487613607415
1332;10,298537020868325
1333;10,297970960819502
1334;10,299425404435722
1335;10,29850149698076
1336;10,298267579786044
1337;10,301914683019103
1338;10,298551814487904
1339;10,297256662026278
1340;10,303196643102037
1341;10,306019393512745
1342;10,29639282921168
1343;10,292111730187491
1344;10,295038152022912
1345;10,305832581336347
1346;10,297236244141672
1347;10,306451350068176
1348;10,303504851104337
1349;10,298142457397985
1350;10,296552423799664
1351;10,297594736544237
1352;10,297686421312612
1353;10,301487327599945
1354;10,296523181789482
1355;10,295170536752295
1356;10,29838185356023
1357;10,293204509992032
1358;10,300039138546113
1359;10,295790975521914
1360;10,29700048576926
1361;10,299712723047561
1362;10,291698452686692
1363;10,296417663546816
1364;10,294790012354127
1365;10,295900845829197
1366;10,300351685588858
1367;10,297759968757827
1368;10,298193579770846
1369;10,3035018732827
1370;10,30438412750661
1371;10,301083813298323
1372;10,296565240748752
1373;10,300609451038046
1374;10,303770010725218
1375;10,298752409013519
1376;10,293664861590674
1377;10,299336289638298
1378;10,301405106199857
1379;10,301363797040109
1380;10,294271821939269
1381;10,299440409392627
1382;10,301073301845245
1383;10,299584906230402
1384;10,298151110325657
1385;10,301098373132644
1386;10,304750068514197
1387;10,302510392628685
1388;10,29960819509601
1389;10,301590136758783
1390;10,302408804696505
1391;10,296786372995463
1392;10,290543360257306
1393;10,301729672755497
1394;10,303033336457636
1395;10,304738742824709
1396;10,297690581166346
1397;10,30311370801536
1398;10,304917435800828
1399;10,300107379312335
1400;10,300836220111682
1401;10,296143176403104
1402;10,305209705531594
1403;10,302977056206826
1404;10,294233735543088
1405;10,294864117109665
1406;10,297474280877415
1407;10,296958700346224
1408;10,30011280325594
1409;10,301517674955122
1410;10,299803802516342
1411;10,301010578777193
1412;10,302942285863965
1413;10,298528118029152
1414;10,301816925027914
1415;10,300955363258428
1416;10,29408206271527
1417;10,30071398888017
1418;10,301907114129992
1419;10,295507212841517
1420;10,297814839617201
1421;10,29911463720828
1422;10,298402928793442
1423;10,298558441632617
1424;10,299208175124367
1425;10,30155635064028
1426;10,296048347523884
1427;10,295756099068544
1428;10,299920600259446
1429;10,301340347891433
1430;10,296117018874677
1431;10,292171615181633
1432;10,29978569473705
1433;10,298362589933065
1434;10,303047652259323
1435;10,300248716721313
1436;10,297328139414331
1437;10,297888471337261
1438;10,30358284666316
1439;10,296162652073471
1440;10,29951179776075
1441;10,2967453823111
1442;10,302622976985079
1443;10,298284909830297
1444;10,3043669475456
1445;10,297438125466957
1446;10,296819934308722
1447;10,302690403518282
1448;10,30629833000048
1449;10,299982143032855
1450;10,300876615860563
1451;10,299041193959455
1452;10,303309100919538
1453;10,299785842261473
1454;10,299701617208507
1455;10,304339353414775
1456;10,306791180683964
1457;10,300838949355558
1458;10,301372436662657
1459;10,301380562685686
1460;10,29753915307379
1461;10,29656439574603
1462;10,3008246981087
1463;10,303403788870014
1464;10,301273485256969
1465;10,299191882974021
1466;10,299616348399978
1467;10,299708031870761
1468;10,301606853048934
1469;10,30237942658996
1470;10,298367598216524
1471;10,30404187991695
1472;10,30213156339359
1473;10,298740744285366
1474;10,30209705583638
1475;10,29881199838108
1476;10,295788837947606
1477;10,297229563798478
1478;10,30649804138263
1479;10,299769645740067
1480;10,29749567601708
1481;10,301605136011549
1482;10,302246241760114
1483;10,297252472941569
1484;10,299669964995289
1485;10,299028451271846
1486;10,297060560595423
1487;10,302051273837167
1488;10,305398094416768
1489;10,297976979904668
1490;10,301360148025859
1491;10,297228451283235
1492;10,301205682389764
1493;10,299576410248742
1494;10,300707168756428
1495;10,298292700386865
1496;10,298443323219727
1497;10,297380507184164
1498;10,300882688327329
1499;10,299849549746872
1500;10,299031132976626
1501;10,301182032112893
1502;10,3034004963325
1503;10,299486689913909
1504;10,29628969814197
1505;10,297974370812007
1506;10,29980525755792
1507;10,29784645562781
1508;10,301094889884066
1509;10,302168907878949
1510;10,301387195495536
1511;10,302623846085567
1512;10,306450801903914
1513;10,300174166032988
1514;10,302455961426421
1515;10,299651517731721
1516;10,302520330847202
1517;10,299670963241228
1518;10,304930656454092
1519;10,303760230906994
1520;10,301608378333816
1521;10,2977996357614
1522;10,303773063230595
1523;10,303415226158368
1524;10,299557094320349
1525;10,296605994606866
1526;10,295210624571235
1527;10,301884608414566
1528;10,300627836785617
1529;10,296258189448285
1530;10,299178647708162
1531;10,299078056070897
1532;10,301828521320285
1533;10,300475781066128
1534;10,30307413163092
1535;10,299691541644192
1536;10,30070315759646
1537;10,299995526787216
1538;10,290310096744694
1539;10,29408002336908
1540;10,303242138571434
1541;10,303006442822223
1542;10,298113403158615
1543;10,296749268815127
1544;10,297414072468973
1545;10,298735699991955
1546;10,299145087942598
1547;10,300648231880011
1548;10,30152052478891
1549;10,298250895126758
1550;10,304012683867661
1551;10,297059762061256
1552;10,301141173633251
1553;10,299927167954234
1554;10,300883620494446
1555;10,302765160178085
1556;10,299413654538991
1557;10,299539949168235
1558;10,29947556160294
1559;10,298779590967126
1560;10,29912988336588
1561;10,305431865806323
1562;10,29704150425902
1563;10,301275084780446
1564;10,29537361305545
1565;10,299275840851468
1566;10,298824715935945
1567;10,29951489797191
1568;10,295046042011075
1569;10,294159500509858
1570;10,293523355583524
1571;10,298905278329242
1572;10,29770271403407
1573;10,300983993652235
1574;10,304223146590921
1575;10,300694310453368
1576;10,299727820644451
1577;10,295330169226222
1578;10,296599916854717
1579;10,303723390814751
1580;10,303388174251948
1581;10,302051389281727
1582;10,30233664641777
1583;10,302416683110964
1584;10,295245521918895
1585;10,296121026778279
1586;10,303990771528056
1587;10,301700915586169
1588;10,298720601544238
1589;10,293147566921554
1590;10,300546162252308
1591;10,29754221403304
1592;10,298450466157899
1593;10,297448193554608
1594;10,299539750018573
1595;10,302551248377227
1596;10,30072388263226
1597;10,299889371618342
1598;10,303376779996453
1599;10,304475083627466
1600;10,294720710208411
1601;10,298846003478936
1602;10,302725345338121
1603;10,294777044207859
1604;10,300142121623852
1605;10,302343802064996
1606;10,294911243253985
1607;10,297220911334945
1608;10,296585413126733
1609;10,294597509118457
1610;10,296480379872369
1611;10,298926606481189
1612;10,30282157135295
1613;10,299914301209208
1614;10,29953622582057
1615;10,299151541092852
1616;10,298706122423862
1617;10,301035115173445
1618;10,29531631839783
1619;10,300952134950046
1620;10,299279140599163
1621;10,296241093748884
1622;10,295405660257167
1623;10,30367882486893
1624;10,301981948860426
1625;10,30293339613231
1626;10,29857520120355
1627;10,302780719590645
1628;10,301472310033144
1629;10,29644188993376
1630;10,297300298446581
1631;10,297112491931772
1632;10,2948376580132
1633;10,298306746670026
1634;10,301893715555563
1635;10,301707110656135
1636;10,3012956423226
1637;10,300641761417946
1638;10,300246462548
1639;10,300931288605048
1640;10,301005358584778
1641;10,300583659670618
1642;10,297781423003634
1643;10,301003260361158
1644;10,30005464415388
1645;10,298181213520365
1646;10,300141054956004
1647;10,299168499913204
1648;10,299281855753255
1649;10,295980304531641
1650;10,304036177016043
1651;10,298389537099897
1652;10,30438291290057
1653;10,297391513685803
1654;10,304933490013127
1655;10,297652497604515
1656;10,295000363325629
1657;10,295097875956246
1658;10,296815124212822
1659;10,30362465636352
1660;10,29903432309304
1661;10,298615463630842
1662;10,299959589330587
1663;10,305397997448466
1664;10,30404380029516
1665;10,301814161502541
1666;10,300867880350623
1667;10,301801787962857
1668;10,299489768898015
1669;10,29865273237459
1670;10,301512808057463
1671;10,305755853298875
1672;10,30134286261048
1673;10,302103140217062
1674;10,30539226954462
1675;10,303359284888346
1676;10,30160088225176
1677;10,295041150455658
1678;10,29476767860976
1679;10,301435436794888
1680;10,302698913425294
1681;10,302230213161703
1682;10,294398812374338
1683;10,296723673331046
1684;10,304485340279921
1685;10,302288890413141
1686;10,30248054339525
1687;10,301532596476017
1688;10,298157093739698
1689;10,298700712303143
1690;10,299949346836087
1691;10,299826848879931
1692;10,299204335067179
1693;10,300877152281528
1694;10,299647158982516
1695;10,302134432176361
1696;10,297458528094143
1697;10,304149129205085
1698;10,296049322347573
1699;10,298046678320784
1700;10,29921143399515
1701;10,299496631412477
1702;10,302208506111995
1703;10,300926222988629
1704;10,300148893840216
1705;10,30292506343701
1706;10,296237079779491
1707;10,307892984056888
1708;10,298796560686782
1709;10,29707870265359
1710;10,298867515983842
1711;10,305808533288946
1712;10,299416944195384
1713;10,302124080324859
1714;10,299438464614488
1715;10,295470620423904
1716;10,301211332941683
1717;10,300223711721573
1718;10,299349397162839
1719;10,301312866708699
1720;10,2969979163891
1721;10,297451690152588
1722;10,297713332684674
1723;10,297768403404572
1724;10,299252358143677
1725;10,301670978074931
1726;10,301445409262715
1727;10,297493243629779
1728;10,30355359325294
1729;10,295915093913683
1730;10,301432892208009
1731;10,300801545956148
1732;10,303952389716736
1733;10,3039533785172
1734;10,296976826850262
1735;10,29736255030444
1736;10,303018960665117
1737;10,302588734203482
1738;10,299393515159592
1739;10,300742506866774
1740;10,296934551381701
1741;10,296713709558798
1742;10,29783548982551
1743;10,298670842724421
1744;10,296886474424074
1745;10,298077164723216
1746;10,300038369806924
1747;10,299476688049007
1748;10,299218033392254
1749;10,296333589655744
1750;10,30374926196647
1751;10,301091691674715
1752;10,298277452193094
1753;10,298915630430603
1754;10,291823087235269
1755;10,299771435933925
1756;10,29307126157731
1757;10,302038105093338
1758;10,295262336501812
1759;10,300433270679417
1760;10,301825040783758
1761;10,295018766075206
1762;10,29942129522481
1763;10,301416030466234
1764;10,297709566526146
1765;10,300340564021846
1766;10,301096677451037
1767;10,30287397840563
1768;10,295988503671236
1769;10,296823759846502
1770;10,300577933741122
1771;10,29917673018922
1772;10,29892849395537
1773;10,297786690920177
1774;10,297971052313581
1775;10,301510140941852
1776;10,30075512831366
1777;10,303917692255878
1778;10,300744818955259
1779;10,294184372257753
1780;10,299793614532852
1781;10,297617327901232
1782;10,305004557726953
1783;10,301876711576213
1784;10,30193507674604
1785;10,298221309715906
1786;10,300758831956434
1787;10,305798740344633
1788;10,302563754279443
1789;10,30404958420297
1790;10,303496707839464
1791;10,300317171171548
1792;10,300328087297622
1793;10,297254804785846
1794;10,300197820377363
1795;10,300822459416349
1796;10,299848997315696
1797;10,300771037066575
1798;10,30491425725554
1799;10,302158006706076
1800;10,301336042396377
1801;10,296208460333235
1802;10,296139293789118
1803;10,295751199019856
1804;10,296660380146532
1805;10,30069614583755
1806;10,304204627789135
1807;10,300716393588068
1808;10,294250475637108
1809;10,291833827415736
1810;10,296794634236905
1811;10,297950292807128
1812;10,300782459553682
1813;10,29632341984934
1814;10,30214574137577
1815;10,304301679516056
1816;10,295075434760012
1817;10,298966194107045
1818;10,299015582219363
1819;10,29783231404319
1820;10,303519539529475
1821;10,297327999613886
1822;10,29800940515437
1823;10,298044292648877
1824;10,298905189282664
1825;10,305192671585543
1826;10,303303848333323
1827;10,299926749425566
1828;10,295350508105152
1829;10,297393645902764
1830;10,300037600266917
1831;10,297297388368504
1832;10,296375053932032
1833;10,297887628815667
1834;10,297904717947747
1835;10,296447921344722
1836;10,2947187526358
1837;10,303393808439122
1838;10,302908457417418
1839;10,299054616374423
1840;10,296055661084258
1841;10,301407862001476
1842;10,298701047107548
1843;10,295424048053787
1844;10,301865085574555
1845;10,303910335280156
1846;10,298072635592778
1847;10,297895549457259
1848;10,302025391179798
1849;10,308087086144496
1850;10,297436972879927
1851;10,300360534602518
1852;10,296982152001725
1853;10,303931636543942
1854;10,298121827155509
1855;10,300835151111755
1856;10,304854328261735
1857;10,296204999309339
1858;10,29504158463721
1859;10,300941131989749
1860;10,30133524271142
1861;10,296941174610009
1862;10,294221065513755
1863;10,298229767369621
1864;10,294998555050707
1865;10,29764891819691
1866;10,29454591319212
1867;10,301209649294229
1868;10,297760142296799
1869;10,295290794509256
1870;10,301011161458797
1871;10,301627007257169
1872;10,302488750624693
1873;10,301787620756981
1874;10,302952703224632
1875;10,299589078907497
1876;10,295239841375196
1877;10,292925128361908
1878;10,30063446012131
1879;10,299347375198428
1880;10,300297868182087
1881;10,297031854824947
1882;10,298156065309488
1883;10,300339466725498
1884;10,300693143140622
1885;10,304447148696783
1886;10,305430124793428
1887;10,301902560981913
1888;10,303555262166956
1889;10,301619367987396
1890;10,304300593411233
1891;10,304857016055486
1892;10,304897243425508
1893;10,305655504745802
1894;10,299889530762067
1895;10,299386567413803
1896;10,30185350459359
1897;10,294825161058624
1898;10,296106193158607
1899;10,297593279376084
1900;10,299047246161898
1901;10,299294671324818
1902;10,303164092955283
1903;10,297024048433446
1904;10,304808691885093
1905;10,300573794371292
1906;10,293716677810437
1907;10,30234893623606
1908;10,300252417164431
1909;10,299898043621535
1910;10,296768812997705
1911;10,302836846235493
1912;10,305683548082534
1913;10,30598193429472
1914;10,299876343709172
1915;10,301622204475358
1916;10,303934968642455
1917;10,298240511927105
1918;10,299952977849008
1919;10,306446026131553
1920;10,297562700308932
1921;10,300632553021824
1922;10,294989771578203
1923;10,303318526199108
1924;10,299730093792496
1925;10,299332482535752
1926;10,29939981395814
1927;10,29780557471568
1928;10,301178648224786
1929;10,30175076627012
1930;10,292414039278672
1931;10,299497074892827
1932;10,304736558063711
1933;10,301532311472664
1934;10,297231160998725
1935;10,304936645773132
1936;10,299427335338365
1937;10,300014203300256
1938;10,30296655259896
1939;10,3020821122315
1940;10,299844744759488
1941;10,301595505554458
1942;10,29845258025088
1943;10,303113605692468
1944;10,302992048865557
1945;10,301902163177964
1946;10,303945750694577
1947;10,296042370297183
1948;10,300746963858431
1949;10,301698508328993
1950;10,300380721352672
1951;10,301371961020283
1952;10,297650017360498
1953;10,298242046215195
1954;10,301223494027226
1955;10,301502209942674
1956;10,299152316222017
1957;10,300477416086325
1958;10,296077871414624
1959;10,304677028353629
1960;10,298852948562569
1961;10,297771824850482
1962;10,303010317729544
1963;10,30005725298382
1964;10,295907405210189
1965;10,29808129120646
1966;10,297094561225872
1967;10,300565829029006
1968;10,30142581666049
1969;10,299068518309358
1970;10,298032139226853
1971;10,295231429540776
1972;10,301029736944459
1973;10,299012172206746
1974;10,301311555514229
1975;10,299080007990776
1976;10,301389213117558
1977;10,30107496330854
1978;10,298998018747378
1979;10,299442406267078
1980;10,298890961529157
1981;10,302376162718943
1982;10,301007203775773
1983;10,30097490312039
1984;10,293612761111053
1985;10,301756944576091
1986;10,294292196076285
1987;10,305908786015902
1988;10,301278768322092
1989;10,292857408984723
1990;10,2992532023082
1991;10,297029562829401
1992;10,29958168104907
1993;10,300582195106303
1994;10,30281129018021
1995;10,300275385803863
1996;10,304090439992262
1997;10,297899989007282
1998;10,295932431518306
1999;10,298350891655446
2000;10,297031632144732
2001;10,299472802700443
2002;10,299232864914542
2003;10,303263296703443
2004;10,297398910522624
2005;10,305756440673258
2006;10,30069199049528
2007;10,297427712326485
2008;10,30147104756636
2009;10,303108336915058
2010;10,297578444639111
2011;10,301542541160515
2012;10,30380799194871
2013;10,304677838442437
2014;10,306361264084433
2015;10,301084430337761
2016;10,294656015988041
2017;10,303361942495659
2018;10,300582714425758
2019;10,300210246090483
2020;10,298977159900602
2021;10,298230644357144
2022;10,296835781087134
2023;10,295173032544218
2024;10,301210434530198
2025;10,302334005385292
2026;10,298035188836744
2027;10,297785743131532
2028;10,300084856950619
2029;10,297352048245493
2030;10,299220065358616
2031;10,301479765210793
2032;10,302647072804742
2033;10,299363375551746
2034;10,2968817060259
2035;10,29647558880395
2036;10,301231775522075
2037;10,295674559512555
2038;10,302315185347869
2039;10,297276911779715
2040;10,30197601829156
2041;10,304924667832378
2042;10,296530183265888
2043;10,294330106422303
2044;10,29547847434458
2045;10,297050126510559
2046;10,299425659429941
2047;10,30118014779415
2048;10,294838252956442
2049;10,302721480260415
2050;10,300850041684413
2051;10,297588411927387
2052;10,302658750334318
2053;10,294361490423807
2054;10,298780672313956
2055;10,302050236550297
2056;10,296721174373525
2057;10,298103985887334
2058;10,307348237589432
2059;10,296780499426697
2060;10,296158361505627
2061;10,30435345661933
2062;10,301156952651366
2063;10,301849541752922
2064;10,299980600300108
2065;10,303505888121459
2066;10,301463977561806
2067;10,299740080300268
2068;10,298562165508514
2069;10,301828262640216
2070;10,303225927932248
2071;10,299497228267882
2072;10,299669238968125
2073;10,300761900706785
2074;10,29555942217708
2075;10,298592750342165
2076;10,301166926322129
2077;10,300666719952657
2078;10,298021166376532
2079;10,297787273394368
2080;10,300711294809497
2081;10,297784056734791
2082;10,302595561791872
2083;10,301025920802852
2084;10,297680997017277
2085;10,297643048596132
2086;10,298781309175219
2087;10,303180304504481
2088;10,301702031995127
2089;10,3010261891239
2090;10,298158395745787
2091;10,304878207684721
2092;10,299007879088752
2093;10,297326280863874
2094;10,299391432881183
2095;10,301594436787374
2096;10,30156122244847
2097;10,305142046892673
2098;10,298038110222285
2099;10,291180475958932
2100;10,298837286775244
2101;10,305389867071979
2102;10,29738081334632
2103;10,294701426583572
2104;10,298764686205834
2105;10,297421849517944
2106;10,301160064611317
2107;10,295536360069715
2108;10,301712796954032
2109;10,298311004286056
2110;10,30053045919502
2111;10,29777987375013
2112;10,299849711060455
2113;10,300180053457463
2114;10,305533734880232
2115;10,298648044489015
2116;10,303070846149676
2117;10,304061484947336
2118;10,301179536511935
2119;10,300234741528437
2120;10,298936256062081
2121;10,304297566651929
2122;10,30276577656954
2123;10,303831239375201
2124;10,305707337591246
2125;10,296847357312444
2126;10,296543288508884
2127;10,298181139116116
2128;10,30468635668667
2129;10,29724853331868
2130;10,302074575581791
2131;10,302612675330968
2132;10,30123725734397
2133;10,294309040638284
2134;10,307030417328
2135;10,305222561192865
2136;10,301372685421324
2137;10,296570081958626
2138;10,29919589955779
2139;10,296386869543035
2140;10,296803714638031
2141;10,29937143255453
2142;10,293278262529862
2143;10,300750459604297
2144;10,300499612274498
2145;10,299396615025492
2146;10,299791384468422
2147;10,301247351774856
2148;10,295947035933986
2149;10,300254782354466
2150;10,305010461118966
2151;10,301161339072006
2152;10,304263191477297
2153;10,303570604994858
2154;10,300674134113306
2155;10,300058338824543
2156;10,295322389833832
2157;10,306636496623755
2158;10,299876394848091
2159;10,297434863469523
2160;10,30539879708231
2161;10,297821598992108
2162;10,304088880357432
2163;10,299651408787506
2164;10,303050910536511
2165;10,30233724227131
2166;10,294594767545767
2167;10,296630605088575
2168;10,303769415999161
2169;10,2996927795812
2170;10,297666529192828
2171;10,299620552987166
2172;10,295480967902286
2173;10,301465238816467
2174;10,303962011406474
2175;10,29430321702958
2176;10,29960078653598
2177;10,302644366244627
2178;10,30046580941442
2179;10,29801408954857
2180;10,300633744003996
2181;10,300402077584694
2182;10,29825480787104
2183;10,2959210953849
2184;10,301360806911987
2185;10,303013769081744
2186;10,29757377214537
2187;10,301467361579967
2188;10,30349855379883
2189;10,300306236869345
2190;10,298496413141796
2191;10,299070212307491
2192;10,2983723063152
2193;10,303314103026437
2194;10,303463730372853
2195;10,301427825648817
2196;10,304368862888053
2197;10,303697523197016
2198;10,302307429737809
2199;10,302090097074686
2200;10,302463705791371
2201;10,307978208063865
2202;10,302508102003468
2203;10,300286789682996
2204;10,301644128374154
2205;10,29672326186983
2206;10,30060715196804
2207;10,298824719005173
2208;10,302256091692497
2209;10,30098090568539
2210;10,298364859618667
2211;10,306919716547508
2212;10,294634602605269
2213;10,30161088772582
2214;10,299774435549509
2215;10,303947423159755
2216;10,302334110186806
2217;10,294315869152499
2218;10,30431024458546
2219;10,299600790754502
2220;10,300118795112224
2221;10,306545133616401
2222;10,302662748766583
2223;10,29529607428098
2224;10,29899156583619
2225;10,29650541587189
2226;10,295100779368688
2227;10,299455469195783
2228;10,300652996026288
2229;10,297627093468828
2230;10,30048249455198
2231;10,302005016327469
2232;10,293694088347118
2233;10,298121636291116
2234;10,299307458288636
2235;10,302639434911994
2236;10,301933648145432
2237;10,306482293474815
2238;10,300721863665316
2239;10,300747856852446
2240;10,29911524235223
2241;10,301140872502478
2242;10,296351090299796
2243;10,307188417805422
2244;10,297760891293864
2245;10,29214805493248
2246;10,304048798239524
2247;10,303397638195595
2248;10,303505974519089
2249;10,303687833897246
2250;10,298150024226391
2251;10,301651751055358
2252;10,300136156007062
2253;10,301823773338995
2254;10,294038666152774
2255;10,299542853555801
2256;10,290324567121358
2257;10,30110923850565
2258;10,301192109059704
2259;10,296432562892019
2260;10,300185928521076
2261;10,298866975906897
2262;10,300907178031874
2263;10,298244640370852
2264;10,298968917055808
2265;10,297184169912638
2266;10,305996048909003
2267;10,302828373113329
2268;10,296387945620914
2269;10,3013390730225
2270;10,306565385062783
2271;10,299875625213636
2272;10,299776369308933
2273;10,302467656479594
2274;10,295840763215026
2275;10,298236372254836
2276;10,302174534211145
2277;10,299754964162576
2278;10,29222615227637
2279;10,29760923215274
2280;10,301583027654507
2281;10,303592885716597
2282;10,30111538734086
2283;10,297961784278483
2284;10,298951566812125
2285;10,302137723984114
2286;10,298531698632534
2287;10,29793359440431
2288;10,300507164737109
2289;10,301451742825014
2290;10,299105786486804
2291;10,304449334334825
2292;10,296702458719007
2293;10,294539882963818
2294;10,301956385160741
2295;10,297024450273339
2296;10,300467984546085
2297;10,300194943114734
2298;10,297788182294402
2299;10,293408635411783
2300;10,298504936423543
2301;10,30063896669383
2302;10,299652905216247
2303;10,303405092284299
2304;10,30570068907586
2305;10,2972730515206
2306;10,300249273459963
2307;10,30329084648152
2308;10,299642655517786
2309;10,301924024828743
2310;10,302790625424377
2311;10,296290223355617
2312;10,299450188219003
2313;10,30620258423538
2314;10,30124703548965
2315;10,299962616219414
2316;10,304495444542244
2317;10,298624614726942
2318;10,302436793436756
2319;10,30140969748304
2320;10,299242579305202
2321;10,298064022637032
2322;10,299596614001468
2323;10,300203659280509
2324;10,303207216246436
2325;10,299182894303101
2326;10,30167048878216
2327;10,299392463899148
2328;10,295504919423077
2329;10,29925072445102
2330;10,298741375649673
2331;10,298223728145091
2332;10,301704765414664
