; Time;Category;value
0;16:11:52; Temperature;24,2000007629
1;16:12:25; Temperature;24,1000003815
2;16:12:52; Temperature;24,1000003815
3;16:12:52; Temperature;24,1000003815
4;16:13:26; Temperature;24,1000003815
5;16:13:52; Temperature;24,0
6;16:13:53; Temperature;23,8999996185
7;16:14:27; Temperature;23,8999996185
8;16:14:53; Temperature;23,8999996185
9;16:14:54; Temperature;23,7999992371
10;16:15:27; Temperature;23,7999992371
11;16:15:54; Temperature;23,7000007629
12;16:15:54; Temperature;23,7000007629
13;16:16:28; Temperature;23,7000007629
14;16:16:54; Temperature;23,6000003815
15;16:17:00; Temperature;23,6000003815
16;16:17:31; Temperature;23,5
17;16:17:57; Temperature;23,3999996185
18;16:18:01; Temperature;23,3999996185
19;16:18:32; Temperature;23,3999996185
20;16:18:58; Temperature;23,3999996185
21;16:19:01; Temperature;23,2999992371
22;16:19:32; Temperature;23,2999992371
23;16:19:59; Temperature;23,2999992371
24;16:20:02; Temperature;23,2000007629
25;16:20:33; Temperature;23,2000007629
26;16:20:59; Temperature;23,2000007629
27;16:21:03; Temperature;23,1000003815
28;16:21:34; Temperature;23,1000003815
29;16:22:00; Temperature;23,0
30;16:22:08; Temperature;23,0
31;16:22:34; Temperature;22,8999996185
32;16:23:01; Temperature;22,8999996185
33;16:23:09; Temperature;22,8999996185
34;16:23:35; Temperature;22,8999996185
35;16:24:01; Temperature;22,7999992371
36;16:24:10; Temperature;22,7000007629
37;16:24:36; Temperature;22,7000007629
38;16:25:02; Temperature;22,6000003815
39;16:25:10; Temperature;22,7000007629
40;16:25:39; Temperature;22,5
41;16:26:03; Temperature;22,6000003815
42;16:26:13; Temperature;22,5
43;16:26:40; Temperature;22,5
44;16:27:03; Temperature;22,3999996185
45;16:27:14; Temperature;22,3999996185
46;16:27:40; Temperature;22,3999996185
47;16:28:04; Temperature;22,2999992371
48;16:28:17; Temperature;22,2999992371
49;16:28:41; Temperature;22,2000007629
50;16:29:05; Temperature;22,2000007629
51;16:29:18; Temperature;22,2000007629
52;16:29:42; Temperature;22,2000007629
53;16:30:05; Temperature;22,1000003815
54;16:30:21; Temperature;22,0
55;16:30:42; Temperature;22,0
56;16:31:06; Temperature;22,0
57;16:31:22; Temperature;22,0
58;16:31:43; Temperature;22,0
59;16:32:07; Temperature;21,8999996185
60;16:32:22; Temperature;21,8999996185
61;16:32:44; Temperature;21,7999992371
62;16:33:07; Temperature;21,7999992371
63;16:33:23; Temperature;21,7999992371
64;16:33:44; Temperature;21,7000007629
65;16:34:08; Temperature;21,7000007629
66;16:34:24; Temperature;21,7000007629
67;16:34:45; Temperature;21,6000003815
68;16:35:08; Temperature;21,6000003815
69;16:35:24; Temperature;21,6000003815
70;16:35:48; Temperature;21,3999996185
71;16:36:09; Temperature;21,5
72;16:36:25; Temperature;21,3999996185
73;16:36:49; Temperature;21,3999996185
74;16:37:10; Temperature;21,3999996185
75;16:37:28; Temperature;21,2999992371
76;16:37:49; Temperature;21,2999992371
77;16:38:10; Temperature;21,2999992371
78;16:38:29; Temperature;21,2000007629
79;16:38:50; Temperature;21,2000007629
80;16:39:11; Temperature;21,2000007629
81;16:39:29; Temperature;21,1000003815
82;16:39:51; Temperature;21,1000003815
83;16:40:12; Temperature;21,1000003815
84;16:40:30; Temperature;21,1000003815
85;16:40:51; Temperature;21,0
86;16:41:12; Temperature;21,0
87;16:41:31; Temperature;21,0
88;16:41:52; Temperature;20,8999996185
89;16:42:13; Temperature;20,8999996185
90;16:42:31; Temperature;20,8999996185
91;16:42:53; Temperature;20,7999992371
92;16:43:14; Temperature;20,7999992371
93;16:43:32; Temperature;20,7999992371
94;16:43:53; Temperature;20,7000007629
95;16:44:14; Temperature;20,7000007629
96;16:44:33; Temperature;20,7000007629
97;16:44:54; Temperature;20,6000003815
98;16:45:15; Temperature;20,6000003815
99;16:45:33; Temperature;20,6000003815
100;16:45:55; Temperature;20,6000003815
101;16:46:16; Temperature;20,5
102;16:46:37; Temperature;20,5
103;16:46:55; Temperature;20,5
104;16:47:16; Temperature;20,3999996185
105;16:47:37; Temperature;20,3999996185
106;16:47:56; Temperature;20,3999996185
107;16:48:17; Temperature;20,3999996185
108;16:48:38; Temperature;20,2999992371
109;16:48:57; Temperature;20,2999992371
110;16:49:18; Temperature;20,2999992371
111;16:49:39; Temperature;20,2999992371
112;16:49:57; Temperature;20,2000007629
113;16:50:18; Temperature;20,2000007629
114;16:50:39; Temperature;20,2000007629
115;16:50:58; Temperature;20,2000007629
116;16:51:19; Temperature;20,1000003815
117;16:51:40; Temperature;20,1000003815
118;16:51:59; Temperature;20,1000003815
119;16:52:20; Temperature;20,1000003815
120;16:52:41; Temperature;20,1000003815
121;16:52:59; Temperature;20,0
122;16:53:20; Temperature;20,0
123;16:53:41; Temperature;20,0
124;16:54:00; Temperature;19,8999996185
125;16:54:21; Temperature;19,8999996185
126;16:54:42; Temperature;19,8999996185
127;16:55:00; Temperature;19,8999996185
128;16:55:22; Temperature;19,8999996185
129;16:55:43; Temperature;19,8999996185
130;16:56:01; Temperature;19,7999992371
131;16:56:22; Temperature;19,7999992371
132;16:56:48; Temperature;19,7999992371
133;16:57:02; Temperature;19,7999992371
134;16:57:23; Temperature;19,7999992371
135;16:57:49; Temperature;19,7999992371
136;16:58:02; Temperature;19,7000007629
137;16:58:24; Temperature;19,7000007629
138;16:58:50; Temperature;19,7000007629
139;16:59:03; Temperature;19,6000003815
140;16:59:24; Temperature;19,6000003815
141;16:59:50; Temperature;19,6000003815
142;17:00:04; Temperature;19,6000003815
143;17:00:25; Temperature;19,6000003815
144;17:00:53; Temperature;19,5
145;17:01:04; Temperature;19,5
146;17:01:25; Temperature;19,5
147;17:01:54; Temperature;19,5
148;17:02:05; Temperature;19,5
149;17:02:26; Temperature;19,5
150;17:02:55; Temperature;19,3999996185
151;17:03:06; Temperature;19,3999996185
152;17:03:27; Temperature;19,3999996185
153;17:03:55; Temperature;19,3999996185
154;17:04:06; Temperature;19,3999996185
155;17:04:30; Temperature;19,2999992371
156;17:04:56; Temperature;19,2999992371
157;17:05:07; Temperature;19,2999992371
158;17:05:31; Temperature;19,2999992371
159;17:05:59; Temperature;19,2999992371
160;17:06:08; Temperature;19,2999992371
161;17:06:31; Temperature;19,2000007629
162;17:07:00; Temperature;19,2000007629
163;17:07:08; Temperature;19,2000007629
164;17:07:32; Temperature;19,2000007629
165;17:08:01; Temperature;19,2000007629
166;17:08:09; Temperature;19,1000003815
167;17:08:35; Temperature;19,1000003815
168;17:09:01; Temperature;19,1000003815
169;17:09:10; Temperature;19,1000003815
170;17:09:36; Temperature;19,1000003815
171;17:10:02; Temperature;19,1000003815
172;17:10:10; Temperature;19,1000003815
173;17:10:36; Temperature;19,1000003815
174;17:11:03; Temperature;19,1000003815
175;17:11:11; Temperature;19,0
176;17:11:37; Temperature;19,0
177;17:12:03; Temperature;19,0
178;17:12:14; Temperature;19,0
179;17:12:38; Temperature;19,0
180;17:13:04; Temperature;18,8999996185
181;17:13:15; Temperature;18,8999996185
182;17:13:41; Temperature;18,8999996185
183;17:14:05; Temperature;18,8999996185
184;17:14:18; Temperature;18,8999996185
185;17:14:42; Temperature;18,8999996185
186;17:15:05; Temperature;18,8999996185
187;17:15:19; Temperature;18,8999996185
188;17:15:42; Temperature;18,7999992371
189;17:16:06; Temperature;18,7999992371
190;17:16:19; Temperature;18,7999992371
191;17:16:43; Temperature;18,7999992371
192;17:17:06; Temperature;18,7999992371
193;17:17:20; Temperature;18,7999992371
194;17:17:44; Temperature;18,7000007629
195;17:18:07; Temperature;18,7000007629
196;17:18:21; Temperature;18,7999992371
197;17:18:44; Temperature;18,7000007629
198;17:19:08; Temperature;18,7000007629
199;17:19:21; Temperature;18,7000007629
200;17:19:45; Temperature;18,7000007629
201;17:20:08; Temperature;18,7000007629
202;17:20:22; Temperature;18,6000003815
203;17:20:46; Temperature;18,6000003815
204;17:21:09; Temperature;18,6000003815
205;17:21:23; Temperature;18,6000003815
206;17:21:46; Temperature;18,6000003815
207;17:22:10; Temperature;18,6000003815
208;17:22:23; Temperature;18,5
209;17:22:47; Temperature;18,6000003815
210;17:23:10; Temperature;18,6000003815
211;17:23:24; Temperature;18,5
212;17:23:48; Temperature;18,5
213;17:24:11; Temperature;18,5
214;17:24:25; Temperature;18,5
215;17:24:48; Temperature;18,6000003815
216;17:25:12; Temperature;18,5
217;17:25:25; Temperature;18,3999996185
218;17:25:49; Temperature;18,3999996185
219;17:26:12; Temperature;18,3999996185
220;17:26:26; Temperature;18,3999996185
221;17:26:49; Temperature;18,3999996185
222;17:27:13; Temperature;18,3999996185
223;17:27:27; Temperature;18,3999996185
224;17:27:55; Temperature;18,3999996185
225;17:28:14; Temperature;18,3999996185
226;17:28:30; Temperature;18,3999996185
227;17:28:56; Temperature;18,3999996185
228;17:29:14; Temperature;18,2999992371
229;17:29:30; Temperature;18,3999996185
230;17:29:56; Temperature;18,2999992371
231;17:30:15; Temperature;18,2999992371
232;17:30:31; Temperature;18,2999992371
233;17:30:57; Temperature;18,2999992371
234;17:31:16; Temperature;18,2999992371
235;17:31:32; Temperature;18,2999992371
236;17:31:58; Temperature;18,2999992371
237;17:32:16; Temperature;18,2000007629
238;17:32:32; Temperature;18,2999992371
239;17:32:58; Temperature;18,2999992371
240;17:33:17; Temperature;18,2999992371
241;17:33:33; Temperature;18,2000007629
242;17:33:59; Temperature;18,2000007629
243;17:34:18; Temperature;18,2000007629
244;17:34:36; Temperature;18,2000007629
245;17:35:00; Temperature;18,1000003815
246;17:35:18; Temperature;18,2000007629
247;17:35:37; Temperature;18,1000003815
248;17:36:00; Temperature;18,1000003815
249;17:36:19; Temperature;18,1000003815
250;17:36:37; Temperature;18,1000003815
251;17:37:01; Temperature;18,1000003815
252;17:37:20; Temperature;18,1000003815
253;17:37:41; Temperature;18,1000003815
254;17:38:02; Temperature;18,1000003815
255;17:38:20; Temperature;18,1000003815
256;17:38:41; Temperature;18,1000003815
257;17:39:02; Temperature;18,1000003815
258;17:39:21; Temperature;18,1000003815
259;17:39:42; Temperature;18,1000003815
260;17:40:06; Temperature;18,0
261;17:40:22; Temperature;18,0
262;17:40:43; Temperature;18,0
263;17:41:06; Temperature;18,0
264;17:41:22; Temperature;18,0
265;17:41:43; Temperature;18,0
266;17:42:09; Temperature;18,0
267;17:42:23; Temperature;18,0
268;17:42:44; Temperature;18,0
269;17:43:10; Temperature;18,0
270;17:43:23; Temperature;18,0
271;17:43:45; Temperature;17,8999996185
272;17:44:11; Temperature;17,8999996185
273;17:44:24; Temperature;17,8999996185
274;17:44:48; Temperature;17,8999996185
275;17:45:11; Temperature;17,8999996185
276;17:45:25; Temperature;17,8999996185
277;17:45:48; Temperature;17,8999996185
278;17:46:12; Temperature;17,8999996185
279;17:46:25; Temperature;17,8999996185
280;17:46:49; Temperature;17,8999996185
281;17:47:13; Temperature;17,7999992371
282;17:47:29; Temperature;17,8999996185
283;17:47:50; Temperature;17,8999996185
284;17:48:13; Temperature;17,8999996185
285;17:48:29; Temperature;17,8999996185
286;17:48:50; Temperature;17,7999992371
287;17:49:14; Temperature;17,7999992371
288;17:49:30; Temperature;17,7999992371
289;17:49:51; Temperature;17,7999992371
290;17:50:15; Temperature;17,7999992371
291;17:50:31; Temperature;17,7999992371
292;17:50:54; Temperature;17,7999992371
293;17:51:15; Temperature;17,7999992371
294;17:51:31; Temperature;17,7999992371
295;17:51:55; Temperature;17,7999992371
296;17:52:16; Temperature;17,7999992371
297;17:52:37; Temperature;17,7999992371
298;17:52:56; Temperature;17,7999992371
299;17:53:17; Temperature;17,7999992371
300;17:53:38; Temperature;17,7000007629
301;17:53:56; Temperature;17,7999992371
302;17:54:17; Temperature;17,7000007629
303;17:54:38; Temperature;17,7000007629
304;17:54:57; Temperature;17,7000007629
305;17:55:18; Temperature;17,7000007629
306;17:55:39; Temperature;17,7000007629
307;17:55:58; Temperature;17,7000007629
308;17:56:19; Temperature;17,7000007629
309;17:56:40; Temperature;17,7000007629
310;17:56:58; Temperature;17,7000007629
311;17:57:19; Temperature;17,7000007629
312;17:57:43; Temperature;17,7000007629
313;17:57:59; Temperature;17,6000003815
314;17:58:20; Temperature;17,7000007629
315;17:58:48; Temperature;17,6000003815
316;17:59:00; Temperature;17,6000003815
317;17:59:21; Temperature;17,6000003815
318;17:59:49; Temperature;17,6000003815
319;18:00:03; Temperature;17,6000003815
320;18:00:21; Temperature;17,6000003815
321;18:00:50; Temperature;17,6000003815
322;18:01:03; Temperature;17,6000003815
323;18:01:22; Temperature;17,6000003815
324;18:01:50; Temperature;17,5
325;18:02:04; Temperature;17,6000003815
326;18:02:23; Temperature;17,6000003815
327;18:02:51; Temperature;17,5
328;18:03:05; Temperature;17,5
329;18:03:23; Temperature;17,5
330;18:03:52; Temperature;17,5
331;18:04:05; Temperature;17,5
332;18:04:24; Temperature;17,5
333;18:04:55; Temperature;17,5
334;18:05:06; Temperature;17,3999996185
335;18:05:27; Temperature;17,5
336;18:05:56; Temperature;17,5
337;18:06:07; Temperature;17,5
338;18:06:28; Temperature;17,5
339;18:06:56; Temperature;17,5
340;18:07:07; Temperature;17,3999996185
341;18:07:28; Temperature;17,3999996185
342;18:07:57; Temperature;17,3999996185
343;18:08:08; Temperature;17,5
344;18:08:29; Temperature;17,3999996185
345;18:08:57; Temperature;17,3999996185
346;18:09:08; Temperature;17,3999996185
347;18:09:32; Temperature;17,3999996185
348;18:09:58; Temperature;17,2999992371
349;18:10:09; Temperature;17,3999996185
350;18:10:33; Temperature;17,3999996185
351;18:10:59; Temperature;17,3999996185
352;18:11:12; Temperature;17,2999992371
353;18:11:36; Temperature;17,2999992371
354;18:11:59; Temperature;17,2999992371
355;18:12:13; Temperature;17,2999992371
356;18:12:37; Temperature;17,2999992371
357;18:13:00; Temperature;17,2999992371
358;18:13:14; Temperature;17,2999992371
359;18:13:37; Temperature;17,2999992371
360;18:14:01; Temperature;17,2999992371
361;18:14:14; Temperature;17,2999992371
362;18:14:38; Temperature;17,2000007629
363;18:15:01; Temperature;17,2999992371
364;18:15:17; Temperature;17,2999992371
365;18:15:39; Temperature;17,2000007629
366;18:16:02; Temperature;17,2000007629
367;18:16:18; Temperature;17,2000007629
368;18:16:39; Temperature;17,2000007629
369;18:17:03; Temperature;17,2000007629
370;18:17:21; Temperature;17,2000007629
371;18:17:40; Temperature;17,2000007629
372;18:18:03; Temperature;17,2000007629
373;18:18:22; Temperature;17,2000007629
374;18:18:41; Temperature;17,2000007629
375;18:19:04; Temperature;17,1000003815
376;18:19:23; Temperature;17,2000007629
377;18:19:41; Temperature;17,1000003815
378;18:20:05; Temperature;17,1000003815
379;18:20:26; Temperature;17,1000003815
380;18:20:42; Temperature;17,1000003815
381;18:21:05; Temperature;17,1000003815
382;18:21:29; Temperature;17,0
383;18:21:43; Temperature;17,1000003815
384;18:22:06; Temperature;17,0
385;18:22:30; Temperature;17,0
386;18:22:43; Temperature;17,1000003815
387;18:23:07; Temperature;17,0
388;18:23:30; Temperature;17,0
389;18:23:44; Temperature;17,0
390;18:24:07; Temperature;17,0
391;18:24:31; Temperature;17,0
392;18:24:45; Temperature;17,0
393;18:25:08; Temperature;17,0
394;18:25:32; Temperature;16,8999996185
395;18:25:45; Temperature;16,8999996185
396;18:26:09; Temperature;16,8999996185
397;18:26:32; Temperature;16,8999996185
398;18:26:46; Temperature;16,8999996185
399;18:27:09; Temperature;16,8999996185
400;18:27:33; Temperature;16,8999996185
401;18:27:47; Temperature;16,8999996185
402;18:28:10; Temperature;16,8999996185
403;18:28:33; Temperature;16,8999996185
404;18:28:47; Temperature;16,7999992371
405;18:29:11; Temperature;16,7999992371
406;18:29:34; Temperature;16,8999996185
407;18:29:50; Temperature;16,7999992371
408;18:30:11; Temperature;16,7999992371
409;18:30:35; Temperature;16,7999992371
410;18:30:51; Temperature;16,8999996185
411;18:31:12; Temperature;16,7999992371
412;18:31:35; Temperature;16,7999992371
413;18:31:52; Temperature;16,7999992371
414;18:32:12; Temperature;16,7999992371
415;18:32:36; Temperature;16,7999992371
416;18:32:52; Temperature;16,7999992371
417;18:33:13; Temperature;16,7999992371
418;18:33:37; Temperature;16,7000007629
419;18:33:53; Temperature;16,7000007629
420;18:34:14; Temperature;16,7000007629
421;18:34:37; Temperature;16,7000007629
422;18:34:56; Temperature;16,7000007629
423;18:35:14; Temperature;16,7000007629
424;18:35:41; Temperature;16,7000007629
425;18:35:57; Temperature;16,7000007629
426;18:36:15; Temperature;16,7000007629
427;18:36:41; Temperature;16,7000007629
428;18:36:58; Temperature;16,7000007629
429;18:37:16; Temperature;16,6000003815
430;18:37:42; Temperature;16,7000007629
431;18:37:58; Temperature;16,6000003815
432;18:38:16; Temperature;16,6000003815
433;18:38:43; Temperature;16,6000003815
434;18:38:59; Temperature;16,6000003815
435;18:39:17; Temperature;16,6000003815
436;18:39:43; Temperature;16,6000003815
437;18:39:59; Temperature;16,5
438;18:40:18; Temperature;16,6000003815
439;18:40:44; Temperature;16,5
440;18:41:00; Temperature;16,5
441;18:41:18; Temperature;16,6000003815
442;18:41:45; Temperature;16,5
443;18:42:01; Temperature;16,5
444;18:42:19; Temperature;16,5
445;18:42:45; Temperature;16,5
446;18:43:01; Temperature;16,5
447;18:43:20; Temperature;16,5
448;18:43:46; Temperature;16,5
449;18:44:02; Temperature;16,5
450;18:44:20; Temperature;16,5
451;18:44:47; Temperature;16,3999996185
452;18:45:03; Temperature;16,5
453;18:45:24; Temperature;16,3999996185
454;18:45:47; Temperature;16,3999996185
455;18:46:03; Temperature;16,3999996185
456;18:46:24; Temperature;16,3999996185
457;18:46:48; Temperature;16,3999996185
458;18:47:04; Temperature;16,3999996185
459;18:47:25; Temperature;16,3999996185
460;18:47:48; Temperature;16,3999996185
461;18:48:10; Temperature;16,2999992371
462;18:48:26; Temperature;16,3999996185
463;18:48:52; Temperature;16,2999992371
464;18:49:10; Temperature;16,2999992371
465;18:49:29; Temperature;16,2999992371
466;18:49:52; Temperature;16,2999992371
467;18:50:14; Temperature;16,2999992371
468;18:50:29; Temperature;16,2999992371
469;18:50:53; Temperature;16,2999992371
470;18:51:14; Temperature;16,2999992371
471;18:51:30; Temperature;16,2999992371
472;18:51:54; Temperature;16,2000007629
473;18:52:15; Temperature;16,2999992371
474;18:52:31; Temperature;16,2000007629
475;18:52:54; Temperature;16,2000007629
476;18:53:16; Temperature;16,2000007629
477;18:53:31; Temperature;16,2000007629
478;18:53:55; Temperature;16,2000007629
479;18:54:16; Temperature;16,2000007629
480;18:54:32; Temperature;16,2000007629
481;18:54:56; Temperature;16,2000007629
482;18:55:17; Temperature;16,2000007629
483;18:55:33; Temperature;16,2000007629
484;18:55:56; Temperature;16,2000007629
485;18:56:18; Temperature;16,1000003815
486;18:56:33; Temperature;16,1000003815
487;18:56:57; Temperature;16,1000003815
488;18:57:18; Temperature;16,1000003815
489;18:57:34; Temperature;16,1000003815
490;18:57:58; Temperature;16,1000003815
491;18:58:19; Temperature;16,1000003815
492;18:58:37; Temperature;16,0
493;18:58:58; Temperature;16,0
494;18:59:20; Temperature;16,1000003815
495;18:59:38; Temperature;16,0
496;18:59:59; Temperature;16,1000003815
497;19:00:20; Temperature;16,0
498;19:00:38; Temperature;16,0
499;19:01:00; Temperature;16,0
500;19:01:23; Temperature;16,0
501;19:01:39; Temperature;16,0
502;19:02:00; Temperature;16,0
503;19:02:24; Temperature;16,0
504;19:02:40; Temperature;16,0
505;19:03:01; Temperature;15,899999618499999
506;19:03:25; Temperature;15,899999618499999
507;19:03:45; Temperature;15,899999618499999
508;19:04:04; Temperature;15,899999618499999
509;19:04:25; Temperature;15,899999618499999
510;19:04:46; Temperature;15,899999618499999
511;19:05:05; Temperature;15,899999618499999
512;19:05:26; Temperature;15,899999618499999
513;19:05:47; Temperature;15,899999618499999
514;19:06:08; Temperature;15,800000190699999
515;19:06:27; Temperature;15,899999618499999
516;19:06:47; Temperature;15,800000190699999
517;19:07:09; Temperature;15,800000190699999
518;19:07:27; Temperature;15,800000190699999
519;19:07:48; Temperature;15,800000190699999
520;19:08:09; Temperature;15,800000190699999
521;19:08:28; Temperature;15,800000190699999
522;19:08:49; Temperature;15,800000190699999
523;19:09:10; Temperature;15,800000190699999
524;19:09:29; Temperature;15,800000190699999
525;19:09:49; Temperature;15,800000190699999
526;19:10:11; Temperature;15,800000190699999
527;19:10:29; Temperature;15,699999809300001
528;19:10:50; Temperature;15,699999809300001
529;19:11:11; Temperature;15,699999809300001
530;19:11:30; Temperature;15,699999809300001
531;19:11:51; Temperature;15,699999809300001
532;19:12:12; Temperature;15,699999809300001
533;19:12:31; Temperature;15,699999809300001
534;19:12:51; Temperature;15,699999809300001
535;19:13:12; Temperature;15,699999809300001
536;19:13:31; Temperature;15,699999809300001
537;19:13:55; Temperature;15,699999809300001
538;19:14:16; Temperature;15,699999809300001
539;19:14:32; Temperature;15,600000381500001
540;19:14:55; Temperature;15,600000381500001
541;19:15:16; Temperature;15,600000381500001
542;19:15:33; Temperature;15,600000381500001
543;19:15:56; Temperature;15,600000381500001
544;19:16:27; Temperature;15,600000381500001
545;19:16:33; Temperature;15,600000381500001
546;19:16:57; Temperature;15,600000381500001
547;19:17:30; Temperature;15,600000381500001
548;19:17:34; Temperature;15,600000381500001
549;19:17:57; Temperature;15,600000381500001
550;19:18:31; Temperature;15,600000381500001
551;19:18:35; Temperature;15,600000381500001
552;19:19:03; Temperature;15,5
553;19:19:31; Temperature;15,5
554;19:19:35; Temperature;15,5
555;19:20:04; Temperature;15,600000381500001
556;19:20:32; Temperature;15,600000381500001
557;19:20:36; Temperature;15,5
558;19:21:04; Temperature;15,5
559;19:21:33; Temperature;15,5
560;19:21:37; Temperature;15,5
561;19:22:05; Temperature;15,5
562;19:22:33; Temperature;15,5
563;19:22:37; Temperature;15,5
564;19:23:08; Temperature;15,5
565;19:23:34; Temperature;15,5
566;19:23:38; Temperature;15,5
567;19:24:09; Temperature;15,5
568;19:24:35; Temperature;15,399999618499999
569;19:24:39; Temperature;15,399999618499999
570;19:25:09; Temperature;15,5
571;19:25:35; Temperature;15,399999618499999
572;19:25:39; Temperature;15,399999618499999
573;19:26:10; Temperature;15,399999618499999
574;19:26:36; Temperature;15,399999618499999
575;19:26:40; Temperature;15,399999618499999
576;19:27:11; Temperature;15,399999618499999
577;19:27:37; Temperature;15,399999618499999
578;19:27:40; Temperature;15,399999618499999
579;19:28:11; Temperature;15,399999618499999
580;19:28:37; Temperature;15,399999618499999
581;19:28:41; Temperature;15,399999618499999
582;19:29:12; Temperature;15,399999618499999
583;19:29:38; Temperature;15,399999618499999
584;19:29:42; Temperature;15,300000190699999
585;19:30:13; Temperature;15,300000190699999
586;19:30:39; Temperature;15,399999618499999
587;19:30:42; Temperature;15,300000190699999
588;19:31:16; Temperature;15,300000190699999
589;19:31:42; Temperature;15,300000190699999
590;19:31:46; Temperature;15,300000190699999
591;19:32:17; Temperature;15,300000190699999
592;19:32:43; Temperature;15,300000190699999
593;19:32:46; Temperature;15,300000190699999
594;19:33:20; Temperature;15,300000190699999
595;19:33:43; Temperature;15,300000190699999
596;19:33:47; Temperature;15,300000190699999
597;19:34:20; Temperature;15,300000190699999
598;19:34:44; Temperature;15,199999809300001
599;19:34:47; Temperature;15,199999809300001
600;19:35:21; Temperature;15,199999809300001
601;19:35:45; Temperature;15,199999809300001
602;19:35:48; Temperature;15,199999809300001
603;19:36:22; Temperature;15,199999809300001
604;19:36:48; Temperature;15,199999809300001
605;19:36:49; Temperature;15,199999809300001
606;19:37:22; Temperature;15,199999809300001
607;19:37:48; Temperature;15,199999809300001
608;19:37:49; Temperature;15,199999809300001
609;19:38:23; Temperature;15,100000381500001
610;19:38:49; Temperature;15,199999809300001
611;19:38:50; Temperature;15,100000381500001
612;19:39:24; Temperature;15,100000381500001
613;19:39:50; Temperature;15,100000381500001
614;19:39:51; Temperature;15,100000381500001
615;19:40:24; Temperature;15,100000381500001
616;19:40:50; Temperature;15,100000381500001
617;19:40:51; Temperature;15,100000381500001
618;19:41:25; Temperature;15,100000381500001
619;19:41:51; Temperature;15,100000381500001
620;19:41:52; Temperature;15,100000381500001
621;19:42:26; Temperature;15,100000381500001
622;19:42:52; Temperature;15,100000381500001
623;19:42:53; Temperature;15,0
624;19:43:26; Temperature;15,0
625;19:43:52; Temperature;15,0
626;19:43:53; Temperature;15,0
627;19:44:27; Temperature;15,0
628;19:44:53; Temperature;15,0
629;19:44:54; Temperature;15,0
630;19:45:28; Temperature;15,0
631;19:45:54; Temperature;15,0
632;19:45:55; Temperature;15,0
633;19:46:28; Temperature;14,899999618499999
634;19:46:54; Temperature;14,899999618499999
635;19:46:55; Temperature;14,899999618499999
636;19:47:29; Temperature;14,899999618499999
637;19:47:56; Temperature;14,899999618499999
638;19:48:00; Temperature;14,899999618499999
639;19:48:30; Temperature;14,899999618499999
640;19:48:59; Temperature;14,899999618499999
641;19:49:01; Temperature;14,899999618499999
642;19:49:30; Temperature;14,899999618499999
643;19:50:01; Temperature;14,800000190699999
644;19:50:02; Temperature;14,800000190699999
645;19:50:31; Temperature;14,800000190699999
646;19:51:02; Temperature;14,800000190699999
647;19:51:03; Temperature;14,800000190699999
648;19:51:32; Temperature;14,800000190699999
649;19:52:03; Temperature;14,800000190699999
650;19:52:04; Temperature;14,800000190699999
651;19:52:32; Temperature;14,800000190699999
652;19:53:03; Temperature;14,800000190699999
653;19:53:04; Temperature;14,800000190699999
654;19:53:33; Temperature;14,800000190699999
655;19:54:04; Temperature;14,800000190699999
656;19:54:08; Temperature;14,800000190699999
657;19:54:34; Temperature;14,699999809300001
658;19:55:05; Temperature;14,800000190699999
659;19:55:08; Temperature;14,800000190699999
660;19:55:34; Temperature;14,699999809300001
661;19:56:05; Temperature;14,699999809300001
662;19:56:11; Temperature;14,699999809300001
663;19:56:35; Temperature;14,699999809300001
664;19:57:06; Temperature;14,699999809300001
665;19:57:15; Temperature;14,699999809300001
666;19:57:36; Temperature;14,699999809300001
667;19:58:07; Temperature;14,699999809300001
668;19:58:15; Temperature;14,600000381500001
669;19:58:36; Temperature;14,600000381500001
670;19:59:07; Temperature;14,699999809300001
671;19:59:16; Temperature;14,600000381500001
672;19:59:37; Temperature;14,600000381500001
673;20:00:08; Temperature;14,699999809300001
674;20:00:16; Temperature;14,600000381500001
675;20:00:38; Temperature;14,600000381500001
676;20:01:09; Temperature;14,600000381500001
677;20:01:17; Temperature;14,600000381500001
678;20:01:38; Temperature;14,600000381500001
679;20:02:09; Temperature;14,600000381500001
680;20:02:18; Temperature;14,600000381500001
681;20:02:39; Temperature;14,5
682;20:03:10; Temperature;14,5
683;20:03:18; Temperature;14,5
684;20:03:40; Temperature;14,5
685;20:04:10; Temperature;14,5
686;20:04:19; Temperature;14,5
687;20:04:40; Temperature;14,5
688;20:05:11; Temperature;14,5
689;20:05:20; Temperature;14,5
690;20:05:41; Temperature;14,5
691;20:06:12; Temperature;14,399999618499999
692;20:06:20; Temperature;14,5
693;20:06:42; Temperature;14,5
694;20:07:12; Temperature;14,5
695;20:07:21; Temperature;14,399999618499999
696;20:07:42; Temperature;14,399999618499999
697;20:08:13; Temperature;14,399999618499999
698;20:08:22; Temperature;14,399999618499999
699;20:08:43; Temperature;14,399999618499999
700;20:09:14; Temperature;14,399999618499999
701;20:09:25; Temperature;14,399999618499999
702;20:09:44; Temperature;14,300000190699999
703;20:10:14; Temperature;14,399999618499999
704;20:10:25; Temperature;14,399999618499999
705;20:10:44; Temperature;14,300000190699999
706;20:11:15; Temperature;14,300000190699999
707;20:11:29; Temperature;14,399999618499999
708;20:11:47; Temperature;14,300000190699999
709;20:12:16; Temperature;14,300000190699999
710;20:12:29; Temperature;14,300000190699999
711;20:12:48; Temperature;14,300000190699999
712;20:13:16; Temperature;14,300000190699999
713;20:13:30; Temperature;14,300000190699999
714;20:13:49; Temperature;14,300000190699999
715;20:14:17; Temperature;14,300000190699999
716;20:14:31; Temperature;14,300000190699999
717;20:14:49; Temperature;14,199999809300001
718;20:15:18; Temperature;14,199999809300001
719;20:15:31; Temperature;14,199999809300001
720;20:15:50; Temperature;14,199999809300001
721;20:16:18; Temperature;14,199999809300001
722;20:16:32; Temperature;14,199999809300001
723;20:16:51; Temperature;14,199999809300001
724;20:17:19; Temperature;14,199999809300001
725;20:17:33; Temperature;14,199999809300001
726;20:17:51; Temperature;14,199999809300001
727;20:18:20; Temperature;14,100000381500001
728;20:18:36; Temperature;14,100000381500001
729;20:18:52; Temperature;14,100000381500001
730;20:19:20; Temperature;14,100000381500001
731;20:19:36; Temperature;14,100000381500001
732;20:19:53; Temperature;14,100000381500001
733;20:20:21; Temperature;14,100000381500001
734;20:20:37; Temperature;14,100000381500001
735;20:20:53; Temperature;14,100000381500001
736;20:21:22; Temperature;14,100000381500001
737;20:21:38; Temperature;14,100000381500001
738;20:21:54; Temperature;14,0
739;20:22:22; Temperature;14,0
740;20:22:38; Temperature;14,100000381500001
741;20:22:57; Temperature;14,0
742;20:23:23; Temperature;14,0
743;20:23:39; Temperature;14,0
744;20:24:00; Temperature;14,0
745;20:24:24; Temperature;14,0
746;20:24:42; Temperature;14,0
747;20:25:01; Temperature;14,0
748;20:25:24; Temperature;14,0
749;20:25:43; Temperature;13,899999618499999
750;20:26:04; Temperature;14,0
751;20:26:25; Temperature;13,899999618499999
752;20:26:44; Temperature;13,899999618499999
753;20:27:05; Temperature;13,899999618499999
754;20:27:31; Temperature;13,899999618499999
755;20:27:44; Temperature;13,899999618499999
756;20:28:05; Temperature;13,899999618499999
757;20:28:31; Temperature;13,899999618499999
758;20:28:45; Temperature;13,899999618499999
759;20:29:06; Temperature;13,899999618499999
760;20:29:32; Temperature;13,899999618499999
761;20:29:46; Temperature;13,899999618499999
762;20:30:07; Temperature;13,899999618499999
763;20:30:38; Temperature;13,800000190699999
764;20:30:46; Temperature;13,800000190699999
765;20:31:10; Temperature;13,800000190699999
766;20:31:38; Temperature;13,800000190699999
767;20:31:47; Temperature;13,800000190699999
768;20:32:11; Temperature;13,800000190699999
769;20:32:39; Temperature;13,800000190699999
770;20:32:47; Temperature;13,800000190699999
771;20:33:11; Temperature;13,800000190699999
772;20:33:40; Temperature;13,800000190699999
773;20:33:48; Temperature;13,800000190699999
774;20:34:12; Temperature;13,699999809300001
775;20:34:40; Temperature;13,699999809300001
776;20:34:49; Temperature;13,800000190699999
777;20:35:13; Temperature;13,699999809300001
778;20:35:41; Temperature;13,699999809300001
779;20:35:49; Temperature;13,699999809300001
780;20:36:13; Temperature;13,699999809300001
781;20:36:41; Temperature;13,699999809300001
782;20:36:53; Temperature;13,699999809300001
783;20:37:14; Temperature;13,699999809300001
784;20:37:42; Temperature;13,699999809300001
785;20:37:53; Temperature;13,600000381500001
786;20:38:15; Temperature;13,600000381500001
787;20:38:45; Temperature;13,600000381500001
788;20:38:54; Temperature;13,600000381500001
789;20:39:18; Temperature;13,600000381500001
790;20:39:46; Temperature;13,600000381500001
791;20:39:55; Temperature;13,600000381500001
792;20:40:18; Temperature;13,600000381500001
793;20:40:47; Temperature;13,600000381500001
794;20:40:55; Temperature;13,600000381500001
795;20:41:22; Temperature;13,600000381500001
796;20:41:50; Temperature;13,5
797;20:41:56; Temperature;13,5
798;20:42:22; Temperature;13,5
799;20:42:53; Temperature;13,5
800;20:42:57; Temperature;13,5
801;20:43:23; Temperature;13,5
802;20:43:54; Temperature;13,399999618499999
803;20:43:57; Temperature;13,5
804;20:44:23; Temperature;13,5
805;20:44:57; Temperature;13,5
806;20:44:58; Temperature;13,399999618499999
807;20:45:24; Temperature;13,5
808;20:45:57; Temperature;13,399999618499999
809;20:45:58; Temperature;13,399999618499999
810;20:46:25; Temperature;13,399999618499999
811;20:46:58; Temperature;13,399999618499999
812;20:46:59; Temperature;13,399999618499999
813;20:47:25; Temperature;13,399999618499999
814;20:47:59; Temperature;13,399999618499999
815;20:48:00; Temperature;13,399999618499999
816;20:48:26; Temperature;13,399999618499999
817;20:48:59; Temperature;13,399999618499999
818;20:49:00; Temperature;13,399999618499999
819;20:49:27; Temperature;13,399999618499999
820;16:11:52; Humidity;14,899999618499999
821;16:12:25; Humidity;14,899999618499999
822;16:12:52; Humidity;14,899999618499999
823;16:12:52; Humidity;14,899999618499999
824;16:13:26; Humidity;14,899999618499999
825;16:13:52; Humidity;14,899999618499999
826;16:13:53; Humidity;14,899999618499999
827;16:14:27; Humidity;14,899999618499999
828;16:14:53; Humidity;14,899999618499999
829;16:14:54; Humidity;15,0
830;16:15:27; Humidity;14,899999618499999
831;16:15:54; Humidity;15,0
832;16:15:54; Humidity;15,0
833;16:16:28; Humidity;15,0
834;16:16:54; Humidity;15,0
835;16:17:00; Humidity;15,0
836;16:17:31; Humidity;14,899999618499999
837;16:17:57; Humidity;14,800000190699999
838;16:18:01; Humidity;14,800000190699999
839;16:18:32; Humidity;14,800000190699999
840;16:18:58; Humidity;14,800000190699999
841;16:19:01; Humidity;14,699999809300001
842;16:19:32; Humidity;14,699999809300001
843;16:19:59; Humidity;14,699999809300001
844;16:20:02; Humidity;14,699999809300001
845;16:20:33; Humidity;14,699999809300001
846;16:20:59; Humidity;14,699999809300001
847;16:21:03; Humidity;14,699999809300001
848;16:21:34; Humidity;14,699999809300001
849;16:22:00; Humidity;14,699999809300001
850;16:22:08; Humidity;14,800000190699999
851;16:22:34; Humidity;14,800000190699999
852;16:23:01; Humidity;14,800000190699999
853;16:23:09; Humidity;14,899999618499999
854;16:23:35; Humidity;14,899999618499999
855;16:24:01; Humidity;14,899999618499999
856;16:24:10; Humidity;14,800000190699999
857;16:24:36; Humidity;14,800000190699999
858;16:25:02; Humidity;14,800000190699999
859;16:25:10; Humidity;14,899999618499999
860;16:25:39; Humidity;14,800000190699999
861;16:26:03; Humidity;14,899999618499999
862;16:26:13; Humidity;14,800000190699999
863;16:26:40; Humidity;14,800000190699999
864;16:27:03; Humidity;14,800000190699999
865;16:27:14; Humidity;14,800000190699999
866;16:27:40; Humidity;14,899999618499999
867;16:28:04; Humidity;14,800000190699999
868;16:28:17; Humidity;14,899999618499999
869;16:28:41; Humidity;14,800000190699999
870;16:29:05; Humidity;14,800000190699999
871;16:29:18; Humidity;14,899999618499999
872;16:29:42; Humidity;14,899999618499999
873;16:30:05; Humidity;14,800000190699999
874;16:30:21; Humidity;14,800000190699999
875;16:30:42; Humidity;14,800000190699999
876;16:31:06; Humidity;14,800000190699999
877;16:31:22; Humidity;14,899999618499999
878;16:31:43; Humidity;14,899999618499999
879;16:32:07; Humidity;14,899999618499999
880;16:32:22; Humidity;14,899999618499999
881;16:32:44; Humidity;14,899999618499999
882;16:33:07; Humidity;14,899999618499999
883;16:33:23; Humidity;14,899999618499999
884;16:33:44; Humidity;14,899999618499999
885;16:34:08; Humidity;15,0
886;16:34:24; Humidity;15,0
887;16:34:45; Humidity;15,0
888;16:35:08; Humidity;15,0
889;16:35:24; Humidity;15,0
890;16:35:48; Humidity;14,899999618499999
891;16:36:09; Humidity;15,0
892;16:36:25; Humidity;15,0
893;16:36:49; Humidity;15,0
894;16:37:10; Humidity;15,0
895;16:37:28; Humidity;15,0
896;16:37:49; Humidity;15,0
897;16:38:10; Humidity;15,0
898;16:38:29; Humidity;14,899999618499999
899;16:38:50; Humidity;14,899999618499999
900;16:39:11; Humidity;15,0
901;16:39:29; Humidity;14,899999618499999
902;16:39:51; Humidity;15,0
903;16:40:12; Humidity;15,0
904;16:40:30; Humidity;15,0
905;16:40:51; Humidity;15,0
906;16:41:12; Humidity;15,0
907;16:41:31; Humidity;15,100000381500001
908;16:41:52; Humidity;15,100000381500001
909;16:42:13; Humidity;15,100000381500001
910;16:42:31; Humidity;15,100000381500001
911;16:42:53; Humidity;15,100000381500001
912;16:43:14; Humidity;15,100000381500001
913;16:43:32; Humidity;15,100000381500001
914;16:43:53; Humidity;15,100000381500001
915;16:44:14; Humidity;15,100000381500001
916;16:44:33; Humidity;15,100000381500001
917;16:44:54; Humidity;15,100000381500001
918;16:45:15; Humidity;15,199999809300001
919;16:45:33; Humidity;15,199999809300001
920;16:45:55; Humidity;15,199999809300001
921;16:46:16; Humidity;15,199999809300001
922;16:46:37; Humidity;15,199999809300001
923;16:46:55; Humidity;15,199999809300001
924;16:47:16; Humidity;15,199999809300001
925;16:47:37; Humidity;15,300000190699999
926;16:47:56; Humidity;15,300000190699999
927;16:48:17; Humidity;15,300000190699999
928;16:48:38; Humidity;15,300000190699999
929;16:48:57; Humidity;15,300000190699999
930;16:49:18; Humidity;15,399999618499999
931;16:49:39; Humidity;15,399999618499999
932;16:49:57; Humidity;15,300000190699999
933;16:50:18; Humidity;15,399999618499999
934;16:50:39; Humidity;15,399999618499999
935;16:50:58; Humidity;15,399999618499999
936;16:51:19; Humidity;15,399999618499999
937;16:51:40; Humidity;15,399999618499999
938;16:51:59; Humidity;15,399999618499999
939;16:52:20; Humidity;15,399999618499999
940;16:52:41; Humidity;15,5
941;16:52:59; Humidity;15,5
942;16:53:20; Humidity;15,5
943;16:53:41; Humidity;15,600000381500001
944;16:54:00; Humidity;15,399999618499999
945;16:54:21; Humidity;15,5
946;16:54:42; Humidity;15,5
947;16:55:00; Humidity;15,5
948;16:55:22; Humidity;15,600000381500001
949;16:55:43; Humidity;15,600000381500001
950;16:56:01; Humidity;15,5
951;16:56:22; Humidity;15,5
952;16:56:48; Humidity;15,600000381500001
953;16:57:02; Humidity;15,600000381500001
954;16:57:23; Humidity;15,600000381500001
955;16:57:49; Humidity;15,699999809300001
956;16:58:02; Humidity;15,600000381500001
957;16:58:24; Humidity;15,600000381500001
958;16:58:50; Humidity;15,600000381500001
959;16:59:03; Humidity;15,600000381500001
960;16:59:24; Humidity;15,600000381500001
961;16:59:50; Humidity;15,600000381500001
962;17:00:04; Humidity;15,600000381500001
963;17:00:25; Humidity;15,699999809300001
964;17:00:53; Humidity;15,600000381500001
965;17:01:04; Humidity;15,600000381500001
966;17:01:25; Humidity;15,600000381500001
967;17:01:54; Humidity;15,699999809300001
968;17:02:05; Humidity;15,699999809300001
969;17:02:26; Humidity;15,699999809300001
970;17:02:55; Humidity;15,699999809300001
971;17:03:06; Humidity;15,699999809300001
972;17:03:27; Humidity;15,699999809300001
973;17:03:55; Humidity;15,699999809300001
974;17:04:06; Humidity;15,800000190699999
975;17:04:30; Humidity;15,699999809300001
976;17:04:56; Humidity;15,699999809300001
977;17:05:07; Humidity;15,800000190699999
978;17:05:31; Humidity;15,800000190699999
979;17:05:59; Humidity;15,800000190699999
980;17:06:08; Humidity;15,800000190699999
981;17:06:31; Humidity;15,800000190699999
982;17:07:00; Humidity;15,800000190699999
983;17:07:08; Humidity;15,800000190699999
984;17:07:32; Humidity;15,800000190699999
985;17:08:01; Humidity;15,899999618499999
986;17:08:09; Humidity;15,800000190699999
987;17:08:35; Humidity;15,800000190699999
988;17:09:01; Humidity;15,800000190699999
989;17:09:10; Humidity;15,899999618499999
990;17:09:36; Humidity;15,899999618499999
991;17:10:02; Humidity;16,0
992;17:10:10; Humidity;16,0
993;17:10:36; Humidity;16,0
994;17:11:03; Humidity;16,0
995;17:11:11; Humidity;16,0
996;17:11:37; Humidity;16,0
997;17:12:03; Humidity;16,0
998;17:12:14; Humidity;16,0
999;17:12:38; Humidity;16,0
1000;17:13:04; Humidity;16,0
1001;17:13:15; Humidity;16,0
1002;17:13:41; Humidity;16,0
1003;17:14:05; Humidity;16,0
1004;17:14:18; Humidity;16,1000003815
1005;17:14:42; Humidity;16,1000003815
1006;17:15:05; Humidity;16,1000003815
1007;17:15:19; Humidity;16,1000003815
1008;17:15:42; Humidity;16,1000003815
1009;17:16:06; Humidity;16,1000003815
1010;17:16:19; Humidity;16,1000003815
1011;17:16:43; Humidity;16,1000003815
1012;17:17:06; Humidity;16,1000003815
1013;17:17:20; Humidity;16,1000003815
1014;17:17:44; Humidity;16,1000003815
1015;17:18:07; Humidity;16,1000003815
1016;17:18:21; Humidity;16,2000007629
1017;17:18:44; Humidity;16,1000003815
1018;17:19:08; Humidity;16,2000007629
1019;17:19:21; Humidity;16,2000007629
1020;17:19:45; Humidity;16,2000007629
1021;17:20:08; Humidity;16,2000007629
1022;17:20:22; Humidity;16,2000007629
1023;17:20:46; Humidity;16,2000007629
1024;17:21:09; Humidity;16,2000007629
1025;17:21:23; Humidity;16,2000007629
1026;17:21:46; Humidity;16,2000007629
1027;17:22:10; Humidity;16,2999992371
1028;17:22:23; Humidity;16,2000007629
1029;17:22:47; Humidity;16,2999992371
1030;17:23:10; Humidity;16,2999992371
1031;17:23:24; Humidity;16,2999992371
1032;17:23:48; Humidity;16,2999992371
1033;17:24:11; Humidity;16,3999996185
1034;17:24:25; Humidity;16,2999992371
1035;17:24:48; Humidity;16,3999996185
1036;17:25:12; Humidity;16,3999996185
1037;17:25:25; Humidity;16,2999992371
1038;17:25:49; Humidity;16,2999992371
1039;17:26:12; Humidity;16,2999992371
1040;17:26:26; Humidity;16,3999996185
1041;17:26:49; Humidity;16,3999996185
1042;17:27:13; Humidity;16,5
1043;17:27:27; Humidity;16,5
1044;17:27:55; Humidity;16,5
1045;17:28:14; Humidity;16,5
1046;17:28:30; Humidity;16,6000003815
1047;17:28:56; Humidity;16,5
1048;17:29:14; Humidity;16,5
1049;17:29:30; Humidity;16,6000003815
1050;17:29:56; Humidity;16,5
1051;17:30:15; Humidity;16,5
1052;17:30:31; Humidity;16,5
1053;17:30:57; Humidity;16,6000003815
1054;17:31:16; Humidity;16,6000003815
1055;17:31:32; Humidity;16,6000003815
1056;17:31:58; Humidity;16,6000003815
1057;17:32:16; Humidity;16,6000003815
1058;17:32:32; Humidity;16,6000003815
1059;17:32:58; Humidity;16,6000003815
1060;17:33:17; Humidity;16,6000003815
1061;17:33:33; Humidity;16,6000003815
1062;17:33:59; Humidity;16,6000003815
1063;17:34:18; Humidity;16,6000003815
1064;17:34:36; Humidity;16,6000003815
1065;17:35:00; Humidity;16,5
1066;17:35:18; Humidity;16,6000003815
1067;17:35:37; Humidity;16,6000003815
1068;17:36:00; Humidity;16,6000003815
1069;17:36:19; Humidity;16,6000003815
1070;17:36:37; Humidity;16,7000007629
1071;17:37:01; Humidity;16,7000007629
1072;17:37:20; Humidity;16,7000007629
1073;17:37:41; Humidity;16,7000007629
1074;17:38:02; Humidity;16,7000007629
1075;17:38:20; Humidity;16,7000007629
1076;17:38:41; Humidity;16,7999992371
1077;17:39:02; Humidity;16,7999992371
1078;17:39:21; Humidity;16,7999992371
1079;17:39:42; Humidity;16,7999992371
1080;17:40:06; Humidity;16,7999992371
1081;17:40:22; Humidity;16,7999992371
1082;17:40:43; Humidity;16,7999992371
1083;17:41:06; Humidity;16,7999992371
1084;17:41:22; Humidity;16,7999992371
1085;17:41:43; Humidity;16,7999992371
1086;17:42:09; Humidity;16,8999996185
1087;17:42:23; Humidity;16,8999996185
1088;17:42:44; Humidity;16,8999996185
1089;17:43:10; Humidity;16,8999996185
1090;17:43:23; Humidity;16,8999996185
1091;17:43:45; Humidity;16,8999996185
1092;17:44:11; Humidity;16,8999996185
1093;17:44:24; Humidity;17,0
1094;17:44:48; Humidity;17,0
1095;17:45:11; Humidity;17,0
1096;17:45:25; Humidity;17,0
1097;17:45:48; Humidity;17,1000003815
1098;17:46:12; Humidity;17,1000003815
1099;17:46:25; Humidity;17,1000003815
1100;17:46:49; Humidity;17,1000003815
1101;17:47:13; Humidity;17,1000003815
1102;17:47:29; Humidity;17,1000003815
1103;17:47:50; Humidity;17,2000007629
1104;17:48:13; Humidity;17,2000007629
1105;17:48:29; Humidity;17,2000007629
1106;17:48:50; Humidity;17,2000007629
1107;17:49:14; Humidity;17,2000007629
1108;17:49:30; Humidity;17,2000007629
1109;17:49:51; Humidity;17,2000007629
1110;17:50:15; Humidity;17,2000007629
1111;17:50:31; Humidity;17,2999992371
1112;17:50:54; Humidity;17,2999992371
1113;17:51:15; Humidity;17,2999992371
1114;17:51:31; Humidity;17,2999992371
1115;17:51:55; Humidity;17,2999992371
1116;17:52:16; Humidity;17,3999996185
1117;17:52:37; Humidity;17,5
1118;17:52:56; Humidity;17,3999996185
1119;17:53:17; Humidity;17,5
1120;17:53:38; Humidity;17,3999996185
1121;17:53:56; Humidity;17,5
1122;17:54:17; Humidity;17,5
1123;17:54:38; Humidity;17,6000003815
1124;17:54:57; Humidity;17,7000007629
1125;17:55:18; Humidity;17,7000007629
1126;17:55:39; Humidity;17,7999992371
1127;17:55:58; Humidity;17,7999992371
1128;17:56:19; Humidity;17,7999992371
1129;17:56:40; Humidity;17,7999992371
1130;17:56:58; Humidity;17,7999992371
1131;17:57:19; Humidity;17,7999992371
1132;17:57:43; Humidity;17,7999992371
1133;17:57:59; Humidity;17,7000007629
1134;17:58:20; Humidity;17,7999992371
1135;17:58:48; Humidity;17,7000007629
1136;17:59:00; Humidity;17,7000007629
1137;17:59:21; Humidity;17,7000007629
1138;17:59:49; Humidity;17,7000007629
1139;18:00:03; Humidity;17,7000007629
1140;18:00:21; Humidity;17,7000007629
1141;18:00:50; Humidity;17,7000007629
1142;18:01:03; Humidity;17,7000007629
1143;18:01:22; Humidity;17,7000007629
1144;18:01:50; Humidity;17,6000003815
1145;18:02:04; Humidity;17,7000007629
1146;18:02:23; Humidity;17,7000007629
1147;18:02:51; Humidity;17,6000003815
1148;18:03:05; Humidity;17,6000003815
1149;18:03:23; Humidity;17,6000003815
1150;18:03:52; Humidity;17,6000003815
1151;18:04:05; Humidity;17,6000003815
1152;18:04:24; Humidity;17,6000003815
1153;18:04:55; Humidity;17,6000003815
1154;18:05:06; Humidity;17,5
1155;18:05:27; Humidity;17,6000003815
1156;18:05:56; Humidity;17,6000003815
1157;18:06:07; Humidity;17,6000003815
1158;18:06:28; Humidity;17,6000003815
1159;18:06:56; Humidity;17,6000003815
1160;18:07:07; Humidity;17,5
1161;18:07:28; Humidity;17,5
1162;18:07:57; Humidity;17,5
1163;18:08:08; Humidity;17,6000003815
1164;18:08:29; Humidity;17,5
1165;18:08:57; Humidity;17,5
1166;18:09:08; Humidity;17,5
1167;18:09:32; Humidity;17,5
1168;18:09:58; Humidity;17,5
1169;18:10:09; Humidity;17,5
1170;18:10:33; Humidity;17,5
1171;18:10:59; Humidity;17,5
1172;18:11:12; Humidity;17,5
1173;18:11:36; Humidity;17,5
1174;18:11:59; Humidity;17,5
1175;18:12:13; Humidity;17,5
1176;18:12:37; Humidity;17,5
1177;18:13:00; Humidity;17,5
1178;18:13:14; Humidity;17,5
1179;18:13:37; Humidity;17,5
1180;18:14:01; Humidity;17,5
1181;18:14:14; Humidity;17,5
1182;18:14:38; Humidity;17,3999996185
1183;18:15:01; Humidity;17,5
1184;18:15:17; Humidity;17,5
1185;18:15:39; Humidity;17,3999996185
1186;18:16:02; Humidity;17,3999996185
1187;18:16:18; Humidity;17,3999996185
1188;18:16:39; Humidity;17,3999996185
1189;18:17:03; Humidity;17,3999996185
1190;18:17:21; Humidity;17,3999996185
1191;18:17:40; Humidity;17,3999996185
1192;18:18:03; Humidity;17,3999996185
1193;18:18:22; Humidity;17,3999996185
1194;18:18:41; Humidity;17,3999996185
1195;18:19:04; Humidity;17,2999992371
1196;18:19:23; Humidity;17,3999996185
1197;18:19:41; Humidity;17,2999992371
1198;18:20:05; Humidity;17,2999992371
1199;18:20:26; Humidity;17,2999992371
1200;18:20:42; Humidity;17,2999992371
1201;18:21:05; Humidity;17,2999992371
1202;18:21:29; Humidity;17,2999992371
1203;18:21:43; Humidity;17,2999992371
1204;18:22:06; Humidity;17,2999992371
1205;18:22:30; Humidity;17,2999992371
1206;18:22:43; Humidity;17,2999992371
1207;18:23:07; Humidity;17,2999992371
1208;18:23:30; Humidity;17,2999992371
1209;18:23:44; Humidity;17,2999992371
1210;18:24:07; Humidity;17,2999992371
1211;18:24:31; Humidity;17,2999992371
1212;18:24:45; Humidity;17,2999992371
1213;18:25:08; Humidity;17,2999992371
1214;18:25:32; Humidity;17,2000007629
1215;18:25:45; Humidity;17,2000007629
1216;18:26:09; Humidity;17,2000007629
1217;18:26:32; Humidity;17,2000007629
1218;18:26:46; Humidity;17,2000007629
1219;18:27:09; Humidity;17,2000007629
1220;18:27:33; Humidity;17,2000007629
1221;18:27:47; Humidity;17,2000007629
1222;18:28:10; Humidity;17,2000007629
1223;18:28:33; Humidity;17,2000007629
1224;18:28:47; Humidity;17,1000003815
1225;18:29:11; Humidity;17,1000003815
1226;18:29:34; Humidity;17,2000007629
1227;18:29:50; Humidity;17,1000003815
1228;18:30:11; Humidity;17,1000003815
1229;18:30:35; Humidity;17,1000003815
1230;18:30:51; Humidity;17,2000007629
1231;18:31:12; Humidity;17,1000003815
1232;18:31:35; Humidity;17,1000003815
1233;18:31:52; Humidity;17,1000003815
1234;18:32:12; Humidity;17,1000003815
1235;18:32:36; Humidity;17,1000003815
1236;18:32:52; Humidity;17,1000003815
1237;18:33:13; Humidity;17,1000003815
1238;18:33:37; Humidity;17,0
1239;18:33:53; Humidity;17,0
1240;18:34:14; Humidity;17,0
1241;18:34:37; Humidity;17,0
1242;18:34:56; Humidity;17,0
1243;18:35:14; Humidity;17,1000003815
1244;18:35:41; Humidity;17,0
1245;18:35:57; Humidity;17,1000003815
1246;18:36:15; Humidity;17,1000003815
1247;18:36:41; Humidity;17,2000007629
1248;18:36:58; Humidity;17,2000007629
1249;18:37:16; Humidity;17,0
1250;18:37:42; Humidity;17,2000007629
1251;18:37:58; Humidity;17,2000007629
1252;18:38:16; Humidity;17,2000007629
1253;18:38:43; Humidity;17,2000007629
1254;18:38:59; Humidity;17,2999992371
1255;18:39:17; Humidity;17,2999992371
1256;18:39:43; Humidity;17,2999992371
1257;18:39:59; Humidity;17,2000007629
1258;18:40:18; Humidity;17,2999992371
1259;18:40:44; Humidity;17,2999992371
1260;18:41:00; Humidity;17,2999992371
1261;18:41:18; Humidity;17,3999996185
1262;18:41:45; Humidity;17,2999992371
1263;18:42:01; Humidity;17,3999996185
1264;18:42:19; Humidity;17,3999996185
1265;18:42:45; Humidity;17,3999996185
1266;18:43:01; Humidity;17,3999996185
1267;18:43:20; Humidity;17,5
1268;18:43:46; Humidity;17,5
1269;18:44:02; Humidity;17,5
1270;18:44:20; Humidity;17,6000003815
1271;18:44:47; Humidity;17,3999996185
1272;18:45:03; Humidity;17,5
1273;18:45:24; Humidity;17,5
1274;18:45:47; Humidity;17,5
1275;18:46:03; Humidity;17,5
1276;18:46:24; Humidity;17,5
1277;18:46:48; Humidity;17,6000003815
1278;18:47:04; Humidity;17,5
1279;18:47:25; Humidity;17,6000003815
1280;18:47:48; Humidity;17,6000003815
1281;18:48:10; Humidity;17,5
1282;18:48:26; Humidity;17,6000003815
1283;18:48:52; Humidity;17,6000003815
1284;18:49:10; Humidity;17,6000003815
1285;18:49:29; Humidity;17,6000003815
1286;18:49:52; Humidity;17,6000003815
1287;18:50:14; Humidity;17,7000007629
1288;18:50:29; Humidity;17,7000007629
1289;18:50:53; Humidity;17,7000007629
1290;18:51:14; Humidity;17,7000007629
1291;18:51:30; Humidity;17,7000007629
1292;18:51:54; Humidity;17,6000003815
1293;18:52:15; Humidity;17,7000007629
1294;18:52:31; Humidity;17,7000007629
1295;18:52:54; Humidity;17,7000007629
1296;18:53:16; Humidity;17,7000007629
1297;18:53:31; Humidity;17,7000007629
1298;18:53:55; Humidity;17,7000007629
1299;18:54:16; Humidity;17,7000007629
1300;18:54:32; Humidity;17,7999992371
1301;18:54:56; Humidity;17,7999992371
1302;18:55:17; Humidity;17,7999992371
1303;18:55:33; Humidity;17,7999992371
1304;18:55:56; Humidity;17,7999992371
1305;18:56:18; Humidity;17,7999992371
1306;18:56:33; Humidity;17,7999992371
1307;18:56:57; Humidity;17,7999992371
1308;18:57:18; Humidity;17,7999992371
1309;18:57:34; Humidity;17,7999992371
1310;18:57:58; Humidity;17,7999992371
1311;18:58:19; Humidity;17,8999996185
1312;18:58:37; Humidity;17,7999992371
1313;18:58:58; Humidity;17,7999992371
1314;18:59:20; Humidity;17,8999996185
1315;18:59:38; Humidity;17,7999992371
1316;18:59:59; Humidity;17,8999996185
1317;19:00:20; Humidity;17,8999996185
1318;19:00:38; Humidity;17,8999996185
1319;19:01:00; Humidity;17,8999996185
1320;19:01:23; Humidity;17,8999996185
1321;19:01:39; Humidity;18,0
1322;19:02:00; Humidity;18,0
1323;19:02:24; Humidity;18,0
1324;19:02:40; Humidity;18,0
1325;19:03:01; Humidity;17,8999996185
1326;19:03:25; Humidity;17,8999996185
1327;19:03:45; Humidity;18,0
1328;19:04:04; Humidity;18,0
1329;19:04:25; Humidity;18,0
1330;19:04:46; Humidity;18,0
1331;19:05:05; Humidity;18,0
1332;19:05:26; Humidity;18,1000003815
1333;19:05:47; Humidity;18,1000003815
1334;19:06:08; Humidity;18,0
1335;19:06:27; Humidity;18,1000003815
1336;19:06:47; Humidity;18,1000003815
1337;19:07:09; Humidity;18,0
1338;19:07:27; Humidity;18,1000003815
1339;19:07:48; Humidity;18,1000003815
1340;19:08:09; Humidity;18,1000003815
1341;19:08:28; Humidity;18,2000007629
1342;19:08:49; Humidity;18,2000007629
1343;19:09:10; Humidity;18,2000007629
1344;19:09:29; Humidity;18,2000007629
1345;19:09:49; Humidity;18,2000007629
1346;19:10:11; Humidity;18,2000007629
1347;19:10:29; Humidity;18,2000007629
1348;19:10:50; Humidity;18,2000007629
1349;19:11:11; Humidity;18,2000007629
1350;19:11:30; Humidity;18,2000007629
1351;19:11:51; Humidity;18,2000007629
1352;19:12:12; Humidity;18,2000007629
1353;19:12:31; Humidity;18,2999992371
1354;19:12:51; Humidity;18,2999992371
1355;19:13:12; Humidity;18,2999992371
1356;19:13:31; Humidity;18,2999992371
1357;19:13:55; Humidity;18,3999996185
1358;19:14:16; Humidity;18,3999996185
1359;19:14:32; Humidity;18,2999992371
1360;19:14:55; Humidity;18,2999992371
1361;19:15:16; Humidity;18,2999992371
1362;19:15:33; Humidity;18,2999992371
1363;19:15:56; Humidity;18,2999992371
1364;19:16:27; Humidity;18,2999992371
1365;19:16:33; Humidity;18,2999992371
1366;19:16:57; Humidity;18,2999992371
1367;19:17:30; Humidity;18,3999996185
1368;19:17:34; Humidity;18,3999996185
1369;19:17:57; Humidity;18,3999996185
1370;19:18:31; Humidity;18,3999996185
1371;19:18:35; Humidity;18,5
1372;19:19:03; Humidity;18,3999996185
1373;19:19:31; Humidity;18,3999996185
1374;19:19:35; Humidity;18,3999996185
1375;19:20:04; Humidity;18,5
1376;19:20:32; Humidity;18,5
1377;19:20:36; Humidity;18,5
1378;19:21:04; Humidity;18,5
1379;19:21:33; Humidity;18,5
1380;19:21:37; Humidity;18,5
1381;19:22:05; Humidity;18,5
1382;19:22:33; Humidity;18,6000003815
1383;19:22:37; Humidity;18,6000003815
1384;19:23:08; Humidity;18,6000003815
1385;19:23:34; Humidity;18,6000003815
1386;19:23:38; Humidity;18,6000003815
1387;19:24:09; Humidity;18,6000003815
1388;19:24:35; Humidity;18,6000003815
1389;19:24:39; Humidity;18,6000003815
1390;19:25:09; Humidity;18,6000003815
1391;19:25:35; Humidity;18,6000003815
1392;19:25:39; Humidity;18,6000003815
1393;19:26:10; Humidity;18,6000003815
1394;19:26:36; Humidity;18,7000007629
1395;19:26:40; Humidity;18,6000003815
1396;19:27:11; Humidity;18,6000003815
1397;19:27:37; Humidity;18,6000003815
1398;19:27:40; Humidity;18,7000007629
1399;19:28:11; Humidity;18,7000007629
1400;19:28:37; Humidity;18,7000007629
1401;19:28:41; Humidity;18,7999992371
1402;19:29:12; Humidity;18,7999992371
1403;19:29:38; Humidity;18,7999992371
1404;19:29:42; Humidity;18,7000007629
1405;19:30:13; Humidity;18,7000007629
1406;19:30:39; Humidity;18,7999992371
1407;19:30:42; Humidity;18,7999992371
1408;19:31:16; Humidity;18,7999992371
1409;19:31:42; Humidity;18,7999992371
1410;19:31:46; Humidity;18,7999992371
1411;19:32:17; Humidity;18,7999992371
1412;19:32:43; Humidity;18,7999992371
1413;19:32:46; Humidity;18,8999996185
1414;19:33:20; Humidity;18,8999996185
1415;19:33:43; Humidity;18,7999992371
1416;19:33:47; Humidity;18,8999996185
1417;19:34:20; Humidity;18,7999992371
1418;19:34:44; Humidity;18,7999992371
1419;19:34:47; Humidity;18,8999996185
1420;19:35:21; Humidity;18,8999996185
1421;19:35:45; Humidity;18,8999996185
1422;19:35:48; Humidity;18,8999996185
1423;19:36:22; Humidity;18,8999996185
1424;19:36:48; Humidity;19,0
1425;19:36:49; Humidity;19,0
1426;19:37:22; Humidity;19,0
1427;19:37:48; Humidity;19,0
1428;19:37:49; Humidity;19,0
1429;19:38:23; Humidity;18,8999996185
1430;19:38:49; Humidity;19,1000003815
1431;19:38:50; Humidity;19,0
1432;19:39:24; Humidity;19,0
1433;19:39:50; Humidity;19,0
1434;19:39:51; Humidity;19,0
1435;19:40:24; Humidity;19,1000003815
1436;19:40:50; Humidity;19,0
1437;19:40:51; Humidity;19,1000003815
1438;19:41:25; Humidity;19,1000003815
1439;19:41:51; Humidity;19,1000003815
1440;19:41:52; Humidity;19,1000003815
1441;19:42:26; Humidity;19,1000003815
1442;19:42:52; Humidity;19,1000003815
1443;19:42:53; Humidity;19,1000003815
1444;19:43:26; Humidity;19,1000003815
1445;19:43:52; Humidity;19,1000003815
1446;19:43:53; Humidity;19,1000003815
1447;19:44:27; Humidity;19,1000003815
1448;19:44:53; Humidity;19,2000007629
1449;19:44:54; Humidity;19,2000007629
1450;19:45:28; Humidity;19,2000007629
1451;19:45:54; Humidity;19,2000007629
1452;19:45:55; Humidity;19,2000007629
1453;19:46:28; Humidity;19,1000003815
1454;19:46:54; Humidity;19,1000003815
1455;19:46:55; Humidity;19,2000007629
1456;19:47:29; Humidity;19,2000007629
1457;19:47:56; Humidity;19,2000007629
1458;19:48:00; Humidity;19,2999992371
1459;19:48:30; Humidity;19,2000007629
1460;19:48:59; Humidity;19,2999992371
1461;19:49:01; Humidity;19,2999992371
1462;19:49:30; Humidity;19,2999992371
1463;19:50:01; Humidity;19,2000007629
1464;19:50:02; Humidity;19,2000007629
1465;19:50:31; Humidity;19,2000007629
1466;19:51:02; Humidity;19,2999992371
1467;19:51:03; Humidity;19,2999992371
1468;19:51:32; Humidity;19,2999992371
1469;19:52:03; Humidity;19,2999992371
1470;19:52:04; Humidity;19,2999992371
1471;19:52:32; Humidity;19,3999996185
1472;19:53:03; Humidity;19,2999992371
1473;19:53:04; Humidity;19,3999996185
1474;19:53:33; Humidity;19,3999996185
1475;19:54:04; Humidity;19,3999996185
1476;19:54:08; Humidity;19,3999996185
1477;19:54:34; Humidity;19,3999996185
1478;19:55:05; Humidity;19,3999996185
1479;19:55:08; Humidity;19,5
1480;19:55:34; Humidity;19,3999996185
1481;19:56:05; Humidity;19,3999996185
1482;19:56:11; Humidity;19,3999996185
1483;19:56:35; Humidity;19,3999996185
1484;19:57:06; Humidity;19,5
1485;19:57:15; Humidity;19,3999996185
1486;19:57:36; Humidity;19,5
1487;19:58:07; Humidity;19,5
1488;19:58:15; Humidity;19,3999996185
1489;19:58:36; Humidity;19,3999996185
1490;19:59:07; Humidity;19,5
1491;19:59:16; Humidity;19,3999996185
1492;19:59:37; Humidity;19,5
1493;20:00:08; Humidity;19,6000003815
1494;20:00:16; Humidity;19,5
1495;20:00:38; Humidity;19,5
1496;20:01:09; Humidity;19,5
1497;20:01:17; Humidity;19,5
1498;20:01:38; Humidity;19,5
1499;20:02:09; Humidity;19,5
1500;20:02:18; Humidity;19,5
1501;20:02:39; Humidity;19,5
1502;20:03:10; Humidity;19,5
1503;20:03:18; Humidity;19,5
1504;20:03:40; Humidity;19,5
1505;20:04:10; Humidity;19,5
1506;20:04:19; Humidity;19,6000003815
1507;20:04:40; Humidity;19,6000003815
1508;20:05:11; Humidity;19,6000003815
1509;20:05:20; Humidity;19,6000003815
1510;20:05:41; Humidity;19,6000003815
1511;20:06:12; Humidity;19,5
1512;20:06:20; Humidity;19,6000003815
1513;20:06:42; Humidity;19,6000003815
1514;20:07:12; Humidity;19,6000003815
1515;20:07:21; Humidity;19,6000003815
1516;20:07:42; Humidity;19,6000003815
1517;20:08:13; Humidity;19,6000003815
1518;20:08:22; Humidity;19,6000003815
1519;20:08:43; Humidity;19,6000003815
1520;20:09:14; Humidity;19,6000003815
1521;20:09:25; Humidity;19,6000003815
1522;20:09:44; Humidity;19,6000003815
1523;20:10:14; Humidity;19,7000007629
1524;20:10:25; Humidity;19,7000007629
1525;20:10:44; Humidity;19,6000003815
1526;20:11:15; Humidity;19,7000007629
1527;20:11:29; Humidity;19,7999992371
1528;20:11:47; Humidity;19,7000007629
1529;20:12:16; Humidity;19,7000007629
1530;20:12:29; Humidity;19,7000007629
1531;20:12:48; Humidity;19,7000007629
1532;20:13:16; Humidity;19,7000007629
1533;20:13:30; Humidity;19,7000007629
1534;20:13:49; Humidity;19,7999992371
1535;20:14:17; Humidity;19,7999992371
1536;20:14:31; Humidity;19,7000007629
1537;20:14:49; Humidity;19,7000007629
1538;20:15:18; Humidity;19,7000007629
1539;20:15:31; Humidity;19,7000007629
1540;20:15:50; Humidity;19,7999992371
1541;20:16:18; Humidity;19,7999992371
1542;20:16:32; Humidity;19,7999992371
1543;20:16:51; Humidity;19,7999992371
1544;20:17:19; Humidity;19,7999992371
1545;20:17:33; Humidity;19,7999992371
1546;20:17:51; Humidity;19,8999996185
1547;20:18:20; Humidity;19,7999992371
1548;20:18:36; Humidity;19,7999992371
1549;20:18:52; Humidity;19,7999992371
1550;20:19:20; Humidity;19,7999992371
1551;20:19:36; Humidity;19,8999996185
1552;20:19:53; Humidity;19,8999996185
1553;20:20:21; Humidity;19,8999996185
1554;20:20:37; Humidity;19,8999996185
1555;20:20:53; Humidity;19,8999996185
1556;20:21:22; Humidity;19,8999996185
1557;20:21:38; Humidity;19,8999996185
1558;20:21:54; Humidity;19,7999992371
1559;20:22:22; Humidity;19,7999992371
1560;20:22:38; Humidity;19,8999996185
1561;20:22:57; Humidity;19,8999996185
1562;20:23:23; Humidity;19,8999996185
1563;20:23:39; Humidity;19,8999996185
1564;20:24:00; Humidity;19,8999996185
1565;20:24:24; Humidity;19,8999996185
1566;20:24:42; Humidity;19,8999996185
1567;20:25:01; Humidity;19,8999996185
1568;20:25:24; Humidity;19,8999996185
1569;20:25:43; Humidity;19,8999996185
1570;20:26:04; Humidity;20,0
1571;20:26:25; Humidity;20,0
1572;20:26:44; Humidity;19,8999996185
1573;20:27:05; Humidity;20,0
1574;20:27:31; Humidity;20,0
1575;20:27:44; Humidity;20,0
1576;20:28:05; Humidity;20,0
1577;20:28:31; Humidity;20,0
1578;20:28:45; Humidity;20,0
1579;20:29:06; Humidity;20,0
1580;20:29:32; Humidity;20,0
1581;20:29:46; Humidity;20,0
1582;20:30:07; Humidity;20,0
1583;20:30:38; Humidity;20,0
1584;20:30:46; Humidity;20,0
1585;20:31:10; Humidity;20,0
1586;20:31:38; Humidity;20,0
1587;20:31:47; Humidity;20,1000003815
1588;20:32:11; Humidity;20,1000003815
1589;20:32:39; Humidity;20,1000003815
1590;20:32:47; Humidity;20,1000003815
1591;20:33:11; Humidity;20,1000003815
1592;20:33:40; Humidity;20,1000003815
1593;20:33:48; Humidity;20,1000003815
1594;20:34:12; Humidity;20,0
1595;20:34:40; Humidity;20,1000003815
1596;20:34:49; Humidity;20,2000007629
1597;20:35:13; Humidity;20,1000003815
1598;20:35:41; Humidity;20,1000003815
1599;20:35:49; Humidity;20,1000003815
1600;20:36:13; Humidity;20,2000007629
1601;20:36:41; Humidity;20,2000007629
1602;20:36:53; Humidity;20,2000007629
1603;20:37:14; Humidity;20,2000007629
1604;20:37:42; Humidity;20,2000007629
1605;20:37:53; Humidity;20,1000003815
1606;20:38:15; Humidity;20,2000007629
1607;20:38:45; Humidity;20,2000007629
1608;20:38:54; Humidity;20,2000007629
1609;20:39:18; Humidity;20,2999992371
1610;20:39:46; Humidity;20,2000007629
1611;20:39:55; Humidity;20,2999992371
1612;20:40:18; Humidity;20,2999992371
1613;20:40:47; Humidity;20,2999992371
1614;20:40:55; Humidity;20,2999992371
1615;20:41:22; Humidity;20,2999992371
1616;20:41:50; Humidity;20,2999992371
1617;20:41:56; Humidity;20,2999992371
1618;20:42:22; Humidity;20,2999992371
1619;20:42:53; Humidity;20,2999992371
1620;20:42:57; Humidity;20,2999992371
1621;20:43:23; Humidity;20,2999992371
1622;20:43:54; Humidity;20,2999992371
1623;20:43:57; Humidity;20,2999992371
1624;20:44:23; Humidity;20,3999996185
1625;20:44:57; Humidity;20,3999996185
1626;20:44:58; Humidity;20,3999996185
1627;20:45:24; Humidity;20,3999996185
1628;20:45:57; Humidity;20,3999996185
1629;20:45:58; Humidity;20,3999996185
1630;20:46:25; Humidity;20,3999996185
1631;20:46:58; Humidity;20,3999996185
1632;20:46:59; Humidity;20,3999996185
1633;20:47:25; Humidity;20,3999996185
1634;20:47:59; Humidity;20,5
1635;20:48:00; Humidity;20,5
1636;20:48:26; Humidity;20,5
1637;20:48:59; Humidity;20,5
1638;20:49:00; Humidity;20,5
1639;20:49:27; Humidity;20,5
